location,date,weekly_hosp_admissions_per_million
bel,20200315,132.264
bel,20200322,130.094
bel,20200329,303.668
bel,20200405,309.917
bel,20200412,245.608
bel,20200419,167.065
bel,20200426,123.238
bel,20200503,78.976
bel,20200510,57.627
bel,20200517,38.447
bel,20200524,32.545
bel,20200531,22.131
bel,20200607,17.184
bel,20200614,12.758
bel,20200621,11.282
bel,20200628,9.026
bel,20200705,7.117
bel,20200712,6.162
bel,20200719,9.286
bel,20200726,13.278
bel,20200802,18.312
bel,20200809,19.614
bel,20200816,24.214
bel,20200823,17.357
bel,20200830,9.72
bel,20200906,12.15
bel,20200913,19.787
bel,20200920,29.942
bel,20200927,41.918
bel,20201004,51.118
bel,20201011,81.32
bel,20201018,160.469
bel,20201025,296.378
bel,20201101,410.677
bel,20201108,373.185
bel,20201115,289.175
bel,20201122,189.63
bel,20201129,144.587
bel,20201206,118.117
bel,20201213,113.691
bel,20201220,112.042
bel,20201227,100.933
bel,20210103,57.453
bel,20210110,80.105
bel,20210117,72.901
bel,20210124,86.006
bel,20210131,72.641
bel,20210207,80.538
bel,20210214,72.381
bel,20210221,72.641
bel,20210228,91.04
bel,20210307,88.61
bel,20210314,98.243
bel,20210321,120.027
bel,20210328,146.931
bel,20210404,159.949
bel,20210411,154.481
bel,20210418,142.591
bel,20210425,138.859
bel,20210502,117.163
bel,20210509,98.851
bel,20210516,83.923
bel,20210523,72.033
bel,20210530,53.027
bel,20210606,43.394
bel,20210613,29.942
bel,20210620,20.395
bel,20210627,13.973
bel,20210704,9.46
bel,20210711,10.241
bel,20210718,14.667
bel,20210725,17.444
bel,20210801,21.784
bel,20210808,26.297
bel,20210815,33.326
bel,20210822,35.756
bel,20210829,36.537
bel,20210905,41.918
bel,20210912,36.971
bel,20210919,37.318
bel,20210926,30.809
bel,20211003,36.971
bel,20211010,33.934
bel,20211017,42.092
bel,20211024,66.305
bel,20211031,91.3
bel,20211107,107.009
bel,20211114,139.467
bel,20211121,167.586
bel,20211128,189.022
bel,20211205,188.675
bel,20211212,165.85
hrv,20200426,25.135
hrv,20200503,5.914
hrv,20200510,9.857
hrv,20200517,3.696
hrv,20200524,3.696
hrv,20200531,0.246
hrv,20200607,0.0
hrv,20200614,0.739
hrv,20200621,1.479
hrv,20200628,14.046
hrv,20200705,16.51
hrv,20200712,23.41
hrv,20200719,24.642
hrv,20200726,20.206
hrv,20200802,18.728
hrv,20200809,15.771
hrv,20200816,17.249
hrv,20200823,24.149
hrv,20200830,46.573
hrv,20200906,57.662
hrv,20200913,53.965
hrv,20200920,42.137
hrv,20200927,50.515
hrv,20201004,57.169
hrv,20201011,83.535
hrv,20201018,128.876
hrv,20201025,202.308
hrv,20201101,267.116
hrv,20201108,320.342
hrv,20201115,373.321
hrv,20201122,395.992
hrv,20201129,444.289
hrv,20201206,540.146
hrv,20201213,575.137
hrv,20201220,533.985
hrv,20201227,415.212
hrv,20210103,374.554
hrv,20210110,296.439
hrv,20210117,239.517
hrv,20210124,202.062
hrv,20210131,176.188
hrv,20210207,159.185
hrv,20210214,115.077
hrv,20210221,114.83
hrv,20210228,114.337
hrv,20210307,127.644
hrv,20210314,149.329
hrv,20210321,174.71
hrv,20210328,230.646
hrv,20210404,309.253
hrv,20210411,373.321
hrv,20210418,398.702
hrv,20210425,423.098
hrv,20210502,378.989
hrv,20210509,306.789
hrv,20210516,244.445
hrv,20210523,156.228
hrv,20210530,113.105
hrv,20210606,66.04
hrv,20210613,50.515
hrv,20210620,39.18
hrv,20210627,23.163
hrv,20210704,20.945
hrv,20210711,19.713
hrv,20210718,21.685
hrv,20210725,22.917
hrv,20210801,31.049
hrv,20210808,35.977
hrv,20210815,43.123
hrv,20210822,59.386
hrv,20210829,83.289
hrv,20210905,99.552
hrv,20210912,108.177
hrv,20210919,126.905
hrv,20210926,124.933
hrv,20211003,138.24
hrv,20211010,152.778
hrv,20211017,161.403
hrv,20211024,199.844
hrv,20211031,275.987
hrv,20211107,397.224
hrv,20211114,412.995
hrv,20211121,461.785
hrv,20211128,424.083
hrv,20211205,368.393
cyp,20200308,1.126
cyp,20200315,9.009
cyp,20200322,25.901
cyp,20200329,59.684
cyp,20200405,41.666
cyp,20200412,22.522
cyp,20200419,12.387
cyp,20200426,6.757
cyp,20200503,6.757
cyp,20200510,6.757
cyp,20200517,1.126
cyp,20200524,1.126
cyp,20200531,1.126
cyp,20200607,1.126
cyp,20200614,1.126
cyp,20200621,1.126
cyp,20200628,2.252
cyp,20200719,1.126
cyp,20200726,1.126
cyp,20200802,9.009
cyp,20200809,4.504
cyp,20200816,2.252
cyp,20200823,4.504
cyp,20200830,5.631
cyp,20200906,1.126
cyp,20200913,2.252
cyp,20200920,6.757
cyp,20200927,16.892
cyp,20201004,4.504
cyp,20201011,7.883
cyp,20201018,32.657
cyp,20201025,37.162
cyp,20201101,45.045
cyp,20201108,72.072
cyp,20201115,67.567
cyp,20201122,81.081
cyp,20201129,93.468
cyp,20201206,85.585
cyp,20201213,88.963
cyp,20201220,118.243
cyp,20201227,114.864
cyp,20210103,139.639
cyp,20210110,154.278
cyp,20210117,131.756
cyp,20210124,106.981
cyp,20210131,78.828
cyp,20210207,78.828
cyp,20210214,60.81
cyp,20210221,74.324
cyp,20210228,67.567
cyp,20210307,120.495
cyp,20210314,199.323
cyp,20210321,188.062
cyp,20210328,164.413
cyp,20210404,170.044
cyp,20210411,198.197
cyp,20210418,229.728
cyp,20210425,280.404
cyp,20210502,254.503
cyp,20210509,209.458
cyp,20210516,124.999
cyp,20210523,75.45
cyp,20210530,39.414
cyp,20210606,24.775
cyp,20210613,22.522
cyp,20210620,39.414
cyp,20210627,37.162
cyp,20210704,86.711
cyp,20210711,147.522
cyp,20210718,226.35
cyp,20210725,263.512
cyp,20210801,260.134
cyp,20210808,228.602
cyp,20210815,166.666
cyp,20210822,140.765
cyp,20210829,103.603
cyp,20210905,103.603
cyp,20210912,82.207
cyp,20210919,61.937
cyp,20210926,45.045
cyp,20211003,36.036
cyp,20211010,32.657
cyp,20211017,39.414
cyp,20211024,39.414
cyp,20211031,47.297
cyp,20211107,43.919
cyp,20211114,66.441
cyp,20211121,76.576
cyp,20211128,83.333
cyp,20211205,91.216
cyp,20211212,106.981
cze,20200106,0.0
cze,20200118,0.0
cze,20200212,0.0
cze,20200301,0.0
cze,20200308,0.0
cze,20200315,0.748
cze,20200322,11.221
cze,20200329,32.729
cze,20200405,48.345
cze,20200412,54.143
cze,20200419,48.158
cze,20200426,44.605
cze,20200503,34.693
cze,20200510,26.557
cze,20200517,18.141
cze,20200524,13.653
cze,20200531,11.221
cze,20200607,9.351
cze,20200614,8.509
cze,20200621,10.66
cze,20200628,10.006
cze,20200705,9.912
cze,20200712,10.006
cze,20200719,10.193
cze,20200726,12.25
cze,20200802,15.897
cze,20200809,16.458
cze,20200816,17.861
cze,20200823,18.983
cze,20200830,21.695
cze,20200906,30.298
cze,20200913,46.475
cze,20200920,78.923
cze,20200927,127.081
cze,20201004,184.123
cze,20201011,316.441
cze,20201018,525.625
cze,20201025,842.159
cze,20201101,1099.127
cze,20201108,1199.558
cze,20201115,1082.576
cze,20201122,881.527
cze,20201129,776.047
cze,20201206,691.046
cze,20201213,677.861
cze,20201220,714.236
cze,20201227,768.66
cze,20210103,956.056
cze,20210110,1139.243
cze,20210117,1076.498
cze,20210124,987.569
cze,20210131,911.451
cze,20210207,901.445
cze,20210214,926.132
cze,20210221,1004.401
cze,20210228,1140.553
cze,20210307,1286.056
cze,20210314,1365.54
cze,20210321,1337.674
cze,20210328,1232.474
cze,20210404,1089.963
cze,20210411,894.058
cze,20210418,711.431
cze,20210425,558.073
cze,20210502,436.415
cze,20210509,341.782
cze,20210516,250.516
cze,20210523,171.218
cze,20210530,110.249
cze,20210606,67.047
cze,20210613,37.404
cze,20210620,21.975
cze,20210627,11.969
cze,20210704,8.884
cze,20210711,5.891
cze,20210718,5.891
cze,20210725,8.135
cze,20210801,9.351
cze,20210808,9.445
cze,20210815,10.193
cze,20210822,11.595
cze,20210829,11.408
cze,20210905,11.876
cze,20210912,17.019
cze,20210919,25.809
cze,20210926,28.895
cze,20211003,37.498
cze,20211010,51.899
cze,20211017,76.866
cze,20211024,138.209
cze,20211031,236.957
cze,20211107,395.084
cze,20211114,584.911
cze,20211121,779.6
cze,20211128,946.237
cze,20211205,1025.815
cze,20211212,970.737
dnk,20200308,1.546
dnk,20200315,23.185
dnk,20200322,56.502
dnk,20200329,96.689
dnk,20200405,55.987
dnk,20200412,47.915
dnk,20200419,33.833
dnk,20200426,36.065
dnk,20200503,23.528
dnk,20200510,16.315
dnk,20200517,10.991
dnk,20200524,11.163
dnk,20200531,8.93
dnk,20200607,5.839
dnk,20200614,4.637
dnk,20200621,4.637
dnk,20200628,5.152
dnk,20200705,3.778
dnk,20200712,2.92
dnk,20200719,3.091
dnk,20200726,3.263
dnk,20200802,3.778
dnk,20200809,5.496
dnk,20200816,3.435
dnk,20200823,4.809
dnk,20200830,3.778
dnk,20200906,4.98
dnk,20200913,10.133
dnk,20200920,15.113
dnk,20200927,21.467
dnk,20201004,20.094
dnk,20201011,17.861
dnk,20201018,20.952
dnk,20201025,24.559
dnk,20201101,33.661
dnk,20201108,42.935
dnk,20201115,47.915
dnk,20201122,47.228
dnk,20201129,45.339
dnk,20201206,54.442
dnk,20201213,82.435
dnk,20201220,140.998
dnk,20201227,162.638
dnk,20210103,171.568
dnk,20210110,151.99
dnk,20210117,121.935
dnk,20210124,104.59
dnk,20210131,65.433
dnk,20210207,43.107
dnk,20210214,35.894
dnk,20210221,27.65
dnk,20210228,32.631
dnk,20210307,34.176
dnk,20210314,30.741
dnk,20210321,28.509
dnk,20210328,36.237
dnk,20210404,38.298
dnk,20210411,35.378
dnk,20210418,32.459
dnk,20210425,32.631
dnk,20210502,30.054
dnk,20210509,25.074
dnk,20210516,39.328
dnk,20210523,27.822
dnk,20210530,28.852
dnk,20210606,25.417
dnk,20210613,18.204
dnk,20210620,12.022
dnk,20210627,9.274
dnk,20210704,6.183
dnk,20210711,6.526
dnk,20210718,12.709
dnk,20210725,13.052
dnk,20210801,15.113
dnk,20210808,15.972
dnk,20210815,23.7
dnk,20210822,32.459
dnk,20210829,30.57
dnk,20210905,31.257
dnk,20210912,25.417
dnk,20210919,15.285
dnk,20210926,13.911
dnk,20211003,15.8
dnk,20211010,15.457
dnk,20211017,21.296
dnk,20211024,32.287
dnk,20211031,45.683
dnk,20211107,53.926
dnk,20211114,66.807
dnk,20211121,75.05
dnk,20211128,83.809
dnk,20211205,89.305
dnk,20211212,89.133
est,20200308,0.0
est,20200315,5.267
est,20200322,30.851
est,20200329,59.444
est,20200405,69.226
est,20200412,49.662
est,20200419,27.089
est,20200426,18.059
est,20200503,16.554
est,20200510,5.267
est,20200517,12.039
est,20200524,12.792
est,20200531,5.267
est,20200607,4.515
est,20200614,6.02
est,20200621,3.01
est,20200628,1.505
est,20200705,0.752
est,20200712,1.505
est,20200719,0.0
est,20200726,0.0
est,20200802,4.515
est,20200809,2.257
est,20200816,1.505
est,20200823,6.02
est,20200830,4.515
est,20200906,3.762
est,20200913,12.039
est,20200920,18.059
est,20200927,21.821
est,20201004,20.316
est,20201011,9.782
est,20201018,18.059
est,20201025,17.307
est,20201101,21.821
est,20201108,43.643
est,20201115,57.939
est,20201122,104.592
est,20201129,127.166
est,20201206,134.69
est,20201213,148.234
est,20201220,176.075
est,20201227,209.936
est,20210103,182.848
est,20210110,205.421
est,20210117,219.718
est,20210124,209.184
est,20210131,227.243
est,20210207,211.441
est,20210214,237.777
est,20210221,247.559
est,20210228,315.28
est,20210307,398.051
est,20210314,399.556
est,20210321,405.575
est,20210328,416.11
est,20210404,355.913
est,20210411,262.608
est,20210418,208.431
est,20210425,184.352
est,20210502,153.502
est,20210509,128.67
est,20210516,118.889
est,20210523,82.018
est,20210530,51.92
est,20210606,33.108
est,20210613,32.356
est,20210620,24.831
est,20210627,13.544
est,20210704,15.802
est,20210711,12.792
est,20210718,9.03
est,20210725,25.584
est,20210801,30.098
est,20210808,39.128
est,20210815,54.177
est,20210822,54.93
est,20210829,85.028
est,20210905,78.256
est,20210912,95.562
est,20210919,106.849
est,20210926,113.621
est,20211003,148.987
est,20211010,185.105
est,20211017,253.579
est,20211024,322.805
est,20211031,337.102
est,20211107,308.508
est,20211114,243.797
est,20211121,175.323
est,20211128,148.234
est,20211205,101.582
est,20211212,160.274
fra,20200329,296.473
fra,20200405,351.665
fra,20200412,281.998
fra,20200419,182.671
fra,20200426,136.226
fra,20200503,86.865
fra,20200510,63.125
fra,20200517,47.629
fra,20200524,32.576
fra,20200531,25.724
fra,20200607,17.11
fra,20200614,12.196
fra,20200621,11.293
fra,20200628,9.857
fra,20200705,9.561
fra,20200712,8.969
fra,20200719,8.94
fra,20200726,11.086
fra,20200802,11.515
fra,20200809,11.574
fra,20200816,14.919
fra,20200823,16.029
fra,20200830,19.789
fra,20200906,25.22
fra,20200913,36.469
fra,20200920,57.634
fra,20200927,62.222
fra,20201004,63.11
fra,20201011,75.247
fra,20201018,111.449
fra,20201025,180.199
fra,20201101,258.273
fra,20201108,295.126
fra,20201115,257.74
fra,20201122,201.63
fra,20201129,139.156
fra,20201206,126.961
fra,20201213,129.27
fra,20201220,130.276
fra,20201227,115.327
fra,20210103,111.671
fra,20210110,133.295
fra,20210117,144.44
fra,20210124,167.011
fra,20210131,166.553
fra,20210207,165.887
fra,20210214,149.606
fra,20210221,140.637
fra,20210228,144.573
fra,20210307,140.192
fra,20210314,147.016
fra,20210321,163.696
fra,20210328,189.597
fra,20210404,206.737
fra,20210411,207.787
fra,20210418,198.818
fra,20210425,186.844
fra,20210502,162.053
fra,20210509,121.47
fra,20210516,84.009
fra,20210523,69.637
fra,20210530,48.813
fra,20210606,42.967
fra,20210613,31.052
fra,20210620,20.307
fra,20210627,14.431
fra,20210704,12.063
fra,20210711,11.796
fra,20210718,18.19
fra,20210725,27.589
fra,20210801,52.898
fra,20210808,71.517
fra,20210815,78.222
fra,20210822,92.815
fra,20210829,79.865
fra,20210905,64.102
fra,20210912,53.061
fra,20210919,38.245
fra,20210926,31.363
fra,20211003,23.237
fra,20211010,20.81
fra,20211017,19.241
fra,20211024,22.926
fra,20211031,25.206
fra,20211107,28.477
fra,20211114,32.887
fra,20211121,49.064
fra,20211128,67.018
fra,20211205,94.547
fra,20211212,121.055
deu,20200301,0.286
deu,20200308,1.776
deu,20200315,5.363
deu,20200322,24.04
deu,20200329,57.95
deu,20200405,74.314
deu,20200412,57.163
deu,20200419,41.776
deu,20200426,28.486
deu,20200503,16.794
deu,20200510,13.015
deu,20200517,9.273
deu,20200524,6.174
deu,20200531,5.209
deu,20200607,3.671
deu,20200614,3.278
deu,20200621,3.969
deu,20200628,3.683
deu,20200705,3.135
deu,20200712,3.051
deu,20200719,3.719
deu,20200726,4.124
deu,20200802,4.35
deu,20200809,4.982
deu,20200816,5.197
deu,20200823,5.352
deu,20200830,4.41
deu,20200906,4.779
deu,20200913,5.459
deu,20200920,8.153
deu,20200927,9.225
deu,20201004,10.512
deu,20201011,18.677
deu,20201018,26.984
deu,20201025,47.592
deu,20201101,69.654
deu,20201108,82.216
deu,20201115,90.965
deu,20201122,96.662
deu,20201129,100.226
deu,20201206,108.951
deu,20201213,133.313
deu,20201220,150.13
deu,20201227,130.75
deu,20210103,132.764
deu,20210110,138.319
deu,20210117,119.153
deu,20210124,108.08
deu,20210131,91.287
deu,20210207,78.653
deu,20210214,62.133
deu,20210221,62.085
deu,20210228,58.414
deu,20210307,53.218
deu,20210314,57.401
deu,20210321,68.105
deu,20210328,81.418
deu,20210404,82.562
deu,20210411,89.785
deu,20210418,93.635
deu,20210425,96.305
deu,20210502,81.489
deu,20210509,67.103
deu,20210516,48.891
deu,20210523,35.602
deu,20210530,20.763
deu,20210606,13.969
deu,20210613,10.036
deu,20210620,6.508
deu,20210627,4.434
deu,20210704,3.778
deu,20210711,4.315
deu,20210718,4.684
deu,20210725,7.068
deu,20210801,8.975
deu,20210808,11.943
deu,20210815,18.903
deu,20210822,27.247
deu,20210829,37.676
deu,20210905,38.665
deu,20210912,39.07
deu,20210919,33.564
deu,20210926,29.201
deu,20211003,30.131
deu,20211010,30.489
deu,20211017,35.363
deu,20211024,54.982
deu,20211031,67.687
deu,20211107,80.107
deu,20211114,97.973
deu,20211121,115.017
deu,20211128,119.26
deu,20211205,107.83
deu,20211212,85.733
grc,20200906,19.499
grc,20200913,24.257
grc,20200920,31.907
grc,20200927,31.254
grc,20201004,37.132
grc,20201011,34.52
grc,20201018,39.091
grc,20201025,55.045
grc,20201101,89.098
grc,20201108,160.189
grc,20201115,257.404
grc,20201122,297.614
grc,20201129,267.76
grc,20201206,224.47
grc,20201213,180.341
grc,20201220,141.997
grc,20201227,95.069
grc,20210103,93.296
grc,20210110,79.861
grc,20210117,86.859
grc,20210124,67.546
grc,20210131,86.859
grc,20210207,114.194
grc,20210214,134.346
grc,20210221,142.463
grc,20210228,186.499
grc,20210307,239.957
grc,20210314,295.655
grc,20210321,308.53
grc,20210328,291.923
grc,20210404,324.204
grc,20210411,349.86
grc,20210418,334.466
grc,20210425,308.437
grc,20210502,281.568
grc,20210509,246.488
grc,20210516,204.598
grc,20210523,176.33
grc,20210530,132.854
grc,20210606,103.652
grc,20210613,68.946
grc,20210620,42.263
grc,20210627,32.001
grc,20210704,25.003
grc,20210711,40.957
grc,20210718,75.29
grc,20210725,104.025
grc,20210801,112.982
grc,20210808,128.189
grc,20210815,152.352
grc,20210822,170.732
grc,20210829,172.411
grc,20210905,151.233
grc,20210912,135.839
grc,20210919,124.457
grc,20210926,124.457
grc,20211003,105.518
grc,20211010,121.471
grc,20211017,133.133
grc,20211024,147.968
grc,20211031,180.994
grc,20211107,235.013
grc,20211114,268.04
grc,20211121,296.775
grc,20211128,310.023
grc,20211205,283.527
grc,20211212,256.751
isl,20201004,43.94
isl,20201011,63.164
isl,20201018,46.686
isl,20201025,145.551
isl,20201101,74.149
isl,20201108,60.417
isl,20201115,27.462
isl,20201122,10.985
isl,20201129,10.985
isl,20201206,2.746
isl,20201213,2.746
isl,20201220,8.239
isl,20210103,0.0
isl,20210110,0.0
isl,20210117,2.746
isl,20210124,10.985
isl,20210131,2.746
isl,20210207,5.492
isl,20210214,0.0
isl,20210221,2.746
isl,20210228,0.0
isl,20210307,0.0
isl,20210314,0.0
isl,20210321,8.239
isl,20210328,2.746
isl,20210404,0.0
isl,20210411,0.0
isl,20210418,2.746
isl,20210425,13.731
isl,20210502,10.985
isl,20210509,5.492
isl,20210516,2.746
isl,20210523,0.0
isl,20210530,2.746
isl,20210606,0.0
isl,20210613,0.0
isl,20210620,0.0
isl,20210627,2.746
isl,20210704,2.746
isl,20210711,0.0
isl,20210718,2.746
isl,20210725,10.985
isl,20210801,41.194
isl,20210808,76.895
isl,20210815,41.194
isl,20210822,24.716
isl,20210829,24.716
isl,20210905,2.746
isl,20210912,13.731
isl,20210919,24.716
isl,20210926,10.985
isl,20211003,8.239
isl,20211010,10.985
isl,20211017,16.477
isl,20211024,19.224
isl,20211031,49.432
isl,20211107,41.194
isl,20211114,41.194
isl,20211121,46.686
isl,20211128,21.97
isl,20211205,35.701
isl,20211212,19.224
irl,20200412,99.105
irl,20200419,70.099
irl,20200426,61.437
irl,20200503,52.574
irl,20200510,32.632
irl,20200517,21.956
irl,20200524,19.539
irl,20200531,11.683
irl,20200607,5.036
irl,20200614,6.043
irl,20200621,2.619
irl,20200628,2.619
irl,20200705,1.813
irl,20200712,0.806
irl,20200719,1.41
irl,20200726,2.82
irl,20200802,1.611
irl,20200809,2.619
irl,20200816,3.424
irl,20200823,2.014
irl,20200830,6.244
irl,20200906,6.446
irl,20200913,7.05
irl,20200920,11.079
irl,20200927,11.28
irl,20201004,17.122
irl,20201011,26.186
irl,20201018,24.172
irl,20201025,36.056
irl,20201101,24.978
irl,20201108,28.402
irl,20201115,29.812
irl,20201122,27.999
irl,20201129,22.762
irl,20201206,20.546
irl,20201213,16.316
irl,20201220,25.783
irl,20201227,37.265
irl,20210103,96.083
irl,20210110,173.836
irl,20210117,216.339
irl,20210124,145.434
irl,20210131,110.989
irl,20210207,83.595
irl,20210214,62.041
irl,20210221,63.451
irl,20210228,39.279
irl,20210307,33.639
irl,20210314,31.222
irl,20210321,38.876
irl,20210328,29.208
irl,20210404,23.769
irl,20210411,16.316
irl,20210418,18.733
irl,20210425,20.546
irl,20210502,15.712
irl,20210509,16.92
irl,20210523,17.726
irl,20210530,14.302
irl,20210606,13.093
irl,20210613,10.072
irl,20210620,9.87
irl,20210627,8.662
irl,20210704,11.28
irl,20210711,12.086
irl,20210718,22.56
irl,20210725,28.402
irl,20210801,37.466
irl,20210808,34.646
irl,20210815,46.934
irl,20210822,55.595
irl,20210829,63.25
irl,20210905,58.818
irl,20210912,54.588
irl,20210919,48.344
irl,20210926,53.38
irl,20211003,51.768
irl,20211010,63.653
irl,20211017,77.552
irl,20211024,71.71
irl,20211031,81.58
irl,20211107,74.933
irl,20211114,102.328
irl,20211121,110.184
irl,20211128,88.832
irl,20211205,95.479
irl,20211212,87.825
isr,20200308,2.368
isr,20200315,20.127
isr,20200322,29.168
isr,20200329,57.26
isr,20200405,82.015
isr,20200412,50.909
isr,20200419,44.129
isr,20200426,22.603
isr,20200503,14.853
isr,20200510,9.902
isr,20200517,5.382
isr,20200524,3.229
isr,20200531,4.198
isr,20200607,7.857
isr,20200614,11.086
isr,20200621,21.849
isr,20200628,24.002
isr,20200705,47.573
isr,20200712,75.126
isr,20200719,93.424
isr,20200726,92.025
isr,20200802,91.163
isr,20200809,90.195
isr,20200816,89.764
isr,20200823,89.764
isr,20200830,99.343
isr,20200906,105.586
isr,20200913,128.942
isr,20200920,152.728
isr,20200927,183.511
isr,20201004,179.636
isr,20201011,153.159
isr,20201018,100.312
isr,20201025,70.821
isr,20201101,47.788
isr,20201108,41.976
isr,20201115,41.33
isr,20201122,44.559
isr,20201129,45.851
isr,20201206,67.269
isr,20201213,77.602
isr,20201220,102.465
isr,20201227,126.466
isr,20210103,156.926
isr,20210110,204.607
isr,20210117,213.648
isr,20210124,199.117
isr,20210131,173.716
isr,20210207,176.945
isr,20210214,150.038
isr,20210221,125.498
isr,20210228,125.713
isr,20210307,114.519
isr,20210314,92.563
isr,20210321,65.978
isr,20210328,39.823
isr,20210404,27.661
isr,20210411,21.203
isr,20210418,15.284
isr,20210425,9.256
isr,20210502,6.673
isr,20210509,6.243
isr,20210516,3.982
isr,20210523,4.521
isr,20210530,3.444
isr,20210606,3.014
isr,20210613,2.583
isr,20210620,2.045
isr,20210627,3.982
isr,20210704,7.211
isr,20210711,10.655
isr,20210718,19.158
isr,20210725,32.074
isr,20210801,55.322
isr,20210808,91.163
isr,20210815,127.973
isr,20210822,153.589
isr,20210829,156.818
isr,20210905,147.993
isr,20210912,130.341
isr,20210919,132.063
isr,20210926,107.093
isr,20211003,86.858
isr,20211010,56.291
isr,20211017,40.039
isr,20211024,26.047
isr,20211031,19.266
isr,20211107,11.517
isr,20211114,10.548
isr,20211121,9.041
isr,20211128,10.117
isr,20211205,8.933
isr,20211212,10.01
ita,20200301,37.541
ita,20200308,118.693
ita,20200315,216.779
ita,20200322,305.542
ita,20200329,254.32
ita,20200405,156.368
ita,20200412,107.878
ita,20200419,76.742
ita,20200426,62.339
ita,20200503,38.581
ita,20200510,28.487
ita,20200517,20.288
ita,20200524,13.715
ita,20200531,10.697
ita,20200607,8.015
ita,20200614,7.595
ita,20200621,6.355
ita,20200628,6.506
ita,20200705,6.673
ita,20200712,5.785
ita,20200719,6.237
ita,20200726,6.69
ita,20200802,6.69
ita,20200809,7.461
ita,20200816,8.434
ita,20200823,11.435
ita,20200830,14.906
ita,20200906,17.605
ita,20200913,21.612
ita,20200920,24.949
ita,20200927,27.514
ita,20201004,35.412
ita,20201011,60.009
ita,20201018,107.19
ita,20201025,176.253
ita,20201101,239.498
ita,20201108,289.077
ita,20201115,285.355
ita,20201122,254.571
ita,20201129,206.836
ita,20201206,177.863
ita,20201213,155.077
ita,20201220,144.748
ita,20201227,139.718
ita,20210103,154.574
ita,20210110,157.105
ita,20210117,143.407
ita,20210124,122.985
ita,20210131,113.629
ita,20210207,112.204
ita,20210214,108.515
ita,20210221,116.261
ita,20210228,147.347
ita,20210307,183.178
ita,20210314,211.061
ita,20210321,220.367
ita,20210328,207.926
ita,20210404,197.262
ita,20210411,160.425
ita,20210418,131.469
ita,20210425,118.81
ita,20210502,101.071
ita,20210509,81.101
ita,20210516,59.489
ita,20210523,41.096
ita,20210530,28.789
ita,20210606,21.83
ita,20210613,16.432
ita,20210620,10.848
ita,20210627,8.45
ita,20210704,7.461
ita,20210711,8.702
ita,20210718,12.357
ita,20210725,21.16
ita,20210801,26.324
ita,20210808,33.483
ita,20210815,38.698
ita,20210822,41.884
ita,20210829,43.359
ita,20210905,39.067
ita,20210912,35.848
ita,20210919,30.717
ita,20210926,24.094
ita,20211003,21.244
ita,20211010,17.941
ita,20211017,17.873
ita,20211024,23.524
ita,20211031,28.118
ita,20211107,32.326
ita,20211114,37.876
ita,20211121,45.304
ita,20211128,49.915
ita,20211205,53.637
ita,20211212,44.751
lva,20200106,0.0
lva,20200118,0.0
lva,20200212,0.0
lva,20200301,0.0
lva,20200308,1.573
lva,20200315,3.145
lva,20200322,8.387
lva,20200329,15.202
lva,20200405,14.678
lva,20200412,13.105
lva,20200419,9.436
lva,20200426,7.339
lva,20200503,4.718
lva,20200510,5.242
lva,20200517,5.242
lva,20200524,4.194
lva,20200531,2.097
lva,20200607,1.573
lva,20200614,1.573
lva,20200621,2.097
lva,20200628,1.048
lva,20200705,0.524
lva,20200712,0.524
lva,20200719,0.524
lva,20200726,0.524
lva,20200802,1.048
lva,20200809,2.621
lva,20200816,1.048
lva,20200823,2.621
lva,20200830,2.097
lva,20200906,2.621
lva,20200913,3.145
lva,20200920,3.669
lva,20200927,3.145
lva,20201004,13.629
lva,20201011,25.686
lva,20201018,27.258
lva,20201025,65.001
lva,20201101,102.743
lva,20201108,113.751
lva,20201115,147.3
lva,20201122,171.937
lva,20201129,253.188
lva,20201206,267.341
lva,20201213,340.729
lva,20201220,394.721
lva,20201227,419.883
lva,20210103,441.375
lva,20210110,491.698
lva,20210117,424.076
lva,20210124,392.1
lva,20210131,371.132
lva,20210207,337.584
lva,20210214,299.317
lva,20210221,260.527
lva,20210228,256.333
lva,20210307,272.059
lva,20210314,196.574
lva,20210321,219.639
lva,20210328,273.107
lva,20210404,225.929
lva,20210411,225.405
lva,20210418,228.55
lva,20210425,253.712
lva,20210502,241.655
lva,20210509,240.607
lva,20210516,241.131
lva,20210523,189.236
lva,20210530,141.009
lva,20210606,109.033
lva,20210613,96.452
lva,20210620,69.718
lva,20210627,46.654
lva,20210704,25.686
lva,20210711,25.162
lva,20210718,21.492
lva,20210725,13.105
lva,20210801,17.823
lva,20210808,23.589
lva,20210815,24.637
lva,20210822,23.065
lva,20210829,73.388
lva,20210905,74.436
lva,20210912,114.799
lva,20210919,150.969
lva,20210926,179.8
lva,20211003,245.325
lva,20211010,354.358
lva,20211017,511.618
lva,20211024,632.707
lva,20211031,621.699
lva,20211107,611.739
lva,20211114,424.601
lva,20211121,319.237
lva,20211128,280.446
lva,20211205,232.22
lva,20211212,161.453
lie,20211114,103.234
lie,20211121,77.425
lie,20211128,206.468
lie,20211205,283.893
lie,20211212,361.318
lux,20200308,7.986
lux,20200315,12.777
lux,20200322,65.484
lux,20200329,175.689
lux,20200405,132.565
lux,20200412,62.29
lux,20200419,28.749
lux,20200426,11.18
lux,20200503,1.597
lux,20200510,1.597
lux,20200517,1.597
lux,20200607,1.597
lux,20200621,3.194
lux,20200628,1.597
lux,20200705,15.972
lux,20200712,31.943
lux,20200719,25.555
lux,20200726,41.526
lux,20200802,31.943
lux,20200809,30.346
lux,20200816,14.375
lux,20200823,14.375
lux,20200830,9.583
lux,20200906,7.986
lux,20200913,11.18
lux,20200920,9.583
lux,20200927,19.166
lux,20201004,23.958
lux,20201011,33.541
lux,20201018,39.929
lux,20201025,108.607
lux,20201101,201.243
lux,20201108,151.731
lux,20201115,158.12
lux,20201122,162.911
lux,20201129,156.523
lux,20201206,134.162
lux,20201213,172.494
lux,20201220,145.342
lux,20201227,116.593
lux,20210103,62.29
lux,20210110,55.901
lux,20210117,38.332
lux,20210124,31.943
lux,20210131,55.901
lux,20210207,41.526
lux,20210214,76.664
lux,20210221,73.47
lux,20210228,97.427
lux,20210307,113.399
lux,20210314,102.219
lux,20210321,113.399
lux,20210328,130.968
lux,20210404,114.996
lux,20210411,97.427
lux,20210418,75.067
lux,20210425,78.261
lux,20210502,79.858
lux,20210509,59.095
lux,20210516,35.138
lux,20210523,9.583
lux,20210530,17.569
lux,20210606,7.986
lux,20210613,11.18
lux,20210620,1.597
lux,20210627,4.792
lux,20210704,3.194
lux,20210711,17.569
lux,20210718,28.749
lux,20210725,23.958
lux,20210801,15.972
lux,20210808,11.18
lux,20210815,19.166
lux,20210822,23.958
lux,20210829,49.512
lux,20210905,33.541
lux,20210912,23.958
lux,20210919,23.958
lux,20210926,12.777
lux,20211003,15.972
lux,20211010,22.36
lux,20211017,14.375
lux,20211024,30.346
lux,20211031,43.124
lux,20211107,41.526
lux,20211114,38.332
lux,20211121,49.512
lux,20211128,65.484
lux,20211205,75.067
lux,20211212,70.275
mlt,20200308,0.0
mlt,20200315,13.604
mlt,20200322,7.774
mlt,20200329,7.774
mlt,20200405,13.604
mlt,20200412,27.207
mlt,20200419,3.887
mlt,20200426,0.0
mlt,20200503,1.943
mlt,20200510,1.943
mlt,20200517,1.943
mlt,20200524,7.774
mlt,20200531,5.83
mlt,20200607,0.0
mlt,20200614,1.943
mlt,20200621,1.943
mlt,20200628,1.943
mlt,20200705,0.0
mlt,20200712,0.0
mlt,20200719,0.0
mlt,20200726,0.0
mlt,20200802,9.717
mlt,20200809,15.547
mlt,20200816,23.321
mlt,20200823,27.207
mlt,20200830,7.774
mlt,20200906,34.981
mlt,20200913,38.868
mlt,20200920,46.641
mlt,20200927,31.094
mlt,20201004,40.811
mlt,20201011,60.245
mlt,20201018,89.396
mlt,20201025,77.736
mlt,20201101,143.811
mlt,20201108,145.754
mlt,20201115,200.169
mlt,20201122,202.113
mlt,20201129,169.075
mlt,20201206,172.962
mlt,20201213,81.622
mlt,20201220,66.075
mlt,20201227,50.528
mlt,20210103,56.358
mlt,20210110,75.792
mlt,20210117,93.283
mlt,20210124,40.811
mlt,20210131,50.528
mlt,20210207,54.415
mlt,20210214,81.622
mlt,20210221,77.736
mlt,20210228,42.755
mlt,20210307,132.151
mlt,20210314,130.207
mlt,20210321,79.679
mlt,20210328,38.868
mlt,20210404,62.189
mlt,20210411,58.302
mlt,20210418,58.302
mlt,20210425,25.264
mlt,20210502,42.755
mlt,20210509,13.604
mlt,20210516,7.774
mlt,20210523,3.887
mlt,20210530,3.887
mlt,20210606,1.943
mlt,20210613,0.0
mlt,20210620,0.0
mlt,20210627,0.0
mlt,20210704,9.717
mlt,20210711,19.434
mlt,20210718,33.038
mlt,20210725,23.321
mlt,20210801,33.038
mlt,20210808,50.528
mlt,20210815,48.585
mlt,20210822,34.981
mlt,20210829,29.151
mlt,20210905,25.264
mlt,20210912,11.66
mlt,20210919,13.604
mlt,20210926,11.66
mlt,20211003,5.83
mlt,20211010,5.83
mlt,20211017,0.0
mlt,20211024,13.604
mlt,20211031,7.774
mlt,20211107,5.83
mlt,20211114,7.774
mlt,20211121,11.66
mlt,20211128,15.547
mlt,20211205,17.491
mlt,20211212,19.434
nld,20200301,1.781
nld,20200308,6.204
nld,20200315,28.781
nld,20200322,107.482
nld,20200329,188.711
nld,20200405,132.471
nld,20200412,75.369
nld,20200419,43.314
nld,20200426,24.415
nld,20200503,14.534
nld,20200510,9.708
nld,20200517,5.228
nld,20200524,3.389
nld,20200531,3.217
nld,20200607,1.896
nld,20200614,1.379
nld,20200621,0.862
nld,20200628,0.804
nld,20200705,0.287
nld,20200712,0.517
nld,20200719,0.862
nld,20200726,1.494
nld,20200802,2.528
nld,20200809,3.389
nld,20200816,4.308
nld,20200823,2.643
nld,20200830,2.413
nld,20200906,6.836
nld,20200913,11.604
nld,20200920,23.036
nld,20200927,37.11
nld,20201004,48.6
nld,20201011,70.774
nld,20201018,93.235
nld,20201025,113.112
nld,20201101,114.203
nld,20201108,97.659
nld,20201115,86.169
nld,20201122,75.944
nld,20201129,65.144
nld,20201206,67.959
nld,20201213,80.654
nld,20201220,99.727
nld,20201227,113.858
nld,20210103,113.973
nld,20210110,97.773
nld,20210117,85.595
nld,20210124,81.459
nld,20210131,74.221
nld,20210207,68.074
nld,20210214,68.418
nld,20210221,68.648
nld,20210228,68.016
nld,20210307,68.935
nld,20210314,75.944
nld,20210321,86.916
nld,20210328,93.925
nld,20210404,99.325
nld,20210411,102.542
nld,20210418,96.222
nld,20210425,105.414
nld,20210502,102.829
nld,20210509,85.537
nld,20210516,71.635
nld,20210523,53.712
nld,20210530,32.227
nld,20210606,23.438
nld,20210613,14.017
nld,20210620,9.881
nld,20210627,5.457
nld,20210704,3.217
nld,20210711,5.285
nld,20210718,15.913
nld,20210725,33.089
nld,20210801,33.319
nld,20210808,25.391
nld,20210815,26.827
nld,20210822,24.702
nld,20210829,24.587
nld,20210905,24.53
nld,20210912,21.887
nld,20210919,17.981
nld,20210926,13.845
nld,20211003,15.97
nld,20211010,19.934
nld,20211017,27.115
nld,20211024,39.753
nld,20211031,58.308
nld,20211107,73.761
nld,20211114,90.937
nld,20211121,114.375
nld,20211128,123.969
nld,20211205,119.775
nld,20211212,107.884
nor,20200301,0.0
nor,20200308,0.373
nor,20200315,9.315
nor,20200322,35.025
nor,20200329,53.655
nor,20200405,36.702
nor,20200412,16.954
nor,20200419,12.296
nor,20200426,7.452
nor,20200503,2.981
nor,20200510,3.167
nor,20200517,2.049
nor,20200524,1.863
nor,20200531,1.863
nor,20200607,0.373
nor,20200614,1.49
nor,20200621,1.304
nor,20200628,2.422
nor,20200705,1.118
nor,20200712,0.373
nor,20200719,1.49
nor,20200726,0.559
nor,20200802,2.049
nor,20200809,2.981
nor,20200816,1.863
nor,20200823,2.236
nor,20200830,2.236
nor,20200906,2.236
nor,20200913,3.726
nor,20200920,4.285
nor,20200927,2.795
nor,20201004,4.285
nor,20201011,5.962
nor,20201018,4.099
nor,20201025,8.011
nor,20201101,10.06
nor,20201108,18.258
nor,20201115,20.493
nor,20201122,20.307
nor,20201129,17.699
nor,20201206,20.68
nor,20201213,15.091
nor,20201220,18.444
nor,20201227,14.532
nor,20210103,18.071
nor,20210110,16.954
nor,20210117,16.767
nor,20210124,16.954
nor,20210131,8.756
nor,20210207,6.334
nor,20210214,8.57
nor,20210221,11.365
nor,20210228,13.786
nor,20210307,19.562
nor,20210314,32.231
nor,20210321,42.477
nor,20210328,38.565
nor,20210404,38.937
nor,20210411,37.261
nor,20210418,31.858
nor,20210425,24.778
nor,20210502,12.855
nor,20210509,13.228
nor,20210516,12.296
nor,20210523,11.365
nor,20210530,9.501
nor,20210606,9.315
nor,20210613,5.403
nor,20210620,4.099
nor,20210627,3.726
nor,20210704,3.167
nor,20210711,3.353
nor,20210718,3.353
nor,20210725,3.54
nor,20210801,3.726
nor,20210808,6.334
nor,20210815,6.521
nor,20210822,8.943
nor,20210829,12.855
nor,20210905,12.669
nor,20210912,18.63
nor,20210919,14.345
nor,20210926,11.551
nor,20211003,11.178
nor,20211010,10.806
nor,20211017,11.551
nor,20211024,14.904
nor,20211031,21.425
nor,20211107,27.014
nor,20211114,30.554
nor,20211121,28.132
nor,20211128,33.535
nor,20211205,40.428
nor,20211212,39.124
prt,20200106,0.194
prt,20200118,1.068
prt,20200212,1.554
prt,20200301,2.817
prt,20200308,8.353
prt,20200315,17.483
prt,20200322,43.124
prt,20200329,69.154
prt,20200405,67.405
prt,20200412,45.843
prt,20200419,36.034
prt,20200426,26.515
prt,20200503,18.842
prt,20200510,16.414
prt,20200517,18.454
prt,20200524,16.803
prt,20200531,17.871
prt,20200607,13.306
prt,20200614,12.821
prt,20200621,14.86
prt,20200628,15.249
prt,20200705,12.238
prt,20200712,12.626
prt,20200719,12.141
prt,20200726,9.227
prt,20200802,8.644
prt,20200809,9.615
prt,20200816,7.479
prt,20200823,8.061
prt,20200830,9.713
prt,20200906,13.403
prt,20200913,15.734
prt,20200920,18.065
prt,20200927,16.803
prt,20201004,18.648
prt,20201011,20.688
prt,20201018,30.983
prt,20201025,40.502
prt,20201101,46.718
prt,20201108,49.34
prt,20201115,49.34
prt,20201122,54.002
prt,20201129,47.786
prt,20201206,49.243
prt,20201213,45.941
prt,20201220,40.89
prt,20201227,41.57
prt,20210103,67.405
prt,20210110,78.963
prt,20210117,87.413
prt,20210124,81.1
prt,20210131,77.215
prt,20210207,52.254
prt,20210214,41.764
prt,20210221,26.515
prt,20210228,17.191
prt,20210307,13.209
prt,20210314,10.101
prt,20210321,10.49
prt,20210328,7.576
prt,20210404,5.73
prt,20210411,5.245
prt,20210418,5.148
prt,20210425,4.662
prt,20210502,3.788
prt,20210509,4.371
prt,20210516,4.468
prt,20210523,4.079
prt,20210530,3.788
prt,20210606,3.885
prt,20210613,5.439
prt,20210620,8.741
prt,20210627,9.518
prt,20210704,9.324
prt,20210711,11.267
prt,20210718,11.946
prt,20210725,15.443
prt,20210801,14.472
prt,20210808,14.083
prt,20210815,13.306
prt,20210822,12.044
prt,20210829,12.626
prt,20210905,12.238
prt,20210912,8.936
prt,20210919,3.594
prt,20210926,6.022
prt,20211003,5.73
prt,20211010,6.702
prt,20211017,4.662
prt,20211024,6.993
prt,20211031,8.45
prt,20211107,6.507
prt,20211114,12.141
prt,20211121,12.141
prt,20211128,13.501
prt,20211205,12.724
prt,20211212,9.324
svn,20200322,19.562
svn,20200329,36.739
svn,20200405,24.811
svn,20200412,26.719
svn,20200419,21.471
svn,20200426,11.451
svn,20200503,8.588
svn,20200510,3.34
svn,20200517,1.909
svn,20200524,0.0
svn,20200531,0.477
svn,20200607,0.477
svn,20200614,0.477
svn,20200621,1.431
svn,20200628,1.431
svn,20200705,1.909
svn,20200712,7.157
svn,20200719,5.248
svn,20200726,9.065
svn,20200802,4.294
svn,20200809,6.203
svn,20200816,5.726
svn,20200823,5.248
svn,20200830,7.157
svn,20200906,8.111
svn,20200913,14.314
svn,20200920,25.765
svn,20200927,34.353
svn,20201004,40.556
svn,20201011,62.981
svn,20201018,112.126
svn,20201025,223.297
svn,20201101,334.946
svn,20201108,432.758
svn,20201115,424.169
svn,20201122,351.645
svn,20201129,410.333
svn,20201206,392.202
svn,20201213,407.47
svn,20201220,347.351
svn,20201227,328.743
svn,20210103,358.325
svn,20210110,354.985
svn,20210117,356.894
svn,20210124,332.083
svn,20210131,276.259
svn,20210207,237.611
svn,20210214,176.538
svn,20210221,133.12
svn,20210228,151.25
svn,20210307,151.25
svn,20210314,127.871
svn,20210321,155.545
svn,20210328,176.538
svn,20210404,189.898
svn,20210411,215.186
svn,20210418,205.166
svn,20210425,193.715
svn,20210502,174.63
svn,20210509,134.074
svn,20210516,112.126
svn,20210523,76.818
svn,20210530,58.21
svn,20210606,46.759
svn,20210613,40.079
svn,20210620,23.857
svn,20210627,12.883
svn,20210704,11.928
svn,20210711,8.588
svn,20210718,3.817
svn,20210725,7.157
svn,20210801,6.68
svn,20210808,9.543
svn,20210815,18.608
svn,20210822,27.674
svn,20210829,65.367
svn,20210905,87.792
svn,20210912,106.877
svn,20210919,124.531
svn,20210926,132.642
svn,20211003,145.525
svn,20211010,126.917
svn,20211017,123.1
svn,20211024,169.859
svn,20211031,251.448
svn,20211107,311.089
svn,20211114,344.488
svn,20211121,351.168
svn,20211128,327.789
svn,20211205,273.396
svn,20211212,221.389
zaf,20200502,4.48
zaf,20200509,6.495
zaf,20200516,7.695
zaf,20200523,18.004
zaf,20200530,23.75
zaf,20200606,33.16
zaf,20200613,38.773
zaf,20200620,50.381
zaf,20200627,72.349
zaf,20200704,98.931
zaf,20200711,120.599
zaf,20200718,137.504
zaf,20200725,147.63
zaf,20200801,143.366
zaf,20200808,122.281
zaf,20200815,100.313
zaf,20200822,74.648
zaf,20200829,61.957
zaf,20200905,48.499
zaf,20200912,41.737
zaf,20200919,37.824
zaf,20200926,32.794
zaf,20201003,31.028
zaf,20201010,28.314
zaf,20201017,31.844
zaf,20201024,31.345
zaf,20201031,33.277
zaf,20201107,34.826
zaf,20201114,36.175
zaf,20201121,41.837
zaf,20201128,52.147
zaf,20201205,63.622
zaf,20201212,83.641
zaf,20201219,125.595
zaf,20201226,167.866
zaf,20210102,214.233
zaf,20210109,267.763
zaf,20210116,280.753
zaf,20210123,198.011
zaf,20210130,122.048
zaf,20210206,88.005
zaf,20210213,65.321
zaf,20210220,50.381
zaf,20210227,40.555
zaf,20210306,35.525
zaf,20210313,32.411
zaf,20210320,31.844
zaf,20210327,29.28
zaf,20210403,27.747
zaf,20210410,29.329
zaf,20210417,32.827
zaf,20210424,36.191
zaf,20210501,37.407
zaf,20210508,42.92
zaf,20210515,49.465
zaf,20210522,61.074
zaf,20210529,73.582
zaf,20210605,82.975
zaf,20210612,108.757
zaf,20210619,134.622
zaf,20210626,177.126
zaf,20210703,211.835
zaf,20210710,245.295
zaf,20210717,237.867
zaf,20210724,218.913
zaf,20210731,191.866
zaf,20210807,173.245
zaf,20210814,158.273
zaf,20210821,163.802
zaf,20210828,143.416
zaf,20210904,114.903
zaf,20210911,91.819
zaf,20210918,63.955
zaf,20210925,42.52
zaf,20211002,34.126
zaf,20211009,24.283
zaf,20211016,19.253
zaf,20211023,13.924
zaf,20211030,10.126
zaf,20211106,9.543
zaf,20211113,9.493
zaf,20211120,11.775
zaf,20211127,23.384
zaf,20211204,65.038
zaf,20211211,119.466
esp,20200118,0.021
esp,20200301,1.31
esp,20200308,16.564
esp,20200315,127.354
esp,20200322,446.648
esp,20200329,670.067
esp,20200405,435.598
esp,20200412,251.602
esp,20200419,140.368
esp,20200426,76.184
esp,20200503,45.592
esp,20200510,33.698
esp,20200517,17.472
esp,20200524,10.711
esp,20200531,8.831
esp,20200607,6.972
esp,20200614,5.345
esp,20200621,4.648
esp,20200628,3.972
esp,20200705,5.747
esp,20200712,6.423
esp,20200719,10.564
esp,20200726,15.296
esp,20200802,27.127
esp,20200809,39.487
esp,20200816,61.776
esp,20200823,83.473
esp,20200830,101.811
esp,20200906,111.572
esp,20200913,130.692
esp,20200920,139.798
esp,20200927,131.284
esp,20201004,119.917
esp,20201011,128.833
esp,20201018,147.34
esp,20201025,189.299
esp,20201101,214.63
esp,20201108,215.708
esp,20201115,201.299
esp,20201122,161.474
esp,20201129,123.108
esp,20201206,99.149
esp,20201213,94.016
esp,20201220,104.241
esp,20201227,108.952
esp,20210103,133.439
esp,20210110,189.193
esp,20210117,301.314
esp,20210124,376.527
esp,20210131,342.724
esp,20210207,250.652
esp,20210214,161.326
esp,20210221,107.473
esp,20210228,83.579
esp,20210307,71.346
esp,20210314,68.938
esp,20210321,65.494
esp,20210328,74.874
esp,20210404,85.121
esp,20210411,101.178
esp,20210418,109.206
esp,20210425,103.987
esp,20210502,93.065
esp,20210509,75.508
esp,20210516,59.283
esp,20210523,47.768
esp,20210530,44.261
esp,20210606,37.712
esp,20210613,32.515
esp,20210620,25.522
esp,20210627,24.317
esp,20210704,31.247
esp,20210711,52.733
esp,20210718,93.086
esp,20210725,132.995
esp,20210801,134.474
esp,20210808,120.847
esp,20210815,102.002
esp,20210822,80.959
esp,20210829,64.607
esp,20210905,48.17
esp,20210912,33.508
esp,20210919,24.676
esp,20210926,18.507
esp,20211003,14.62
esp,20211010,13.331
esp,20211017,15.972
esp,20211024,15.803
esp,20211031,17.113
esp,20211107,19.881
esp,20211114,24.064
esp,20211121,30.824
esp,20211128,36.317
esp,20211205,39.212
esp,20211212,33.867
che,20200301,5.966
che,20200308,12.736
che,20200315,40.273
che,20200322,96.265
che,20200329,134.703
che,20200405,77.219
che,20200412,43.371
che,20200419,25.701
che,20200426,12.277
che,20200503,7.573
che,20200510,3.557
che,20200517,2.868
che,20200524,1.721
che,20200531,2.18
che,20200607,0.574
che,20200614,0.918
che,20200621,1.951
che,20200628,1.951
che,20200705,4.36
che,20200712,6.311
che,20200719,4.131
che,20200726,6.77
che,20200802,7.114
che,20200809,5.622
che,20200816,6.081
che,20200823,5.852
che,20200830,5.048
che,20200906,8.605
che,20200913,11.474
che,20200920,12.277
che,20200927,13.08
che,20201004,18.817
che,20201011,32.815
che,20201018,74.465
che,20201025,139.636
che,20201101,187.253
che,20201108,193.678
che,20201115,176.238
che,20201122,151.684
che,20201129,138.145
che,20201206,133.096
che,20201213,139.522
che,20201220,131.146
che,20201227,125.753
che,20210103,130.572
che,20210110,109.69
che,20210117,78.94
che,20210124,62.188
che,20210131,53.468
che,20210207,48.534
che,20210214,37.749
che,20210221,35.913
che,20210228,33.504
che,20210307,39.24
che,20210314,40.962
che,20210321,47.157
che,20210328,53.583
che,20210404,62.073
che,20210411,58.516
che,20210418,56.222
che,20210425,55.877
che,20210502,52.894
che,20210509,38.552
che,20210516,27.308
che,20210523,28.799
che,20210530,17.096
che,20210606,13.769
che,20210613,8.835
che,20210620,5.507
che,20210627,3.327
che,20210704,1.951
che,20210711,3.213
che,20210718,7.114
che,20210725,10.212
che,20210801,13.883
che,20210808,20.768
che,20210815,43.83
che,20210822,60.926
che,20210829,56.451
che,20210905,47.731
che,20210912,41.535
che,20210919,36.028
che,20210926,28.799
che,20211003,19.62
che,20211010,19.276
che,20211017,18.243
che,20211024,20.882
che,20211031,27.422
che,20211107,34.995
che,20211114,46.239
che,20211121,64.712
che,20211128,76.76
che,20211205,88.578
che,20211212,84.447
gbr,20200329,204.026
gbr,20200405,317.342
gbr,20200412,270.983
gbr,20200419,196.387
gbr,20200426,155.746
gbr,20200503,141.012
gbr,20200510,110.502
gbr,20200517,93.319
gbr,20200524,79.068
gbr,20200531,64.92
gbr,20200607,55.141
gbr,20200614,44.116
gbr,20200621,38.324
gbr,20200628,33.53
gbr,20200705,23.693
gbr,20200712,19.192
gbr,20200719,15.893
gbr,20200726,14.691
gbr,20200802,12.506
gbr,20200809,12.403
gbr,20200816,10.512
gbr,20200823,10.278
gbr,20200830,12.096
gbr,20200906,13.826
gbr,20200913,21.01
gbr,20200920,27.768
gbr,20200927,38.852
gbr,20201004,52.238
gbr,20201011,73.599
gbr,20201018,102.673
gbr,20201025,129.561
gbr,20201101,153.532
gbr,20201108,162.021
gbr,20201115,182.606
gbr,20201122,168.164
gbr,20201129,146.862
gbr,20201206,149.075
gbr,20201213,178.867
gbr,20201220,209.304
gbr,20201227,246.25
gbr,20210103,338.088
gbr,20210110,422.302
gbr,20210117,419.267
gbr,20210124,374.389
gbr,20210131,289.633
gbr,20210207,224.889
gbr,20210214,169.381
gbr,20210221,136.027
gbr,20210228,96.881
gbr,20210307,71.063
gbr,20210314,53.455
gbr,20210321,43.163
gbr,20210328,33.164
gbr,20210404,24.455
gbr,20210411,22.021
gbr,20210418,17.652
gbr,20210425,15.072
gbr,20210502,12.418
gbr,20210509,11.553
gbr,20210516,10.365
gbr,20210523,12.462
gbr,20210530,13.063
gbr,20210606,13.855
gbr,20210613,19.646
gbr,20210620,23.326
gbr,20210627,26.317
gbr,20210704,39.82
gbr,20210711,58.293
gbr,20210718,76.561
gbr,20210725,92.864
gbr,20210801,83.716
gbr,20210808,79.962
gbr,20210815,84.243
gbr,20210822,91.955
gbr,20210829,97.072
gbr,20210905,100.371
gbr,20210912,102.79
gbr,20210919,87.572
gbr,20210926,76.488
gbr,20211003,76.077
gbr,20211010,81.091
gbr,20211017,94.33
gbr,20211024,104.256
gbr,20211031,107.628
gbr,20211107,96.647
gbr,20211114,93.7
gbr,20211121,83.027
gbr,20211128,77.968
gbr,20211205,81.165
gbr,20211212,88.158
usa,20200726,101.074
usa,20200802,115.834
usa,20200809,99.172
usa,20200816,95.135
usa,20200823,91.366
usa,20200830,89.897
usa,20200906,81.399
usa,20200913,85.325
usa,20200920,72.169
usa,20200927,74.725
usa,20201004,82.922
usa,20201011,101.131
usa,20201018,111.124
usa,20201025,124.353
usa,20201101,141.291
usa,20201108,172.461
usa,20201115,215.211
usa,20201122,247.946
usa,20201129,262.475
usa,20201206,284.989
usa,20201213,305.147
usa,20201220,315.002
usa,20201227,319.048
usa,20210103,336.629
usa,20210110,349.167
usa,20210117,326.711
usa,20210124,283.712
usa,20210131,241.885
usa,20210207,208.191
usa,20210214,167.643
usa,20210221,139.405
usa,20210228,125.194
usa,20210307,106.832
usa,20210314,101.062
usa,20210321,99.121
usa,20210328,105.084
usa,20210404,108.508
usa,20210411,117.745
usa,20210418,119.817
usa,20210425,111.428
usa,20210502,101.335
usa,20210509,90.675
usa,20210516,77.5
usa,20210523,68.66
usa,20210530,59.865
usa,20210606,49.133
usa,20210613,44.528
usa,20210620,40.323
usa,20210627,40.169
usa,20210704,43.786
usa,20210711,53.798
usa,20210718,72.31
usa,20210725,105.321
usa,20210801,151.279
usa,20210808,200.673
usa,20210815,239.481
usa,20210822,259.354
usa,20210829,260.94
usa,20210905,256.906
usa,20210912,241.335
usa,20210919,216.479
usa,20210926,187.105
usa,20211003,161.408
usa,20211010,147.572
usa,20211017,133.551
usa,20211024,118.691
usa,20211031,110.157
usa,20211107,107.298
usa,20211114,114.477
usa,20211121,125.636
usa,20211128,134.98
usa,20211205,154.739
usa,20211212,170.212
