location,date,excess_mortality
alb,20200229,2.88
alb,20200331,1.31
alb,20200430,4.04
alb,20200531,7.0
alb,20200630,10.22
alb,20200731,23.69
alb,20200831,46.11
alb,20200930,30.55
alb,20201031,45.55
alb,20201130,120.15
alb,20201231,54.6
alb,20210131,22.3
alb,20210228,90.56
alb,20210331,49.55
alb,20210430,38.75
alb,20210531,10.5
alb,20210630,-6.51
alb,20210731,3.24
alb,20210831,21.39
alb,20210930,43.06
and,20200331,23.46
and,20200430,145.9
and,20200531,66.67
and,20200630,0.78
and,20200731,5.84
and,20200831,-24.6
and,20200930,7.14
and,20201031,86.13
and,20201130,-27.48
and,20201231,31.41
atg,20200331,0.17
atg,20200430,-0.61
atg,20200531,1.76
atg,20200630,-17.81
atg,20200731,-2.34
atg,20200831,-25.55
atg,20200930,-14.29
atg,20201031,-11.5
atg,20201130,-7.02
atg,20201231,-20.16
arg,20200131,-2.94
arg,20200229,2.0
arg,20200331,-1.06
arg,20200430,-3.49
arg,20200531,-5.97
arg,20200630,-12.66
arg,20200731,4.87
arg,20200831,16.59
arg,20200930,37.07
arg,20201031,51.96
arg,20201130,40.08
arg,20201231,28.58
arm,20200331,-0.86
arm,20200430,3.72
arm,20200531,-0.46
arm,20200630,48.15
arm,20200731,35.28
arm,20200831,8.47
arm,20200930,22.28
arm,20201031,84.04
arm,20201130,178.61
arm,20201231,89.69
arm,20210131,19.46
arm,20210228,8.02
arm,20210331,22.88
arm,20210430,61.69
arm,20210531,24.63
arm,20210630,18.25
arm,20210731,11.8
arm,20210831,15.43
arm,20210930,53.24
arm,20211031,75.42
abw,20210331,38.17
abw,20210430,58.52
abw,20210531,11.11
abw,20210630,-11.37
abw,20210731,28.44
abw,20210831,109.76
abw,20210930,77.39
aus,20200126,3.53
aus,20200202,-0.48
aus,20200209,0.31
aus,20200216,3.19
aus,20200223,2.31
aus,20200301,4.86
aus,20200308,0.23
aus,20200315,1.47
aus,20200322,4.22
aus,20200329,7.07
aus,20200405,9.97
aus,20200412,5.37
aus,20200419,0.77
aus,20200426,2.55
aus,20200503,-0.83
aus,20200510,0.44
aus,20200517,-3.81
aus,20200524,-2.25
aus,20200531,-3.39
aus,20200607,-6.91
aus,20200614,-5.66
aus,20200621,-8.54
aus,20200628,-9.89
aus,20200705,-8.93
aus,20200712,-7.82
aus,20200719,-10.39
aus,20200726,-7.0
aus,20200802,-4.55
aus,20200809,-5.02
aus,20200816,-2.67
aus,20200823,-8.72
aus,20200830,-9.5
aus,20200906,-7.02
aus,20200913,-7.53
aus,20200920,-9.45
aus,20200927,-3.3
aus,20201004,-3.62
aus,20201011,-5.81
aus,20201018,-5.42
aus,20201025,-5.06
aus,20201101,-2.58
aus,20201108,-0.53
aus,20201115,3.91
aus,20201122,-1.66
aus,20201129,-2.91
aus,20201206,4.17
aus,20201213,-1.03
aus,20201220,1.3
aus,20201227,4.16
aus,20210103,0.97
aus,20210110,-2.08
aus,20210117,-3.31
aus,20210124,3.97
aus,20210131,-0.7
aus,20210207,2.44
aus,20210214,0.66
aus,20210221,-3.96
aus,20210228,7.17
aus,20210307,1.47
aus,20210314,5.44
aus,20210321,2.84
aus,20210328,0.25
aus,20210404,1.02
aus,20210411,3.12
aus,20210418,4.85
aus,20210425,4.44
aus,20210502,9.53
aus,20210509,13.07
aus,20210516,5.71
aus,20210523,2.08
aus,20210530,7.07
aus,20210606,1.08
aus,20210613,4.67
aus,20210620,7.44
aus,20210627,1.8
aus,20210704,2.62
aus,20210711,-0.84
aus,20210718,0.35
aus,20210725,0.54
aus,20210801,2.47
aus,20210808,-3.09
aus,20210815,-3.47
aus,20210822,-3.59
aus,20210829,-1.4
aut,20200301,-3.64
aut,20200308,-1.62
aut,20200315,-0.73
aut,20200322,13.53
aut,20200329,6.01
aut,20200405,13.92
aut,20200412,14.54
aut,20200419,10.46
aut,20200426,6.62
aut,20200503,-0.26
aut,20200510,4.21
aut,20200517,0.46
aut,20200524,2.79
aut,20200531,-1.09
aut,20200607,4.08
aut,20200614,-0.11
aut,20200621,-0.97
aut,20200628,1.34
aut,20200705,7.33
aut,20200712,-0.97
aut,20200719,-3.09
aut,20200726,-3.71
aut,20200802,0.2
aut,20200809,-0.86
aut,20200816,8.6
aut,20200823,1.65
aut,20200830,3.73
aut,20200906,9.07
aut,20200913,8.59
aut,20200920,8.79
aut,20200927,2.76
aut,20201004,3.75
aut,20201011,5.58
aut,20201018,6.21
aut,20201025,16.48
aut,20201101,23.74
aut,20201108,31.23
aut,20201115,45.52
aut,20201122,55.02
aut,20201129,56.0
aut,20201206,57.19
aut,20201213,52.46
aut,20201220,35.34
aut,20201227,21.47
aut,20210103,14.23
aut,20210110,7.32
aut,20210117,4.41
aut,20210124,11.32
aut,20210131,10.41
aut,20210207,1.64
aut,20210214,-5.23
aut,20210221,-6.0
aut,20210228,-9.41
aut,20210307,-13.34
aut,20210314,-1.23
aut,20210321,-2.11
aut,20210328,2.58
aut,20210404,6.79
aut,20210411,3.7
aut,20210418,8.47
aut,20210425,9.68
aut,20210502,14.14
aut,20210509,11.87
aut,20210516,10.17
aut,20210523,2.82
aut,20210530,3.55
aut,20210606,12.23
aut,20210613,9.32
aut,20210620,9.74
aut,20210627,15.92
aut,20210704,6.48
aut,20210711,1.14
aut,20210718,4.54
aut,20210725,6.38
aut,20210801,1.79
aut,20210808,-4.13
aut,20210815,12.77
aut,20210822,9.74
aut,20210829,8.4
aut,20210905,7.54
aut,20210912,16.87
aut,20210919,9.7
aut,20210926,9.55
aut,20211003,12.15
aut,20211010,4.99
aut,20211017,6.29
aut,20211024,13.03
aut,20211031,23.74
aut,20211107,26.35
aut,20211114,34.18
aut,20211121,34.0
aut,20211128,37.81
aze,20200331,23.76
aze,20200430,-9.05
aze,20200531,-9.69
aze,20200630,47.19
aze,20200731,31.84
aze,20200831,10.07
aze,20200930,7.78
aze,20201031,28.89
aze,20201130,82.48
aze,20201231,202.07
aze,20210131,49.6
aze,20210228,7.42
aze,20210331,21.28
aze,20210430,49.21
aze,20210531,14.31
aze,20210630,23.34
aze,20210731,4.63
aze,20210831,41.68
aze,20210930,79.79
blr,20200229,-3.33
blr,20200331,-1.39
blr,20200430,5.7
blr,20200531,15.71
blr,20200630,38.65
blr,20200731,12.51
blr,20200831,11.89
blr,20200930,16.01
blr,20201031,21.51
blr,20201130,62.17
blr,20201231,71.42
blr,20210131,40.15
blr,20210228,26.12
blr,20210331,1.8
bel,20200209,-12.66
bel,20200216,-8.4
bel,20200223,-7.32
bel,20200301,-11.45
bel,20200308,-9.63
bel,20200315,-4.51
bel,20200322,10.22
bel,20200329,43.94
bel,20200405,90.16
bel,20200412,105.35
bel,20200419,80.96
bel,20200426,49.92
bel,20200503,21.02
bel,20200510,18.02
bel,20200517,3.33
bel,20200524,5.95
bel,20200531,2.94
bel,20200607,-3.95
bel,20200614,2.34
bel,20200621,-4.98
bel,20200628,4.02
bel,20200705,-12.39
bel,20200712,-9.41
bel,20200719,-2.14
bel,20200726,-9.08
bel,20200802,3.55
bel,20200809,9.39
bel,20200816,55.78
bel,20200823,16.78
bel,20200830,-1.26
bel,20200906,2.61
bel,20200913,-1.84
bel,20200920,6.73
bel,20200927,0.71
bel,20201004,-2.24
bel,20201011,2.24
bel,20201018,7.86
bel,20201025,32.33
bel,20201101,65.9
bel,20201108,84.31
bel,20201115,68.33
bel,20201122,51.4
bel,20201129,37.82
bel,20201206,25.21
bel,20201213,25.46
bel,20201220,21.57
bel,20201227,17.08
bel,20210103,9.34
bel,20210110,3.68
bel,20210117,-0.8
bel,20210124,0.92
bel,20210131,1.15
bel,20210207,-8.94
bel,20210214,-10.28
bel,20210221,-7.92
bel,20210228,-13.52
bel,20210307,-20.54
bel,20210314,-11.59
bel,20210321,-9.94
bel,20210328,-8.72
bel,20210404,0.24
bel,20210411,4.75
bel,20210418,3.87
bel,20210425,8.49
bel,20210502,8.78
bel,20210509,12.75
bel,20210516,2.51
bel,20210523,2.53
bel,20210530,1.37
bel,20210606,3.1
bel,20210613,0.38
bel,20210620,5.96
bel,20210627,-7.17
bel,20210704,1.75
bel,20210711,-9.72
bel,20210718,2.71
bel,20210725,5.23
bel,20210801,-5.46
bel,20210808,-0.39
bel,20210815,1.0
bel,20210822,-0.76
bel,20210829,-2.04
bel,20210905,2.58
bel,20210912,8.74
bel,20210919,1.65
bel,20210926,0.34
bel,20211003,1.97
bel,20211010,4.44
bel,20211017,9.34
bel,20211024,16.51
bel,20211031,16.32
bel,20211107,14.34
bel,20211114,17.31
bel,20211121,14.42
blz,20200331,-10.37
blz,20200430,-14.61
blz,20200531,-5.08
blz,20200630,3.32
blz,20200731,-3.94
blz,20200831,-3.94
blz,20200930,-10.67
blz,20201031,12.63
blz,20201130,50.77
blz,20201231,51.1
bol,20200331,4.88
bol,20200430,-28.23
bol,20200531,-2.93
bol,20200630,78.54
bol,20200731,242.94
bol,20200831,136.4
bol,20200930,21.56
bol,20201031,12.77
bol,20201130,9.91
bol,20201231,6.42
bol,20210131,103.61
bol,20210228,65.68
bol,20210331,35.56
bol,20210430,26.38
bol,20210531,85.9
bol,20210630,115.86
bol,20210731,71.08
bol,20210831,41.75
bol,20210930,25.9
bih,20200331,-11.77
bih,20200430,6.51
bih,20200531,-2.03
bih,20200630,6.81
bih,20200731,9.15
bih,20200831,16.65
bih,20200930,29.57
bih,20201031,16.29
bih,20201130,84.26
bih,20201231,94.24
bih,20210131,1.57
bih,20210228,4.19
bih,20210331,42.21
bih,20210430,100.96
bih,20210531,40.82
bih,20210630,18.5
bra,20200229,5.25
bra,20200331,6.52
bra,20200430,11.48
bra,20200531,30.71
bra,20200630,19.28
bra,20200731,18.9
bra,20200831,21.65
bra,20200930,15.81
bra,20201031,15.82
bra,20201130,16.38
bra,20201231,25.11
bra,20210131,32.19
bra,20210228,33.9
bra,20210331,81.89
bra,20210430,81.48
bra,20210531,49.12
bra,20210630,49.41
bra,20210731,30.98
bra,20210831,26.78
bra,20210930,16.83
bra,20211031,7.07
brn,20200331,0.8
brn,20200430,-6.5
brn,20200531,-7.61
brn,20200630,42.86
brn,20200731,-5.91
brn,20200831,-5.97
brn,20200930,-21.09
brn,20201031,-16.98
brn,20201130,-4.05
brn,20201231,-7.41
bgr,20200308,-8.84
bgr,20200315,-5.0
bgr,20200322,-4.58
bgr,20200329,-1.97
bgr,20200405,-3.34
bgr,20200412,-1.2
bgr,20200419,-1.09
bgr,20200426,-2.56
bgr,20200503,-5.12
bgr,20200510,-4.8
bgr,20200517,6.99
bgr,20200524,-2.83
bgr,20200531,-6.98
bgr,20200607,1.18
bgr,20200614,1.84
bgr,20200621,-0.62
bgr,20200628,-1.75
bgr,20200705,13.79
bgr,20200712,6.36
bgr,20200719,-0.33
bgr,20200726,1.75
bgr,20200802,11.29
bgr,20200809,7.59
bgr,20200816,7.32
bgr,20200823,5.4
bgr,20200830,7.61
bgr,20200906,8.47
bgr,20200913,6.32
bgr,20200920,3.15
bgr,20200927,3.33
bgr,20201004,3.0
bgr,20201011,5.96
bgr,20201018,5.84
bgr,20201025,16.72
bgr,20201101,32.17
bgr,20201108,55.26
bgr,20201115,87.56
bgr,20201122,113.65
bgr,20201129,127.61
bgr,20201206,122.53
bgr,20201213,100.93
bgr,20201220,78.85
bgr,20201227,38.74
bgr,20210103,26.89
bgr,20210110,2.27
bgr,20210117,-2.68
bgr,20210124,0.53
bgr,20210131,-1.3
bgr,20210207,-2.41
bgr,20210214,3.19
bgr,20210221,9.07
bgr,20210228,13.68
bgr,20210307,21.74
bgr,20210314,34.14
bgr,20210321,55.08
bgr,20210328,71.65
bgr,20210404,90.17
bgr,20210411,78.83
bgr,20210418,81.68
bgr,20210425,67.57
bgr,20210502,54.05
bgr,20210509,40.08
bgr,20210516,26.6
bgr,20210523,20.67
bgr,20210530,11.55
bgr,20210606,7.92
bgr,20210613,8.08
bgr,20210620,5.34
bgr,20210627,17.5
bgr,20210704,10.07
bgr,20210711,11.24
bgr,20210718,8.28
bgr,20210725,3.77
bgr,20210801,6.92
bgr,20210808,14.9
bgr,20210815,16.32
bgr,20210822,12.1
bgr,20210829,28.56
bgr,20210905,36.44
bgr,20210912,46.7
bgr,20210919,59.98
bgr,20210926,53.81
bgr,20211003,58.03
bgr,20211010,57.72
bgr,20211017,70.84
bgr,20211024,85.78
bgr,20211031,95.44
bgr,20211107,97.33
bgr,20211114,92.25
bgr,20211121,85.95
bgr,20211128,72.73
can,20200126,-1.97
can,20200202,-3.77
can,20200209,-2.95
can,20200216,-5.58
can,20200223,-5.88
can,20200301,-2.93
can,20200308,-3.34
can,20200315,-2.94
can,20200322,0.8
can,20200329,2.63
can,20200405,10.07
can,20200412,17.08
can,20200419,17.36
can,20200426,24.42
can,20200503,23.08
can,20200510,17.12
can,20200517,13.58
can,20200524,10.87
can,20200531,11.39
can,20200607,5.86
can,20200614,-0.52
can,20200621,2.33
can,20200628,1.82
can,20200705,-0.9
can,20200712,4.05
can,20200719,3.17
can,20200726,2.56
can,20200802,1.61
can,20200809,1.35
can,20200816,5.23
can,20200823,5.05
can,20200830,0.86
can,20200906,4.09
can,20200913,1.82
can,20200920,4.16
can,20200927,6.8
can,20201004,3.92
can,20201011,4.88
can,20201018,2.39
can,20201025,2.9
can,20201101,4.2
can,20201108,11.58
can,20201115,9.29
can,20201122,8.47
can,20201129,11.06
can,20201206,13.65
can,20201213,12.83
can,20201220,9.43
can,20201227,11.28
can,20210103,12.7
can,20210110,4.28
can,20210117,2.97
can,20210124,2.32
can,20210131,2.4
can,20210207,3.3
can,20210214,-2.78
can,20210221,-3.44
can,20210228,-4.63
can,20210307,-3.43
can,20210314,-6.86
can,20210321,-7.8
can,20210328,-6.31
can,20210404,-5.85
can,20210411,-2.06
can,20210418,-2.9
can,20210425,-2.61
can,20210502,1.92
can,20210509,0.23
can,20210516,0.67
can,20210523,3.0
can,20210530,-3.44
can,20210606,2.59
can,20210613,-1.97
can,20210620,-0.33
can,20210627,-2.11
can,20210704,13.25
can,20210711,-4.64
chl,20200223,-3.54
chl,20200301,0.72
chl,20200308,0.4
chl,20200315,2.37
chl,20200322,6.01
chl,20200329,3.96
chl,20200405,5.39
chl,20200412,-1.45
chl,20200419,4.5
chl,20200426,1.08
chl,20200503,0.75
chl,20200510,14.6
chl,20200517,14.71
chl,20200524,29.52
chl,20200531,47.82
chl,20200607,62.53
chl,20200614,59.1
chl,20200621,48.47
chl,20200628,39.15
chl,20200705,23.89
chl,20200712,21.16
chl,20200719,11.98
chl,20200726,9.77
chl,20200802,9.08
chl,20200809,6.34
chl,20200816,4.2
chl,20200823,12.33
chl,20200830,10.52
chl,20200906,4.07
chl,20200913,7.25
chl,20200920,4.31
chl,20200927,6.94
chl,20201004,8.46
chl,20201011,14.44
chl,20201018,11.48
chl,20201025,12.6
chl,20201101,11.72
chl,20201108,10.05
chl,20201115,6.79
chl,20201122,7.57
chl,20201129,11.04
chl,20201206,12.15
chl,20201213,10.56
chl,20201220,9.29
chl,20201227,20.6
chl,20210103,17.76
chl,20210110,21.03
chl,20210117,26.2
chl,20210124,36.37
chl,20210131,27.97
chl,20210207,31.46
chl,20210214,30.21
chl,20210221,30.22
chl,20210228,32.43
chl,20210307,42.31
chl,20210314,41.47
chl,20210321,35.39
chl,20210328,44.71
chl,20210404,46.82
chl,20210411,44.28
chl,20210418,42.09
chl,20210425,33.39
chl,20210502,34.47
chl,20210509,32.24
chl,20210516,35.4
chl,20210523,38.14
chl,20210530,36.05
chl,20210606,31.31
chl,20210613,30.6
chl,20210620,27.11
chl,20210627,27.15
chl,20210704,31.52
chl,20210711,25.86
chl,20210718,24.22
chl,20210725,14.09
chl,20210801,11.76
chl,20210808,8.55
chl,20210815,10.99
chl,20210822,12.0
chl,20210829,2.16
chl,20210905,4.23
chl,20210912,4.11
chl,20210919,6.36
chl,20210926,2.52
chl,20211003,1.74
chl,20211010,7.77
chl,20211017,12.68
chl,20211024,7.23
chl,20211031,17.25
chl,20211107,10.39
chl,20211114,17.52
chl,20211121,18.22
chl,20211128,16.38
chl,20211205,19.71
col,20200308,-2.65
col,20200315,-5.22
col,20200322,-3.25
col,20200329,-7.19
col,20200405,-9.7
col,20200412,-7.71
col,20200419,-5.92
col,20200426,-6.32
col,20200503,-9.1
col,20200510,-5.53
col,20200517,-6.15
col,20200524,-2.82
col,20200531,-2.16
col,20200607,5.17
col,20200614,9.62
col,20200621,17.69
col,20200628,23.78
col,20200705,26.67
col,20200712,37.6
col,20200719,52.37
col,20200726,64.83
col,20200802,71.08
col,20200809,64.34
col,20200816,60.72
col,20200823,52.47
col,20200830,44.45
col,20200906,39.81
col,20200913,36.8
col,20200920,32.15
col,20200927,33.5
col,20201004,29.0
col,20201011,31.52
col,20201018,32.39
col,20201025,37.11
col,20201101,29.21
col,20201108,32.3
col,20201115,29.03
col,20201122,30.61
col,20201129,29.71
col,20201206,25.48
col,20201213,34.02
col,20201220,34.4
col,20201227,39.73
col,20210103,51.55
col,20210110,54.11
col,20210117,70.71
col,20210124,70.78
col,20210131,58.84
col,20210207,49.11
col,20210214,36.16
col,20210221,28.25
col,20210228,21.27
col,20210307,20.18
col,20210314,14.15
col,20210321,18.65
col,20210328,28.09
col,20210404,38.93
col,20210411,55.58
col,20210418,82.91
col,20210425,90.05
col,20210502,90.19
col,20210509,89.48
col,20210516,90.09
col,20210523,85.74
col,20210530,92.42
col,20210606,102.3
col,20210613,106.3
col,20210620,114.99
col,20210627,113.84
col,20210704,108.48
col,20210711,94.95
col,20210718,79.94
col,20210725,60.01
col,20210801,50.7
col,20210808,32.89
col,20210815,20.42
col,20210822,16.87
col,20210829,11.66
col,20210905,5.95
cri,20200331,-3.03
cri,20200430,-7.14
cri,20200531,-11.26
cri,20200630,-11.71
cri,20200731,-1.67
cri,20200831,7.51
cri,20200930,22.83
cri,20201031,14.98
cri,20201130,7.15
cri,20201231,23.87
hrv,20200301,-6.67
hrv,20200308,-4.53
hrv,20200315,1.13
hrv,20200322,5.09
hrv,20200329,10.28
hrv,20200405,-1.3
hrv,20200412,2.49
hrv,20200419,3.64
hrv,20200426,-12.63
hrv,20200503,-4.16
hrv,20200510,-5.4
hrv,20200517,-1.21
hrv,20200524,-2.28
hrv,20200531,-6.6
hrv,20200607,4.9
hrv,20200614,6.45
hrv,20200621,-1.28
hrv,20200628,3.98
hrv,20200705,4.14
hrv,20200712,-1.0
hrv,20200719,-5.04
hrv,20200726,0.82
hrv,20200802,12.84
hrv,20200809,1.87
hrv,20200816,0.86
hrv,20200823,4.18
hrv,20200830,8.63
hrv,20200906,7.48
hrv,20200913,13.88
hrv,20200920,7.12
hrv,20200927,4.02
hrv,20201004,13.18
hrv,20201011,1.82
hrv,20201018,18.85
hrv,20201025,21.38
hrv,20201101,22.97
hrv,20201108,34.83
hrv,20201115,41.79
hrv,20201122,58.91
hrv,20201129,55.71
hrv,20201206,72.94
hrv,20201213,71.56
hrv,20201220,74.08
hrv,20201227,55.12
hrv,20210103,39.91
hrv,20210110,12.75
hrv,20210117,9.67
hrv,20210124,6.0
hrv,20210131,2.56
hrv,20210207,2.56
hrv,20210214,1.92
hrv,20210221,0.26
hrv,20210228,0.1
hrv,20210307,-5.67
hrv,20210314,-2.45
hrv,20210321,-4.66
hrv,20210328,9.5
hrv,20210404,21.1
hrv,20210411,25.04
hrv,20210418,32.14
hrv,20210425,39.85
hrv,20210502,35.04
hrv,20210509,32.0
hrv,20210516,35.26
hrv,20210523,20.2
hrv,20210530,13.3
hrv,20210606,25.89
hrv,20210613,14.27
hrv,20210620,11.78
hrv,20210627,23.93
hrv,20210704,10.15
hrv,20210711,7.68
hrv,20210718,6.65
hrv,20210725,-3.01
hrv,20210801,10.55
hrv,20210808,1.46
hrv,20210815,13.19
hrv,20210822,8.29
hrv,20210829,8.59
hrv,20210905,16.46
hrv,20210912,25.97
hrv,20210919,25.16
hrv,20210926,18.22
hrv,20211003,18.84
hrv,20211010,14.56
hrv,20211017,14.73
hrv,20211024,23.61
hrv,20211031,27.58
cub,20200331,8.14
cub,20200430,6.15
cub,20200531,-5.15
cub,20200630,-5.04
cub,20200731,-5.95
cub,20200831,-1.06
cub,20200930,-6.75
cub,20201031,-2.14
cub,20201130,2.06
cub,20201231,14.83
cyp,20200308,-9.99
cyp,20200315,-0.39
cyp,20200322,6.28
cyp,20200329,15.87
cyp,20200405,5.64
cyp,20200412,-9.01
cyp,20200419,-0.25
cyp,20200426,-8.8
cyp,20200503,-3.54
cyp,20200510,-1.01
cyp,20200517,32.17
cyp,20200524,59.47
cyp,20200531,-3.44
cyp,20200607,20.64
cyp,20200614,-7.96
cyp,20200621,-11.01
cyp,20200628,-2.33
cyp,20200705,4.82
cyp,20200712,-9.24
cyp,20200719,0.1
cyp,20200726,8.06
cyp,20200802,3.76
cyp,20200809,-22.19
cyp,20200816,1.94
cyp,20200823,1.22
cyp,20200830,-3.8
cyp,20200906,-10.77
cyp,20200913,10.51
cyp,20200920,-2.06
cyp,20200927,-3.75
cyp,20201004,5.87
cyp,20201011,0.09
cyp,20201018,2.56
cyp,20201025,6.28
cyp,20201101,-4.0
cyp,20201108,4.42
cyp,20201115,2.56
cyp,20201122,-5.2
cyp,20201129,4.15
cyp,20201206,6.47
cyp,20201213,18.43
cyp,20201220,0.8
cyp,20201227,-2.87
cyp,20210103,-34.73
cyp,20210110,24.91
cyp,20210117,-12.02
cyp,20210124,-0.21
cyp,20210131,8.62
cyp,20210207,3.99
cyp,20210214,-25.47
cyp,20210221,-0.07
cyp,20210228,-1.1
cyp,20210307,-9.09
cyp,20210314,-4.65
cyp,20210321,6.56
cyp,20210328,0.85
cyp,20210404,17.55
cyp,20210411,23.11
cyp,20210418,41.53
cyp,20210425,23.03
cyp,20210502,19.45
cyp,20210509,30.26
cyp,20210516,3.57
cyp,20210523,-3.79
cyp,20210530,8.37
cyp,20210606,9.56
cyp,20210613,12.66
cyp,20210620,15.82
cyp,20210627,-2.2
cyp,20210704,32.09
cyp,20210711,24.65
cyp,20210718,20.73
cyp,20210725,42.04
cyp,20210801,48.82
cyp,20210808,65.29
cyp,20210815,52.96
cyp,20210822,35.58
cyp,20210829,40.58
cyp,20210905,25.33
cyp,20210912,21.24
cyp,20210919,15.9
cze,20200301,-5.92
cze,20200308,-6.51
cze,20200315,-3.31
cze,20200322,0.71
cze,20200329,2.46
cze,20200405,5.23
cze,20200412,3.93
cze,20200419,0.77
cze,20200426,-5.43
cze,20200503,1.87
cze,20200510,-3.22
cze,20200517,0.08
cze,20200524,-5.44
cze,20200531,-6.83
cze,20200607,6.79
cze,20200614,-0.86
cze,20200621,1.57
cze,20200628,3.89
cze,20200705,4.22
cze,20200712,-1.57
cze,20200719,-2.34
cze,20200726,0.78
cze,20200802,7.14
cze,20200809,5.01
cze,20200816,4.2
cze,20200823,4.95
cze,20200830,1.69
cze,20200906,1.86
cze,20200913,4.29
cze,20200920,9.33
cze,20200927,16.06
cze,20201004,11.02
cze,20201011,21.22
cze,20201018,39.25
cze,20201025,71.85
cze,20201101,101.35
cze,20201108,103.79
cze,20201115,80.85
cze,20201122,60.63
cze,20201129,48.6
cze,20201206,43.43
cze,20201213,40.9
cze,20201220,43.1
cze,20201227,40.3
cze,20210103,54.71
cze,20210110,59.16
cze,20210117,56.95
cze,20210124,47.67
cze,20210131,41.75
cze,20210207,33.56
cze,20210214,36.94
cze,20210221,36.75
cze,20210228,42.58
cze,20210307,56.1
cze,20210314,64.07
cze,20210321,61.44
cze,20210328,50.22
cze,20210404,51.04
cze,20210411,33.63
cze,20210418,22.27
cze,20210425,19.03
cze,20210502,14.82
cze,20210509,11.0
cze,20210516,8.69
cze,20210523,1.22
cze,20210530,-3.57
cze,20210606,-1.35
cze,20210613,-1.81
cze,20210620,2.59
cze,20210627,0.31
cze,20210704,-6.29
cze,20210711,-4.87
cze,20210718,-0.43
cze,20210725,-4.1
cze,20210801,1.02
cze,20210808,-8.69
cze,20210815,-2.36
cze,20210822,-6.14
cze,20210829,-3.08
cze,20210905,-0.11
cze,20210912,2.91
cze,20210919,5.24
cze,20210926,2.29
cze,20211003,0.49
cze,20211010,-3.06
cze,20211017,1.66
cze,20211024,5.27
dnk,20200202,-7.23
dnk,20200209,-7.68
dnk,20200216,-11.56
dnk,20200223,-12.83
dnk,20200301,-15.46
dnk,20200308,-11.55
dnk,20200315,-10.28
dnk,20200322,-1.06
dnk,20200329,-0.29
dnk,20200405,6.48
dnk,20200412,4.04
dnk,20200419,2.14
dnk,20200426,7.19
dnk,20200503,-1.58
dnk,20200510,-1.61
dnk,20200517,-5.17
dnk,20200524,-0.42
dnk,20200531,-3.12
dnk,20200607,-3.93
dnk,20200614,-0.4
dnk,20200621,-5.18
dnk,20200628,2.52
dnk,20200705,2.41
dnk,20200712,-1.62
dnk,20200719,3.85
dnk,20200726,-6.46
dnk,20200802,-1.29
dnk,20200809,-2.98
dnk,20200816,1.93
dnk,20200823,-0.42
dnk,20200830,-1.85
dnk,20200906,1.34
dnk,20200913,0.39
dnk,20200920,8.72
dnk,20200927,-3.47
dnk,20201004,-0.44
dnk,20201011,-8.2
dnk,20201018,-0.47
dnk,20201025,8.11
dnk,20201101,-3.7
dnk,20201108,-0.04
dnk,20201115,4.66
dnk,20201122,3.13
dnk,20201129,2.35
dnk,20201206,-0.52
dnk,20201213,-0.51
dnk,20201220,17.22
dnk,20201227,10.77
dnk,20210103,15.06
dnk,20210110,7.17
dnk,20210117,5.94
dnk,20210124,12.15
dnk,20210131,7.79
dnk,20210207,2.27
dnk,20210214,-4.77
dnk,20210221,-11.31
dnk,20210228,-18.31
dnk,20210307,-19.66
dnk,20210314,-12.3
dnk,20210321,-18.53
dnk,20210328,-10.26
dnk,20210404,-12.75
dnk,20210411,-10.28
dnk,20210418,-6.24
dnk,20210425,0.34
dnk,20210502,0.08
dnk,20210509,5.18
dnk,20210516,0.21
dnk,20210523,4.61
dnk,20210530,3.39
dnk,20210606,3.08
dnk,20210613,5.05
dnk,20210620,-0.4
dnk,20210627,0.62
dnk,20210704,10.54
dnk,20210711,-1.71
dnk,20210718,10.51
dnk,20210725,6.28
dnk,20210801,4.74
dnk,20210808,13.88
dnk,20210815,10.0
dnk,20210822,7.58
dnk,20210829,6.29
dnk,20210905,8.34
dnk,20210912,12.45
dnk,20210919,7.22
dnk,20210926,5.51
dnk,20211003,12.59
dnk,20211010,6.26
dnk,20211017,13.62
dnk,20211024,11.37
dnk,20211031,12.15
dnk,20211107,12.14
dnk,20211114,11.07
dnk,20211121,7.52
dnk,20211128,14.85
dnk,20211205,11.21
dom,20200331,-13.04
dom,20200430,-23.06
dom,20200531,-17.66
dom,20200630,5.17
dom,20200731,29.46
dom,20200831,23.27
dom,20200930,-3.23
ecu,20200301,2.3
ecu,20200308,-8.28
ecu,20200315,-4.54
ecu,20200322,1.89
ecu,20200329,151.43
ecu,20200405,374.01
ecu,20200412,296.02
ecu,20200419,203.59
ecu,20200426,139.95
ecu,20200503,91.47
ecu,20200510,83.42
ecu,20200517,57.83
ecu,20200524,49.18
ecu,20200531,46.4
ecu,20200607,42.6
ecu,20200614,52.41
ecu,20200621,47.6
ecu,20200628,47.31
ecu,20200705,53.77
ecu,20200712,70.84
ecu,20200719,76.36
ecu,20200726,83.08
ecu,20200802,76.52
ecu,20200809,73.24
ecu,20200816,64.25
ecu,20200823,56.08
ecu,20200830,41.01
ecu,20200906,45.32
ecu,20200913,38.15
ecu,20200920,33.93
ecu,20200927,26.27
ecu,20201004,18.21
ecu,20201011,30.37
ecu,20201018,22.0
ecu,20201025,24.71
ecu,20201101,16.82
ecu,20201108,14.29
ecu,20201115,23.6
ecu,20201122,28.37
ecu,20201129,20.76
ecu,20201206,24.57
ecu,20201213,13.68
ecu,20201220,20.1
ecu,20201227,22.62
ecu,20210103,31.96
ecu,20210110,32.78
ecu,20210117,45.54
ecu,20210124,55.84
ecu,20210131,47.64
ecu,20210207,51.42
ecu,20210214,46.61
ecu,20210221,49.75
ecu,20210228,51.5
ecu,20210307,47.42
ecu,20210314,53.87
ecu,20210321,70.64
ecu,20210328,81.74
ecu,20210404,90.98
ecu,20210411,99.97
ecu,20210418,94.47
ecu,20210425,122.15
ecu,20210502,113.24
ecu,20210509,96.57
ecu,20210516,81.44
ecu,20210523,63.11
ecu,20210530,51.97
ecu,20210606,37.67
ecu,20210613,35.39
ecu,20210620,35.36
ecu,20210627,31.69
ecu,20210704,25.96
ecu,20210711,28.86
ecu,20210718,27.42
ecu,20210725,21.04
ecu,20210801,25.94
ecu,20210808,11.71
ecu,20210815,10.33
ecu,20210822,6.57
ecu,20210829,14.46
ecu,20210905,6.18
ecu,20210912,6.84
ecu,20210919,9.13
ecu,20210926,6.3
ecu,20211003,12.99
ecu,20211010,2.87
ecu,20211017,9.78
ecu,20211024,3.74
ecu,20211031,3.2
ecu,20211107,0.24
ecu,20211114,6.14
ecu,20211121,9.54
ecu,20211128,6.84
ecu,20211205,-13.15
egy,20200229,3.54
egy,20200331,6.4
egy,20200430,-0.56
egy,20200531,30.38
egy,20200630,83.21
egy,20200731,29.88
egy,20200831,14.07
egy,20200930,16.09
egy,20201031,7.15
egy,20201130,15.66
egy,20201231,29.7
egy,20210131,21.61
egy,20210228,13.15
egy,20210331,33.02
egy,20210430,60.88
egy,20210531,71.31
egy,20210630,26.5
slv,20200331,-20.31
slv,20200430,-45.19
slv,20200531,-43.17
slv,20200630,61.17
slv,20200731,117.72
slv,20200831,49.24
est,20200209,-21.29
est,20200216,-0.95
est,20200223,-3.24
est,20200301,-6.5
est,20200308,-13.29
est,20200315,3.94
est,20200322,-1.36
est,20200329,1.47
est,20200405,3.07
est,20200412,0.81
est,20200419,2.01
est,20200426,10.5
est,20200503,3.79
est,20200510,5.46
est,20200517,-7.68
est,20200524,-4.17
est,20200531,8.31
est,20200607,-4.98
est,20200614,0.26
est,20200621,1.27
est,20200628,7.77
est,20200705,0.87
est,20200712,0.41
est,20200719,3.84
est,20200726,4.19
est,20200802,11.97
est,20200809,-3.0
est,20200816,4.72
est,20200823,-1.01
est,20200830,8.09
est,20200906,3.97
est,20200913,-7.28
est,20200920,9.44
est,20200927,13.75
est,20201004,3.69
est,20201011,-5.16
est,20201018,4.43
est,20201025,1.64
est,20201101,-10.37
est,20201108,1.31
est,20201115,-1.19
est,20201122,11.58
est,20201129,12.72
est,20201206,13.11
est,20201213,14.36
est,20201220,9.66
est,20201227,13.24
est,20210103,15.76
est,20210110,9.99
est,20210117,13.41
est,20210124,21.75
est,20210131,4.1
est,20210207,2.89
est,20210214,10.08
est,20210221,7.04
est,20210228,18.68
est,20210307,25.26
est,20210314,24.89
est,20210321,29.93
est,20210328,28.45
est,20210404,29.25
est,20210411,31.48
est,20210418,26.18
est,20210425,19.51
est,20210502,9.11
est,20210509,19.84
est,20210516,19.89
est,20210523,3.01
est,20210530,9.96
est,20210606,5.43
est,20210613,7.03
est,20210620,9.07
est,20210627,43.01
est,20210704,17.91
est,20210711,39.63
est,20210718,20.49
est,20210725,0.91
est,20210801,0.67
est,20210808,13.81
est,20210815,7.01
est,20210822,2.24
est,20210829,11.69
est,20210905,18.24
est,20210912,28.48
est,20210919,7.93
est,20210926,23.11
est,20211003,18.92
est,20211010,16.43
est,20211017,23.23
est,20211024,22.68
est,20211031,39.08
est,20211107,39.64
est,20211114,38.72
est,20211121,35.14
est,20211128,46.78
est,20211205,21.5
fro,20200331,-27.54
fro,20200430,21.21
fro,20200531,-53.12
fro,20200630,9.76
fro,20200731,-7.74
fro,20200831,-20.0
fro,20200930,-16.15
fro,20201031,-7.98
fro,20201130,15.15
fro,20201231,-10.33
fro,20210131,-9.3
fro,20210228,4.65
fro,20210331,-39.61
fro,20210430,21.21
fro,20210531,-16.67
fro,20210630,-8.54
fro,20210731,4.17
fro,20210831,-14.29
fro,20210930,5.59
fro,20211031,-7.98
fin,20200202,-7.32
fin,20200209,-2.55
fin,20200216,-1.96
fin,20200223,-2.28
fin,20200301,-8.01
fin,20200308,-1.58
fin,20200315,-1.69
fin,20200322,1.19
fin,20200329,2.1
fin,20200405,1.07
fin,20200412,10.52
fin,20200419,1.39
fin,20200426,10.17
fin,20200503,6.8
fin,20200510,6.06
fin,20200517,11.29
fin,20200524,-2.33
fin,20200531,1.89
fin,20200607,-0.34
fin,20200614,3.27
fin,20200621,8.08
fin,20200628,5.06
fin,20200705,3.0
fin,20200712,-2.1
fin,20200719,4.1
fin,20200726,-3.08
fin,20200802,2.31
fin,20200809,0.85
fin,20200816,0.56
fin,20200823,3.69
fin,20200830,0.49
fin,20200906,-0.95
fin,20200913,13.97
fin,20200920,3.79
fin,20200927,7.61
fin,20201004,-5.84
fin,20201011,-5.75
fin,20201018,3.61
fin,20201025,1.33
fin,20201101,7.42
fin,20201108,1.28
fin,20201115,0.89
fin,20201122,7.14
fin,20201129,5.14
fin,20201206,3.69
fin,20201213,2.24
fin,20201220,3.48
fin,20201227,-4.61
fin,20210103,-0.64
fin,20210110,-6.95
fin,20210117,-6.37
fin,20210124,1.04
fin,20210131,0.84
fin,20210207,-4.64
fin,20210214,-7.71
fin,20210221,3.48
fin,20210228,1.49
fin,20210307,-4.42
fin,20210314,-6.66
fin,20210321,-3.02
fin,20210328,-7.92
fin,20210404,-3.06
fin,20210411,-3.84
fin,20210418,-3.33
fin,20210425,-2.32
fin,20210502,-2.86
fin,20210509,0.76
fin,20210516,10.11
fin,20210523,1.61
fin,20210530,1.55
fin,20210606,4.26
fin,20210613,-0.65
fin,20210620,3.89
fin,20210627,9.19
fin,20210704,3.83
fin,20210711,12.82
fin,20210718,19.06
fin,20210725,3.38
fin,20210801,3.26
fin,20210808,10.65
fin,20210815,16.17
fin,20210822,10.85
fin,20210829,8.8
fin,20210905,9.63
fin,20210912,15.74
fin,20210919,7.79
fin,20210926,10.74
fin,20211003,11.46
fin,20211010,8.91
fin,20211017,13.22
fin,20211024,14.61
fin,20211031,5.4
fin,20211107,1.54
fin,20211114,9.05
fin,20211121,8.27
fra,20200126,-7.74
fra,20200202,-6.17
fra,20200209,-7.99
fra,20200216,-7.94
fra,20200223,-10.25
fra,20200301,-8.89
fra,20200308,-6.03
fra,20200315,1.81
fra,20200322,15.78
fra,20200329,35.62
fra,20200405,61.08
fra,20200412,53.15
fra,20200419,35.98
fra,20200426,14.35
fra,20200503,1.71
fra,20200510,0.88
fra,20200517,-0.67
fra,20200524,2.69
fra,20200531,-1.19
fra,20200607,-1.05
fra,20200614,-0.26
fra,20200621,-2.18
fra,20200628,4.03
fra,20200705,-9.25
fra,20200712,-1.87
fra,20200719,-5.68
fra,20200726,-1.76
fra,20200802,3.97
fra,20200809,1.85
fra,20200816,14.05
fra,20200823,-0.95
fra,20200830,-0.69
fra,20200906,2.41
fra,20200913,5.15
fra,20200920,8.0
fra,20200927,-0.5
fra,20201004,6.15
fra,20201011,3.49
fra,20201018,7.62
fra,20201025,19.54
fra,20201101,27.43
fra,20201108,34.75
fra,20201115,33.38
fra,20201122,27.96
fra,20201129,24.08
fra,20201206,21.45
fra,20201213,18.34
fra,20201220,11.96
fra,20201227,6.88
fra,20210103,11.25
fra,20210110,6.8
fra,20210117,5.59
fra,20210124,12.12
fra,20210131,10.56
fra,20210207,7.97
fra,20210214,4.96
fra,20210221,6.04
fra,20210228,0.98
fra,20210307,-1.93
fra,20210314,-0.96
fra,20210321,5.1
fra,20210328,6.1
fra,20210404,10.89
fra,20210411,11.32
fra,20210418,14.05
fra,20210425,16.72
fra,20210502,13.64
fra,20210509,12.91
fra,20210516,5.13
fra,20210523,3.76
fra,20210530,2.1
fra,20210606,2.34
fra,20210613,1.57
fra,20210620,4.38
fra,20210627,-7.57
fra,20210704,-5.16
fra,20210711,-5.09
fra,20210718,-1.87
fra,20210725,6.93
fra,20210801,-0.68
fra,20210808,0.83
fra,20210815,9.57
fra,20210822,8.52
fra,20210829,3.01
fra,20210905,8.24
fra,20210912,12.78
fra,20210919,2.38
fra,20210926,-0.47
fra,20211003,2.87
fra,20211010,1.29
fra,20211017,4.29
fra,20211024,4.28
fra,20211031,3.53
fra,20211107,-7.41
pyf,20210228,7.95
pyf,20210331,-14.94
pyf,20210430,-21.92
pyf,20210531,-14.24
pyf,20210630,-10.85
pyf,20210731,-4.53
pyf,20210831,293.3
pyf,20210930,153.16
geo,20200229,6.72
geo,20200331,-3.56
geo,20200430,-6.21
geo,20200531,1.1
geo,20200630,1.4
geo,20200731,8.96
geo,20200831,-3.47
geo,20200930,5.36
geo,20201031,13.79
geo,20201130,55.38
geo,20201231,50.76
geo,20210131,11.19
geo,20210228,-0.5
geo,20210331,2.83
geo,20210430,5.79
geo,20210531,17.58
geo,20210630,15.16
deu,20200202,-5.22
deu,20200209,-8.78
deu,20200216,-8.24
deu,20200223,-13.33
deu,20200301,-12.82
deu,20200308,-10.04
deu,20200315,-5.19
deu,20200322,-1.74
deu,20200329,1.42
deu,20200405,9.04
deu,20200412,11.65
deu,20200419,7.36
deu,20200426,3.75
deu,20200503,2.85
deu,20200510,-0.25
deu,20200517,-1.51
deu,20200524,1.25
deu,20200531,-1.9
deu,20200607,1.88
deu,20200614,0.94
deu,20200621,-2.28
deu,20200628,2.32
deu,20200705,-5.61
deu,20200712,-3.48
deu,20200719,-3.49
deu,20200726,-4.65
deu,20200802,0.35
deu,20200809,2.73
deu,20200816,17.1
deu,20200823,5.49
deu,20200830,-0.87
deu,20200906,2.44
deu,20200913,3.15
deu,20200920,5.26
deu,20200927,3.58
deu,20201004,3.54
deu,20201011,-1.04
deu,20201018,0.94
deu,20201025,5.6
deu,20201101,6.06
deu,20201108,5.91
deu,20201115,9.62
deu,20201122,11.08
deu,20201129,16.3
deu,20201206,20.65
deu,20201213,28.25
deu,20201220,29.54
deu,20201227,36.18
deu,20210103,35.76
deu,20210110,26.42
deu,20210117,22.7
deu,20210124,20.57
deu,20210131,12.18
deu,20210207,4.14
deu,20210214,0.24
deu,20210221,-4.44
deu,20210228,-13.37
deu,20210307,-17.63
deu,20210314,-14.95
deu,20210321,-12.48
deu,20210328,-8.46
deu,20210404,-4.74
deu,20210411,-0.74
deu,20210418,3.76
deu,20210425,7.12
deu,20210502,8.95
deu,20210509,10.76
deu,20210516,4.99
deu,20210523,2.96
deu,20210530,1.11
deu,20210606,6.08
deu,20210613,2.63
deu,20210620,15.65
deu,20210627,2.2
deu,20210704,0.34
deu,20210711,-2.94
deu,20210718,5.22
deu,20210725,2.42
deu,20210801,-3.04
deu,20210808,-2.39
deu,20210815,2.9
deu,20210822,3.29
deu,20210829,2.72
deu,20210905,2.71
deu,20210912,14.3
deu,20210919,7.78
deu,20210926,7.74
deu,20211003,6.43
deu,20211010,5.8
deu,20211017,5.72
deu,20211024,10.81
deu,20211031,12.72
deu,20211107,13.89
deu,20211114,15.83
deu,20211121,22.12
deu,20211128,25.29
gib,20210131,163.31
grc,20200301,-1.95
grc,20200308,4.93
grc,20200315,4.58
grc,20200322,5.36
grc,20200329,2.86
grc,20200405,1.8
grc,20200412,-1.01
grc,20200419,-3.1
grc,20200426,-4.18
grc,20200503,-1.03
grc,20200510,-5.58
grc,20200517,14.36
grc,20200524,9.68
grc,20200531,-11.88
grc,20200607,-5.09
grc,20200614,-3.22
grc,20200621,-2.29
grc,20200628,-6.85
grc,20200705,14.9
grc,20200712,-0.38
grc,20200719,-2.9
grc,20200726,-4.27
grc,20200802,13.1
grc,20200809,3.1
grc,20200816,2.3
grc,20200823,7.54
grc,20200830,4.94
grc,20200906,6.37
grc,20200913,7.99
grc,20200920,10.22
grc,20200927,5.72
grc,20201004,4.75
grc,20201011,1.39
grc,20201018,-2.42
grc,20201025,0.06
grc,20201101,5.66
grc,20201108,7.91
grc,20201115,18.45
grc,20201122,32.0
grc,20201129,37.96
grc,20201206,37.65
grc,20201213,25.48
grc,20201220,15.48
grc,20201227,4.56
grc,20210103,1.34
grc,20210110,-6.98
grc,20210117,-17.94
grc,20210124,-9.77
grc,20210131,-9.48
grc,20210207,-12.21
grc,20210214,-9.77
grc,20210221,-2.47
grc,20210228,3.76
grc,20210307,4.95
grc,20210314,5.32
grc,20210321,12.2
grc,20210328,14.04
grc,20210404,23.52
grc,20210411,20.22
grc,20210418,24.39
grc,20210425,13.86
grc,20210502,21.97
grc,20210509,26.0
grc,20210516,8.08
grc,20210523,15.56
grc,20210530,21.74
grc,20210606,4.07
grc,20210613,8.1
grc,20210620,1.24
grc,20210627,22.82
grc,20210704,34.71
grc,20210711,16.24
grc,20210718,16.7
grc,20210725,11.28
grc,20210801,21.0
grc,20210808,61.9
grc,20210815,20.31
grc,20210822,15.31
grc,20210829,26.49
grc,20210905,17.09
grc,20210912,15.65
grc,20210919,29.02
grc,20210926,18.16
grc,20211003,19.54
grc,20211010,15.63
grc,20211017,13.85
grc,20211024,14.1
grc,20211031,22.52
grl,20200331,-24.71
grl,20200430,-38.56
grl,20200531,-13.79
grl,20200630,6.52
grl,20200731,-14.35
grl,20200831,3.69
grl,20200930,19.57
grl,20201031,-16.67
grl,20201130,19.9
grl,20201231,16.0
grl,20210131,-1.23
grl,20210228,20.45
grl,20210331,-24.71
grl,20210430,-0.42
grl,20210531,-41.81
grl,20210630,-6.52
grl,20210731,31.94
grl,20210831,10.6
grl,20210930,2.17
gtm,20200223,-6.56
gtm,20200301,-1.19
gtm,20200308,-2.82
gtm,20200315,-9.02
gtm,20200322,-14.79
gtm,20200329,-20.17
gtm,20200405,-20.96
gtm,20200412,-22.74
gtm,20200419,-20.66
gtm,20200426,-18.11
gtm,20200503,-18.48
gtm,20200510,-15.28
gtm,20200517,-14.82
gtm,20200524,-8.78
gtm,20200531,-0.43
gtm,20200607,12.61
gtm,20200614,19.91
gtm,20200621,25.98
gtm,20200628,41.22
gtm,20200705,56.17
gtm,20200712,78.49
gtm,20200719,67.62
gtm,20200726,62.34
gtm,20200802,61.01
gtm,20200809,44.28
gtm,20200816,40.41
gtm,20200823,30.99
gtm,20200830,35.78
gtm,20200906,25.88
gtm,20200913,21.14
gtm,20200920,18.68
gtm,20200927,18.44
gtm,20201004,8.2
gtm,20201011,17.29
gtm,20201018,12.49
gtm,20201025,11.39
gtm,20201101,14.35
gtm,20201108,16.62
gtm,20201115,15.24
gtm,20201122,18.62
gtm,20201129,19.75
gtm,20201206,12.74
gtm,20201213,15.89
gtm,20201220,15.42
gtm,20201227,12.0
gtm,20210103,17.16
gtm,20210110,20.14
gtm,20210117,29.34
gtm,20210124,21.1
gtm,20210131,28.05
gtm,20210207,26.17
gtm,20210214,16.55
gtm,20210221,9.53
gtm,20210228,13.46
gtm,20210307,19.39
gtm,20210314,12.98
gtm,20210321,18.74
gtm,20210328,26.47
gtm,20210404,10.95
gtm,20210411,11.86
gtm,20210418,37.16
gtm,20210425,32.9
gtm,20210502,14.71
gtm,20210509,42.04
gtm,20210516,34.82
gtm,20210523,36.52
gtm,20210530,37.39
gtm,20210606,38.05
gtm,20210613,33.53
gtm,20210620,34.57
gtm,20210627,37.72
gtm,20210704,28.91
gtm,20210711,47.31
gtm,20210718,32.8
gtm,20210725,72.74
gtm,20210801,62.7
gtm,20210808,72.2
gtm,20210815,73.85
gtm,20210822,93.73
gtm,20210829,98.52
gtm,20210905,121.9
gtm,20210912,143.25
gtm,20210919,114.05
gtm,20210926,132.88
hkg,20200131,0.98
hkg,20200229,7.08
hkg,20200331,-6.16
hkg,20200430,-3.88
hkg,20200531,1.53
hkg,20200630,-2.03
hkg,20200731,4.01
hkg,20200831,8.36
hkg,20200930,5.39
hkg,20201031,6.67
hkg,20201130,8.25
hkg,20201231,9.08
hkg,20210131,17.18
hkg,20210228,-3.72
hkg,20210331,-4.81
hkg,20210430,3.84
hkg,20210531,4.08
hkg,20210630,-9.79
hkg,20210731,3.61
hkg,20210831,5.85
hun,20200308,-7.32
hun,20200315,-4.83
hun,20200322,6.3
hun,20200329,0.03
hun,20200405,0.71
hun,20200412,3.92
hun,20200419,3.26
hun,20200426,-3.18
hun,20200503,-4.97
hun,20200510,-0.96
hun,20200517,3.28
hun,20200524,-7.27
hun,20200531,-4.17
hun,20200607,6.06
hun,20200614,-0.16
hun,20200621,-8.08
hun,20200628,3.46
hun,20200705,4.43
hun,20200712,-4.9
hun,20200719,-7.41
hun,20200726,-9.54
hun,20200802,2.29
hun,20200809,1.16
hun,20200816,-1.66
hun,20200823,1.51
hun,20200830,-3.94
hun,20200906,-0.1
hun,20200913,2.73
hun,20200920,6.75
hun,20200927,4.33
hun,20201004,6.7
hun,20201011,4.54
hun,20201018,13.61
hun,20201025,23.88
hun,20201101,33.49
hun,20201108,47.67
hun,20201115,65.32
hun,20201122,60.09
hun,20201129,65.61
hun,20201206,61.9
hun,20201213,59.92
hun,20201220,41.54
hun,20201227,40.09
hun,20210103,29.6
hun,20210110,11.57
hun,20210117,9.8
hun,20210124,4.06
hun,20210131,-5.15
hun,20210207,-5.49
hun,20210214,-6.1
hun,20210221,-1.88
hun,20210228,7.26
hun,20210307,13.01
hun,20210314,35.36
hun,20210321,58.92
hun,20210328,73.4
hun,20210404,74.97
hun,20210411,64.92
hun,20210418,42.46
hun,20210425,33.71
hun,20210502,21.81
hun,20210509,14.97
hun,20210516,10.18
hun,20210523,5.13
hun,20210530,2.57
hun,20210606,5.54
hun,20210613,4.96
hun,20210620,3.15
hun,20210627,18.86
hun,20210704,8.84
hun,20210711,6.37
hun,20210718,6.15
hun,20210725,-7.54
hun,20210801,5.25
hun,20210808,-5.59
hun,20210815,2.82
hun,20210822,-4.57
hun,20210829,0.42
hun,20210905,-1.28
hun,20210912,7.81
hun,20210919,8.1
hun,20210926,2.0
hun,20211003,1.82
hun,20211010,2.87
hun,20211017,5.07
hun,20211024,5.38
hun,20211031,14.39
hun,20211107,31.77
isl,20200301,-2.93
isl,20200308,8.65
isl,20200315,-8.5
isl,20200322,-7.8
isl,20200329,-12.32
isl,20200405,13.38
isl,20200412,8.65
isl,20200419,21.7
isl,20200426,-22.39
isl,20200503,7.58
isl,20200510,-12.53
isl,20200517,-4.43
isl,20200524,12.87
isl,20200531,15.47
isl,20200607,-25.6
isl,20200614,-0.74
isl,20200621,-18.64
isl,20200628,-28.72
isl,20200705,-19.91
isl,20200712,18.25
isl,20200719,5.26
isl,20200726,-23.41
isl,20200802,-4.63
isl,20200809,-6.33
isl,20200816,8.31
isl,20200823,-23.25
isl,20200830,-23.29
isl,20200906,37.84
isl,20200913,-7.19
isl,20200920,8.75
isl,20200927,-27.02
isl,20201004,-11.83
isl,20201011,22.97
isl,20201018,9.56
isl,20201025,7.07
isl,20201101,30.64
isl,20201108,27.88
isl,20201115,13.21
isl,20201122,0.22
isl,20201129,-21.7
isl,20201206,-8.24
isl,20201213,7.23
isl,20201220,-3.37
isl,20201227,24.12
isl,20210103,7.73
isl,20210110,31.18
isl,20210117,17.53
isl,20210124,6.43
isl,20210131,-7.28
isl,20210207,-9.29
isl,20210214,-5.15
isl,20210221,14.82
isl,20210228,-1.92
isl,20210307,3.84
isl,20210314,-11.31
isl,20210321,-8.5
isl,20210328,-12.53
isl,20210404,8.56
isl,20210411,-9.3
isl,20210418,19.73
isl,20210425,-8.72
isl,20210502,4.21
isl,20210509,29.58
isl,20210516,-3.07
isl,20210523,-6.76
isl,20210530,-20.99
isl,20210606,-12.24
isl,20210613,-1.53
isl,20210620,29.03
isl,20210627,15.49
isl,20210704,-5.66
isl,20210711,-1.6
isl,20210718,20.82
isl,20210725,-4.76
isl,20210801,22.54
isl,20210808,25.34
isl,20210815,18.99
isl,20210822,10.83
isl,20210829,1.58
isl,20210905,-1.37
isl,20210912,7.77
isl,20210919,-0.23
isl,20210926,-24.35
isl,20211003,-30.97
isl,20211010,-4.87
isl,20211017,-0.23
isl,20211024,-32.4
isl,20211031,-18.63
irn,20200223,2.79
irn,20200301,2.58
irn,20200308,13.58
irn,20200315,38.28
irn,20200322,72.44
irn,20200329,12.92
irn,20200405,13.84
irn,20200412,29.26
irn,20200419,26.82
irn,20200426,12.77
irn,20200503,14.81
irn,20200510,5.66
irn,20200517,4.59
irn,20200524,5.94
irn,20200531,1.65
irn,20200607,23.77
irn,20200614,25.87
irn,20200621,19.78
irn,20200628,40.23
irn,20200705,33.06
irn,20200712,35.55
irn,20200719,41.6
irn,20200726,43.17
irn,20200802,55.8
irn,20200809,50.04
irn,20200816,39.22
irn,20200823,38.68
irn,20200830,29.69
irn,20200906,17.48
irn,20200913,37.63
irn,20200920,30.69
irn,20200927,27.38
irn,20201004,39.69
irn,20201011,42.72
irn,20201018,58.78
irn,20201025,55.75
irn,20201101,80.0
irn,20201108,86.58
irn,20201115,95.89
irn,20201122,86.09
irn,20201129,70.99
irn,20201206,48.32
irn,20201213,36.33
irn,20201220,28.66
irn,20201227,13.73
irn,20210103,8.51
irn,20210110,6.3
irn,20210117,6.44
irn,20210124,5.43
irn,20210131,9.35
irn,20210207,5.26
irn,20210214,1.37
irn,20210221,11.49
irn,20210228,4.72
irn,20210307,12.67
irn,20210314,10.46
irn,20210321,21.22
irn,20210328,-6.42
irn,20210404,26.66
irn,20210411,50.11
irn,20210418,40.38
irn,20210425,66.23
irn,20210502,66.48
irn,20210509,53.86
irn,20210516,50.6
irn,20210523,57.41
irn,20210530,44.56
irn,20210606,37.1
irn,20210613,44.49
irn,20210620,23.57
irn,20210627,22.69
irn,20210704,27.48
irn,20210711,22.26
irn,20210718,32.27
irn,20210725,27.67
irn,20210801,57.49
irn,20210808,78.91
irn,20210815,78.37
irn,20210822,110.31
irn,20210829,163.75
irn,20210905,124.43
irn,20210912,115.16
irn,20210919,97.87
irn,20210926,72.97
irn,20211003,45.79
irn,20211010,35.9
irn,20211017,56.59
irn,20211024,39.54
irn,20211031,30.92
irn,20211107,33.6
irn,20211114,22.7
irn,20211121,12.09
irn,20211128,16.38
irn,20211205,11.65
irl,20200229,-4.25
irl,20200331,-0.2
irl,20200430,36.13
irl,20200531,3.2
irl,20200630,-6.23
irl,20200731,-4.18
irl,20200831,0.22
irl,20200930,-1.59
irl,20201031,4.72
irl,20201130,-3.61
irl,20201231,-5.93
irl,20210131,19.7
irl,20210228,14.14
irl,20210331,-8.01
irl,20210430,-1.36
irl,20210531,2.14
irl,20210630,-1.56
isr,20200223,-1.95
isr,20200301,-8.15
isr,20200308,-3.56
isr,20200315,1.98
isr,20200322,0.64
isr,20200329,7.63
isr,20200405,15.22
isr,20200412,2.08
isr,20200419,9.32
isr,20200426,2.8
isr,20200503,-1.08
isr,20200510,1.84
isr,20200517,2.6
isr,20200524,16.75
isr,20200531,3.04
isr,20200607,1.44
isr,20200614,0.99
isr,20200621,0.49
isr,20200628,-0.52
isr,20200705,-1.83
isr,20200712,7.04
isr,20200719,6.97
isr,20200726,0.33
isr,20200802,18.75
isr,20200809,6.17
isr,20200816,19.36
isr,20200823,14.14
isr,20200830,12.02
isr,20200906,13.1
isr,20200913,22.44
isr,20200920,26.05
isr,20200927,27.47
isr,20201004,24.77
isr,20201011,35.47
isr,20201018,27.61
isr,20201025,24.24
isr,20201101,8.92
isr,20201108,5.42
isr,20201115,-7.15
isr,20201122,7.93
isr,20201129,0.77
isr,20201206,4.1
isr,20201213,0.18
isr,20201220,5.13
isr,20201227,1.75
isr,20210103,13.87
isr,20210110,16.93
isr,20210117,17.11
isr,20210124,20.73
isr,20210131,20.73
isr,20210207,15.89
isr,20210214,9.82
isr,20210221,7.62
isr,20210228,0.03
isr,20210307,0.07
isr,20210314,8.06
isr,20210321,12.23
isr,20210328,12.48
isr,20210404,0.73
isr,20210411,12.87
isr,20210418,7.89
isr,20210425,3.19
isr,20210502,2.22
isr,20210509,2.37
isr,20210516,7.66
isr,20210523,6.48
isr,20210530,1.69
isr,20210606,-1.76
isr,20210613,-1.69
isr,20210620,3.69
isr,20210627,9.76
isr,20210704,6.88
isr,20210711,5.22
isr,20210718,-4.33
isr,20210725,14.91
isr,20210801,9.17
isr,20210808,19.64
isr,20210815,26.1
isr,20210822,31.75
isr,20210829,29.89
isr,20210905,34.7
isr,20210912,24.2
isr,20210919,30.45
isr,20210926,18.64
isr,20211003,17.65
isr,20211010,17.98
isr,20211017,10.79
isr,20211024,12.25
isr,20211031,3.24
isr,20211107,3.89
isr,20211114,4.6
ita,20200202,-6.19
ita,20200209,-5.62
ita,20200216,-3.81
ita,20200223,-4.77
ita,20200301,-1.08
ita,20200308,8.53
ita,20200315,38.3
ita,20200322,72.92
ita,20200329,85.62
ita,20200405,68.98
ita,20200412,56.04
ita,20200419,40.18
ita,20200426,25.15
ita,20200503,13.55
ita,20200510,8.76
ita,20200517,6.42
ita,20200524,0.75
ita,20200531,-1.36
ita,20200607,-2.21
ita,20200614,-5.3
ita,20200621,-0.45
ita,20200628,7.4
ita,20200705,7.78
ita,20200712,-2.22
ita,20200719,-5.09
ita,20200726,-4.42
ita,20200802,7.74
ita,20200809,-0.39
ita,20200816,9.34
ita,20200823,8.85
ita,20200830,7.92
ita,20200906,5.09
ita,20200913,7.9
ita,20200920,8.46
ita,20200927,1.85
ita,20201004,7.02
ita,20201011,4.12
ita,20201018,9.47
ita,20201025,23.29
ita,20201101,35.53
ita,20201108,46.22
ita,20201115,54.68
ita,20201122,55.22
ita,20201129,55.66
ita,20201206,43.99
ita,20201213,35.51
ita,20201220,27.73
ita,20201227,12.83
ita,20210103,16.91
ita,20210110,8.34
ita,20210117,7.1
ita,20210124,10.55
ita,20210131,9.03
ita,20210207,5.09
ita,20210214,-0.58
ita,20210221,4.92
ita,20210228,3.24
ita,20210307,6.12
ita,20210314,12.17
ita,20210321,17.58
ita,20210328,25.6
ita,20210404,25.46
ita,20210411,22.46
ita,20210418,19.94
ita,20210425,21.27
ita,20210502,16.3
ita,20210509,9.95
ita,20210516,6.68
ita,20210523,7.66
ita,20210530,5.05
ita,20210606,6.67
ita,20210613,3.47
ita,20210620,2.76
ita,20210627,14.14
ita,20210704,9.2
ita,20210711,3.42
ita,20210718,-1.76
ita,20210725,2.81
ita,20210801,6.18
ita,20210808,5.38
ita,20210815,11.07
ita,20210822,11.34
ita,20210829,7.58
ita,20210905,7.64
ita,20210912,10.41
ita,20210919,10.32
ita,20210926,3.29
jam,20200331,-10.46
jam,20200430,-4.23
jam,20200531,-8.05
jam,20200630,-4.96
jam,20200731,-7.98
jam,20200831,4.16
jam,20200930,7.21
jam,20201031,3.38
jam,20201130,1.92
jpn,20200131,-5.57
jpn,20200229,-4.46
jpn,20200331,-3.9
jpn,20200430,-0.81
jpn,20200531,-3.17
jpn,20200630,-3.39
jpn,20200731,-3.9
jpn,20200831,0.25
jpn,20200930,-1.02
jpn,20201031,0.77
jpn,20201130,-1.4
jpn,20201231,3.06
jpn,20210131,0.29
jpn,20210228,-2.85
jpn,20210331,-0.33
jpn,20210430,3.4
jpn,20210531,5.99
jpn,20210630,4.61
jpn,20210731,2.86
jpn,20210831,5.84
jpn,20210930,6.57
kaz,20200331,-23.0
kaz,20200430,-60.07
kaz,20200531,28.32
kaz,20200630,37.61
kaz,20200731,142.05
kaz,20200831,68.72
kaz,20200930,28.85
kaz,20201031,12.41
kaz,20201130,15.51
kaz,20201231,21.73
kaz,20210131,1.67
kaz,20210228,5.86
kaz,20210331,12.87
kaz,20210430,19.73
kaz,20210531,26.93
kaz,20210630,18.78
kaz,20210731,43.45
kaz,20210831,130.27
kaz,20210930,88.25
owid_kos,20200331,14.43
owid_kos,20200430,-29.04
owid_kos,20200531,14.74
owid_kos,20200630,-1.78
owid_kos,20200731,75.68
owid_kos,20200831,93.82
owid_kos,20200930,87.72
owid_kos,20201031,37.84
owid_kos,20201130,61.1
owid_kos,20201231,36.46
owid_kos,20210131,60.94
owid_kos,20210228,38.45
owid_kos,20210331,81.01
owid_kos,20210430,90.12
owid_kos,20210531,36.15
owid_kos,20210630,19.02
owid_kos,20210731,15.18
owid_kos,20210831,73.23
owid_kos,20210930,111.26
kwt,20200229,1.54
kwt,20200331,0.09
kwt,20200430,18.78
kwt,20200531,125.93
kwt,20200630,111.04
kwt,20200731,79.4
kwt,20200831,61.79
kwt,20200930,55.01
kwt,20201031,56.91
kwt,20201130,40.57
kwt,20201231,14.51
kgz,20200331,-11.82
kgz,20200430,-52.1
kgz,20200531,6.84
kgz,20200630,38.69
kgz,20200731,42.65
kgz,20200831,76.77
kgz,20200930,37.36
kgz,20201031,25.9
kgz,20201130,53.42
kgz,20201231,41.21
kgz,20210131,0.85
kgz,20210228,3.22
kgz,20210331,15.74
kgz,20210430,14.69
kgz,20210531,4.98
kgz,20210630,31.52
kgz,20210731,35.24
kgz,20210831,47.31
kgz,20210930,33.17
lva,20200301,-15.94
lva,20200308,-17.35
lva,20200315,-6.41
lva,20200322,-8.51
lva,20200329,-9.68
lva,20200405,-0.8
lva,20200412,-0.25
lva,20200419,-5.65
lva,20200426,2.71
lva,20200503,3.65
lva,20200510,-15.2
lva,20200517,12.07
lva,20200524,4.47
lva,20200531,-2.5
lva,20200607,1.86
lva,20200614,10.43
lva,20200621,-1.57
lva,20200628,13.68
lva,20200705,5.52
lva,20200712,-5.68
lva,20200719,0.46
lva,20200726,0.86
lva,20200802,1.02
lva,20200809,6.41
lva,20200816,7.64
lva,20200823,8.3
lva,20200830,-0.13
lva,20200906,2.56
lva,20200913,-3.02
lva,20200920,-2.21
lva,20200927,2.52
lva,20201004,2.41
lva,20201011,-1.44
lva,20201018,5.05
lva,20201025,11.69
lva,20201101,5.04
lva,20201108,10.54
lva,20201115,9.79
lva,20201122,13.21
lva,20201129,16.52
lva,20201206,23.71
lva,20201213,31.08
lva,20201220,25.34
lva,20201227,42.11
lva,20210103,28.77
lva,20210110,38.18
lva,20210117,33.08
lva,20210124,26.16
lva,20210131,28.04
lva,20210207,26.13
lva,20210214,19.79
lva,20210221,13.39
lva,20210228,6.87
lva,20210307,-4.53
lva,20210314,-1.7
lva,20210321,6.72
lva,20210328,-3.32
lva,20210404,1.02
lva,20210411,-4.79
lva,20210418,3.27
lva,20210425,9.21
lva,20210502,15.31
lva,20210509,18.55
lva,20210516,21.12
lva,20210523,15.31
lva,20210530,8.74
lva,20210606,7.71
lva,20210613,27.87
lva,20210620,9.16
lva,20210627,35.77
lva,20210704,23.43
lva,20210711,18.61
lva,20210718,25.7
lva,20210725,-3.55
lva,20210801,10.66
lva,20210808,12.7
lva,20210815,4.5
lva,20210822,12.37
lva,20210829,1.76
lva,20210905,11.28
lva,20210912,28.57
lva,20210919,11.49
lva,20210926,23.9
lva,20211003,23.18
lva,20211010,24.1
lva,20211017,49.98
lva,20211024,71.82
lva,20211031,76.96
lva,20211107,71.55
lva,20211114,76.11
lva,20211121,58.93
lbn,20200229,8.87
lbn,20200331,-8.75
lbn,20200430,-12.52
lbn,20200531,3.25
lbn,20200630,-5.24
lbn,20200731,2.14
lbn,20200831,13.54
lbn,20200930,27.88
lbn,20201031,28.2
lbn,20201130,43.78
lbn,20201231,52.27
lbn,20210131,78.5
lbn,20210228,81.79
lbn,20210331,82.55
lbn,20210430,72.37
lbn,20210531,17.88
lbn,20210630,4.24
lbn,20210731,12.61
lbn,20210831,32.28
lbn,20210930,29.07
lie,20200331,-17.86
lie,20200430,5.77
lie,20200531,10.53
lie,20200630,-10.0
lie,20200731,-14.41
lie,20200831,-0.86
lie,20200930,40.19
lie,20201031,0.0
lie,20201130,72.57
lie,20201231,127.68
lie,20210131,21.09
lie,20210228,10.58
lie,20210331,-42.86
lie,20210430,39.42
lie,20210531,26.32
lie,20210630,-45.0
lie,20210731,17.12
lie,20210831,-13.79
lie,20210930,-15.89
lie,20211031,-13.04
ltu,20200301,-1.19
ltu,20200308,-2.58
ltu,20200315,0.19
ltu,20200322,6.28
ltu,20200329,10.49
ltu,20200405,3.65
ltu,20200412,8.35
ltu,20200419,6.33
ltu,20200426,9.88
ltu,20200503,9.68
ltu,20200510,0.29
ltu,20200517,6.49
ltu,20200524,-1.85
ltu,20200531,6.05
ltu,20200607,5.89
ltu,20200614,23.55
ltu,20200621,14.65
ltu,20200628,19.07
ltu,20200705,6.21
ltu,20200712,7.48
ltu,20200719,16.34
ltu,20200726,9.54
ltu,20200802,11.49
ltu,20200809,8.18
ltu,20200816,14.86
ltu,20200823,21.25
ltu,20200830,10.4
ltu,20200906,7.05
ltu,20200913,20.44
ltu,20200920,11.32
ltu,20200927,17.28
ltu,20201004,8.0
ltu,20201011,14.02
ltu,20201018,14.54
ltu,20201025,16.76
ltu,20201101,20.98
ltu,20201108,26.75
ltu,20201115,36.02
ltu,20201122,57.34
ltu,20201129,58.0
ltu,20201206,71.35
ltu,20201213,75.06
ltu,20201220,86.61
ltu,20201227,80.12
ltu,20210103,73.4
ltu,20210110,44.64
ltu,20210117,42.18
ltu,20210124,24.07
ltu,20210131,25.45
ltu,20210207,11.5
ltu,20210214,15.42
ltu,20210221,10.71
ltu,20210228,-8.76
ltu,20210307,4.44
ltu,20210314,12.54
ltu,20210321,5.51
ltu,20210328,8.66
ltu,20210404,3.05
ltu,20210411,18.1
ltu,20210418,12.54
ltu,20210425,16.51
ltu,20210502,13.24
ltu,20210509,24.52
ltu,20210516,19.46
ltu,20210523,20.01
ltu,20210530,10.78
ltu,20210606,16.01
ltu,20210613,15.98
ltu,20210620,20.54
ltu,20210627,37.28
ltu,20210704,0.13
ltu,20210711,25.64
ltu,20210718,31.33
ltu,20210725,4.46
ltu,20210801,6.5
ltu,20210808,9.64
ltu,20210815,15.04
ltu,20210822,23.02
ltu,20210829,23.47
ltu,20210905,16.67
ltu,20210912,35.52
ltu,20210919,44.23
ltu,20210926,48.68
ltu,20211003,50.19
ltu,20211010,44.29
ltu,20211017,55.41
ltu,20211024,41.8
ltu,20211031,51.58
ltu,20211107,46.93
ltu,20211114,47.56
ltu,20211121,38.31
ltu,20211128,40.59
lux,20200301,-20.77
lux,20200308,-14.66
lux,20200315,-0.46
lux,20200322,-5.23
lux,20200329,22.83
lux,20200405,1.79
lux,20200412,49.87
lux,20200419,3.77
lux,20200426,3.75
lux,20200503,-11.08
lux,20200510,14.17
lux,20200517,3.63
lux,20200524,-6.33
lux,20200531,2.67
lux,20200607,-8.29
lux,20200614,-12.94
lux,20200621,7.73
lux,20200628,-10.19
lux,20200705,-13.58
lux,20200712,-15.31
lux,20200719,-6.41
lux,20200726,-11.91
lux,20200802,12.62
lux,20200809,15.67
lux,20200816,24.06
lux,20200823,-1.37
lux,20200830,-25.43
lux,20200906,5.13
lux,20200913,-8.29
lux,20200920,18.85
lux,20200927,-13.39
lux,20201004,-1.2
lux,20201011,-23.84
lux,20201018,7.94
lux,20201025,15.96
lux,20201101,7.69
lux,20201108,27.25
lux,20201115,37.65
lux,20201122,38.77
lux,20201129,67.5
lux,20201206,30.33
lux,20201213,42.21
lux,20201220,17.19
lux,20201227,30.0
lux,20210103,7.78
lux,20210110,9.07
lux,20210117,-4.38
lux,20210124,-4.51
lux,20210131,15.79
lux,20210207,-8.74
lux,20210214,-13.42
lux,20210221,-9.71
lux,20210228,-10.6
lux,20210307,-4.71
lux,20210314,5.75
lux,20210321,31.58
lux,20210328,-15.03
lux,20210404,-15.22
lux,20210411,-1.57
lux,20210418,-3.1
lux,20210425,-2.12
lux,20210502,16.25
lux,20210509,-0.77
lux,20210516,-17.32
lux,20210523,11.4
lux,20210530,-17.27
lux,20210606,-12.0
lux,20210613,1.76
lux,20210620,5.72
lux,20210627,-4.7
lux,20210704,13.94
lux,20210711,-6.17
lux,20210718,-0.23
lux,20210725,-11.54
lux,20210801,-18.11
lux,20210808,-7.18
lux,20210815,-4.23
lux,20210822,-18.55
lux,20210829,-1.37
lux,20210905,-0.98
lux,20210912,12.47
lux,20210919,-7.04
lux,20210926,-5.74
lux,20211003,2.77
lux,20211010,13.25
lux,20211017,-24.94
lux,20211024,1.74
lux,20211031,37.16
lux,20211107,10.99
mac,20210228,4.72
mac,20210331,-4.45
mac,20210430,2.24
mac,20210531,-0.71
mac,20210630,5.55
mac,20210731,-7.82
mac,20210831,6.33
mac,20210930,0.87
mac,20211031,8.06
mys,20200131,3.76
mys,20200229,-3.52
mys,20200331,-5.89
mys,20200430,-11.86
mys,20200531,-8.78
mys,20200630,-10.43
mys,20200731,-11.44
mys,20200831,-7.15
mys,20200930,-7.13
mys,20201031,-6.35
mys,20201130,-12.53
mys,20201231,-9.48
mys,20210131,-0.35
mys,20210228,-5.77
mys,20210331,-6.06
mys,20210430,-3.05
mys,20210531,-0.39
mys,20210630,-0.45
mys,20210731,45.8
mys,20210831,59.47
mys,20210930,34.14
mlt,20200308,-16.86
mlt,20200315,15.68
mlt,20200322,28.08
mlt,20200329,10.19
mlt,20200405,-2.34
mlt,20200412,7.54
mlt,20200419,29.17
mlt,20200426,-14.89
mlt,20200503,3.93
mlt,20200510,1.14
mlt,20200517,8.56
mlt,20200524,-21.45
mlt,20200531,-5.1
mlt,20200607,3.5
mlt,20200614,-17.63
mlt,20200621,0.33
mlt,20200628,-26.33
mlt,20200705,7.14
mlt,20200712,-4.91
mlt,20200719,8.11
mlt,20200726,-7.74
mlt,20200802,-5.88
mlt,20200809,-7.35
mlt,20200816,-7.94
mlt,20200823,32.35
mlt,20200830,12.31
mlt,20200906,6.29
mlt,20200913,-2.44
mlt,20200920,7.14
mlt,20200927,32.89
mlt,20201004,36.36
mlt,20201011,7.9
mlt,20201018,-9.62
mlt,20201025,2.76
mlt,20201101,36.09
mlt,20201108,32.91
mlt,20201115,31.58
mlt,20201122,28.24
mlt,20201129,26.02
mlt,20201206,45.21
mlt,20201213,36.0
mlt,20201220,45.72
mlt,20201227,25.0
mlt,20210103,-1.32
mlt,20210110,-8.1
mlt,20210117,-5.83
mlt,20210124,12.72
mlt,20210131,0.65
mlt,20210207,-3.3
mlt,20210214,-0.22
mlt,20210221,25.29
mlt,20210228,14.81
mlt,20210307,24.71
mlt,20210314,24.7
mlt,20210321,20.82
mlt,20210328,5.91
mlt,20210404,7.44
mlt,20210411,-14.06
mlt,20210418,-3.63
mlt,20210425,-11.11
mlt,20210502,-10.33
mlt,20210509,-1.69
mlt,20210516,9.69
mlt,20210523,14.68
mlt,20210530,16.31
mlt,20210606,-24.93
mlt,20210613,-9.24
mlt,20210620,-1.73
mlt,20210627,-7.89
mlt,20210704,44.2
mlt,20210711,2.48
mlt,20210718,16.56
mlt,20210725,6.42
mlt,20210801,-7.74
mlt,20210808,32.35
mlt,20210815,35.29
mlt,20210822,-14.29
mlt,20210829,24.18
mlt,20210905,4.62
mlt,20210912,7.78
mlt,20210919,11.28
mlt,20210926,-14.97
mlt,20211003,39.53
mlt,20211010,5.52
mlt,20211017,-17.93
mlt,20211024,26.82
mlt,20211031,-12.58
mlt,20211107,7.03
mlt,20211114,-1.9
mlt,20211121,-30.75
mus,20200331,-4.65
mus,20200430,-4.53
mus,20200531,-4.05
mus,20200630,1.37
mus,20200731,-6.58
mus,20200831,-1.56
mus,20200930,-8.79
mus,20201031,-1.76
mus,20201130,0.03
mus,20201231,-3.28
mus,20210131,-3.45
mus,20210228,-2.28
mus,20210331,-2.29
mus,20210430,-2.95
mus,20210531,-4.59
mus,20210630,6.05
mex,20200105,-1.37
mex,20200112,0.92
mex,20200119,-1.38
mex,20200126,-3.37
mex,20200202,-5.44
mex,20200209,-2.45
mex,20200216,-5.91
mex,20200223,-6.63
mex,20200301,-9.09
mex,20200308,-6.23
mex,20200315,-5.47
mex,20200322,-9.62
mex,20200329,-4.2
mex,20200405,-5.89
mex,20200412,0.18
mex,20200419,8.11
mex,20200426,21.56
mex,20200503,34.65
mex,20200510,48.13
mex,20200517,59.52
mex,20200524,63.74
mex,20200531,68.01
mex,20200607,75.87
mex,20200614,82.17
mex,20200621,81.15
mex,20200628,82.26
mex,20200705,86.43
mex,20200712,93.4
mex,20200719,91.78
mex,20200726,85.86
mex,20200802,77.94
mex,20200809,74.33
mex,20200816,65.23
mex,20200823,60.4
mex,20200830,54.46
mex,20200906,48.23
mex,20200913,41.31
mex,20200920,34.77
mex,20200927,38.37
mex,20201004,32.13
mex,20201011,34.73
mex,20201018,33.8
mex,20201025,38.49
mex,20201101,40.84
mex,20201108,48.45
mex,20201115,48.61
mex,20201122,47.76
mex,20201129,51.05
mex,20201206,56.47
mex,20201213,61.74
mex,20201220,69.13
mex,20201227,78.78
mex,20210103,97.49
mex,20210110,117.32
mex,20210117,162.41
mex,20210124,172.4
mex,20210131,127.46
mex,20210207,98.21
mex,20210214,67.11
mex,20210221,60.68
mex,20210228,55.01
mex,20210307,34.55
mex,20210314,32.65
mex,20210321,26.78
mex,20210328,22.63
mex,20210404,19.48
mex,20210411,21.49
mex,20210418,21.49
mex,20210425,16.14
mex,20210502,11.11
mex,20210509,9.2
mex,20210516,6.97
mex,20210523,2.94
mex,20210530,1.99
mex,20210606,2.01
mex,20210613,3.97
mex,20210620,6.12
mex,20210627,4.96
mex,20210704,8.52
mex,20210711,13.9
mex,20210718,21.24
mex,20210725,34.18
mex,20210801,50.83
mex,20210808,70.01
mex,20210815,88.05
mex,20210822,98.03
mex,20210829,92.86
mex,20210905,87.83
mex,20210912,72.81
mex,20210919,59.37
mex,20210926,45.01
mex,20211003,34.66
mex,20211010,16.48
mex,20211017,7.77
mex,20211024,-4.16
mda,20200331,-15.36
mda,20200430,-21.81
mda,20200531,28.61
mda,20200630,20.55
mda,20200731,30.54
mda,20200831,9.37
mda,20200930,31.66
mda,20201031,29.3
mda,20201130,21.75
mda,20201231,57.05
mda,20210131,8.82
mda,20210228,17.87
mda,20210331,53.41
mda,20210430,49.34
mda,20210531,12.17
mda,20210630,9.18
mco,20200229,-16.86
mco,20200331,26.49
mco,20200430,12.78
mco,20200531,1.88
mco,20200630,8.64
mco,20200731,-7.73
mco,20200831,19.11
mco,20200930,14.88
mco,20201031,11.11
mco,20201130,-15.15
mco,20201231,25.31
mco,20210131,15.77
mco,20210228,61.66
mco,20210331,57.52
mco,20210430,0.25
mco,20210531,55.5
mco,20210630,-24.79
mco,20210731,-2.74
mco,20210831,24.65
mco,20210930,20.1
mco,20211031,18.2
mng,20200331,-14.33
mng,20200430,-7.44
mng,20200531,-13.61
mng,20200630,-6.63
mng,20200731,-3.08
mng,20200831,-7.37
mng,20200930,-3.69
mng,20201031,-2.73
mng,20201130,-7.56
mng,20201231,-22.02
mng,20210131,-22.49
mng,20210228,-9.78
mng,20210331,-8.43
mng,20210430,4.85
mng,20210531,-5.9
mng,20210630,22.61
mng,20210731,25.75
mng,20210831,16.78
mng,20210930,38.87
mng,20211031,56.91
mne,20200322,-6.25
mne,20200329,25.0
mne,20200405,-15.35
mne,20200412,0.65
mne,20200419,-6.3
mne,20200426,-20.6
mne,20200503,-9.68
mne,20200510,-15.63
mne,20200517,1.59
mne,20200524,-1.05
mne,20200531,1.59
mne,20200607,-10.11
mne,20200614,-9.46
mne,20200621,-14.55
mne,20200628,-5.58
mne,20200705,34.85
mne,20200712,16.89
mne,20200719,25.43
mne,20200726,17.47
mne,20200802,23.16
mne,20200809,3.97
mne,20200816,-0.18
mne,20200823,21.02
mne,20200830,27.99
mne,20200906,20.33
mne,20200913,11.11
mne,20200920,11.77
mne,20200927,31.62
mne,20201004,15.5
mne,20201011,22.5
mne,20201018,33.17
mne,20201025,51.49
mne,20201101,43.09
mne,20201108,39.65
mne,20201115,28.33
mne,20201122,57.73
mne,20201129,36.07
mne,20201206,29.26
mne,20201213,16.1
mne,20201220,28.95
mne,20201227,35.02
mne,20210103,120.82
mne,20210110,29.05
mne,20210117,16.04
mne,20210124,25.32
mne,20210131,17.01
mne,20210207,34.49
mne,20210214,49.78
mne,20210221,61.07
mne,20210228,47.26
mne,20210307,51.66
mne,20210314,48.59
mne,20210321,86.89
mne,20210328,35.42
mne,20210404,85.0
mne,20210411,41.32
mne,20210418,51.39
mne,20210425,58.37
mne,20210502,47.01
mne,20210509,24.19
mne,20210516,46.54
mne,20210523,36.04
nld,20200301,-8.61
nld,20200308,-9.14
nld,20200315,-1.65
nld,20200322,14.8
nld,20200329,42.74
nld,20200405,69.95
nld,20200412,70.23
nld,20200419,47.9
nld,20200426,35.94
nld,20200503,20.34
nld,20200510,4.38
nld,20200517,-0.99
nld,20200524,-1.1
nld,20200531,-2.15
nld,20200607,-1.59
nld,20200614,-0.81
nld,20200621,-0.06
nld,20200628,-3.02
nld,20200705,-6.44
nld,20200712,-3.54
nld,20200719,-7.67
nld,20200726,-3.44
nld,20200802,-0.53
nld,20200809,-2.46
nld,20200816,20.96
nld,20200823,6.48
nld,20200830,1.93
nld,20200906,1.66
nld,20200913,0.66
nld,20200920,0.51
nld,20200927,4.16
nld,20201004,7.2
nld,20201011,4.42
nld,20201018,13.54
nld,20201025,19.68
nld,20201101,28.36
nld,20201108,22.71
nld,20201115,22.2
nld,20201122,11.75
nld,20201129,14.14
nld,20201206,15.95
nld,20201213,14.5
nld,20201220,24.26
nld,20201227,25.2
nld,20210103,32.0
nld,20210110,23.23
nld,20210117,12.18
nld,20210124,14.6
nld,20210131,8.75
nld,20210207,7.77
nld,20210214,5.32
nld,20210221,3.33
nld,20210228,-7.56
nld,20210307,-8.4
nld,20210314,-5.11
nld,20210321,-7.0
nld,20210328,-3.27
nld,20210404,1.76
nld,20210411,5.68
nld,20210418,7.29
nld,20210425,7.94
nld,20210502,8.58
nld,20210509,6.75
nld,20210516,5.33
nld,20210523,6.56
nld,20210530,0.19
nld,20210606,7.78
nld,20210613,5.82
nld,20210620,5.83
nld,20210627,-0.83
nld,20210704,1.83
nld,20210711,0.61
nld,20210718,5.74
nld,20210725,1.38
nld,20210801,5.13
nld,20210808,10.36
nld,20210815,4.66
nld,20210822,9.05
nld,20210829,8.97
nld,20210905,6.48
nld,20210912,16.42
nld,20210919,6.9
nld,20210926,6.53
nld,20211003,10.39
nld,20211010,9.3
nld,20211017,5.32
nld,20211024,14.81
nld,20211031,17.04
nld,20211107,21.64
nld,20211114,27.63
nld,20211121,35.95
nld,20211128,38.99
nld,20211205,44.34
nzl,20200301,-3.35
nzl,20200308,-0.94
nzl,20200315,-4.18
nzl,20200322,-0.42
nzl,20200329,-3.16
nzl,20200405,-0.38
nzl,20200412,4.29
nzl,20200419,1.34
nzl,20200426,-2.14
nzl,20200503,-13.72
nzl,20200510,-6.23
nzl,20200517,-5.31
nzl,20200524,-10.01
nzl,20200531,-13.93
nzl,20200607,-12.1
nzl,20200614,-8.9
nzl,20200621,-10.83
nzl,20200628,-13.17
nzl,20200705,-14.31
nzl,20200712,-17.09
nzl,20200719,-8.72
nzl,20200726,-11.14
nzl,20200802,-12.41
nzl,20200809,-17.05
nzl,20200816,-16.14
nzl,20200823,-9.73
nzl,20200830,-17.31
nzl,20200906,-10.31
nzl,20200913,-13.62
nzl,20200920,-15.0
nzl,20200927,-10.96
nzl,20201004,-4.57
nzl,20201011,-12.47
nzl,20201018,-5.85
nzl,20201025,5.42
nzl,20201101,-11.27
nzl,20201108,-2.98
nzl,20201115,-6.54
nzl,20201122,-5.79
nzl,20201129,3.25
nzl,20201206,4.52
nzl,20201213,-0.13
nzl,20201220,7.79
nzl,20201227,0.03
nzl,20210103,7.87
nzl,20210110,9.76
nzl,20210117,0.61
nzl,20210124,7.4
nzl,20210131,-3.3
nzl,20210207,4.87
nzl,20210214,6.73
nzl,20210221,-0.37
nzl,20210228,-0.82
nzl,20210307,3.96
nzl,20210314,0.19
nzl,20210321,0.45
nzl,20210328,2.64
nzl,20210404,7.27
nzl,20210411,0.25
nzl,20210418,0.77
nzl,20210425,-2.63
nzl,20210502,6.54
nzl,20210509,0.89
nzl,20210516,-4.89
nzl,20210523,4.36
nzl,20210530,-2.61
nzl,20210606,-2.34
nzl,20210613,-3.64
nzl,20210620,4.56
nzl,20210627,-7.92
nzl,20210704,-7.86
nzl,20210711,3.16
nzl,20210718,2.56
nzl,20210725,-0.95
nzl,20210801,-1.64
nzl,20210808,0.96
nzl,20210815,1.26
nzl,20210822,1.46
nzl,20210829,-3.25
nzl,20210905,0.58
nzl,20210912,1.22
nzl,20210919,-11.41
nzl,20210926,-7.98
nzl,20211003,-6.15
nzl,20211010,-6.04
nzl,20211017,-7.01
nzl,20211024,3.18
nzl,20211031,-3.15
nzl,20211107,-2.46
nzl,20211114,1.01
nzl,20211121,3.67
nzl,20211128,-6.4
nic,20200331,33.63
nic,20200430,56.79
nic,20200531,60.92
nic,20200630,54.43
nic,20200731,60.27
nic,20200831,61.06
mkd,20200229,-5.52
mkd,20200331,-6.12
mkd,20200430,9.74
mkd,20200531,2.47
mkd,20200630,29.51
mkd,20200731,20.5
mkd,20200831,19.5
mkd,20200930,20.33
mkd,20201031,35.84
mkd,20201130,136.33
mkd,20201231,80.23
mkd,20210131,5.19
mkd,20210228,21.91
mkd,20210331,48.22
mkd,20210430,97.38
mkd,20210531,51.7
mkd,20210630,26.37
mkd,20210731,19.43
mkd,20210831,42.67
mkd,20210930,112.64
nor,20200301,-4.61
nor,20200308,-7.89
nor,20200315,-0.15
nor,20200322,-0.86
nor,20200329,9.46
nor,20200405,4.08
nor,20200412,7.06
nor,20200419,6.69
nor,20200426,-0.26
nor,20200503,1.13
nor,20200510,0.76
nor,20200517,-5.33
nor,20200524,1.2
nor,20200531,-7.1
nor,20200607,-5.08
nor,20200614,1.16
nor,20200621,2.21
nor,20200628,-6.71
nor,20200705,-6.77
nor,20200712,-6.83
nor,20200719,4.4
nor,20200726,1.05
nor,20200802,7.74
nor,20200809,2.9
nor,20200816,3.64
nor,20200823,4.02
nor,20200830,-4.56
nor,20200906,-1.77
nor,20200913,10.97
nor,20200920,7.42
nor,20200927,0.76
nor,20201004,7.38
nor,20201011,-0.72
nor,20201018,-4.7
nor,20201025,4.74
nor,20201101,5.13
nor,20201108,1.6
nor,20201115,-0.31
nor,20201122,2.83
nor,20201129,-2.35
nor,20201206,-4.39
nor,20201213,2.14
nor,20201220,-1.41
nor,20201227,-5.16
nor,20210103,-4.14
nor,20210110,-10.22
nor,20210117,-5.19
nor,20210124,-5.1
nor,20210131,-3.6
nor,20210207,-11.54
nor,20210214,-5.33
nor,20210221,-12.3
nor,20210228,-12.76
nor,20210307,-19.67
nor,20210314,-8.58
nor,20210321,-4.62
nor,20210328,-5.51
nor,20210404,-8.1
nor,20210411,-2.56
nor,20210418,-4.41
nor,20210425,-1.8
nor,20210502,-0.13
nor,20210509,-6.29
nor,20210516,-4.13
nor,20210523,2.13
nor,20210530,-0.03
nor,20210606,1.74
nor,20210613,2.08
nor,20210620,-4.66
nor,20210627,-3.46
nor,20210704,-1.94
nor,20210711,3.13
nor,20210718,-0.28
nor,20210725,4.96
nor,20210801,2.99
nor,20210808,10.63
nor,20210815,8.62
nor,20210822,10.99
nor,20210829,9.33
nor,20210905,7.59
nor,20210912,8.47
nor,20210919,15.92
nor,20210926,13.54
nor,20211003,8.62
nor,20211010,10.53
nor,20211017,6.76
nor,20211024,12.14
nor,20211031,16.58
nor,20211107,19.75
nor,20211114,21.24
nor,20211121,11.47
nor,20211128,11.44
omn,20200229,-6.75
omn,20200331,-0.58
omn,20200430,-6.97
omn,20200531,1.01
omn,20200630,17.55
omn,20200731,31.45
omn,20200831,30.88
omn,20200930,44.3
omn,20201031,40.27
omn,20201130,18.31
omn,20201231,4.58
omn,20210131,-3.03
omn,20210228,-0.72
omn,20210331,6.96
omn,20210430,48.12
omn,20210531,63.38
omn,20210630,135.78
omn,20210731,133.65
omn,20210831,33.35
omn,20210930,-4.65
omn,20211031,1.86
pan,20200331,-24.61
pan,20200430,-95.92
pan,20200531,47.31
pan,20200630,31.81
pan,20200731,51.17
pan,20200831,50.92
pan,20200930,35.4
pan,20201031,18.35
pan,20201130,21.89
pan,20201231,19.77
pan,20210131,75.5
pan,20210228,91.84
pan,20210331,42.75
pan,20210430,10.66
pan,20210531,6.49
pan,20210630,12.71
pry,20200331,10.63
pry,20200430,-3.45
pry,20200531,-9.44
pry,20200630,-12.68
pry,20200731,-8.43
pry,20200831,12.82
pry,20200930,21.32
pry,20201031,24.49
pry,20201130,20.88
pry,20201231,28.05
pry,20210131,15.16
pry,20210228,29.75
pry,20210331,69.81
pry,20210430,134.17
pry,20210531,146.18
pry,20210630,111.89
pry,20210731,48.26
pry,20210831,11.51
per,20200105,13.52
per,20200112,17.13
per,20200119,12.15
per,20200126,14.34
per,20200202,4.27
per,20200209,12.69
per,20200216,12.66
per,20200223,9.71
per,20200301,9.28
per,20200308,12.57
per,20200315,12.83
per,20200322,4.83
per,20200329,4.38
per,20200405,13.51
per,20200412,23.57
per,20200419,45.03
per,20200426,88.83
per,20200503,123.59
per,20200510,164.63
per,20200517,181.45
per,20200524,191.12
per,20200531,195.94
per,20200607,190.13
per,20200614,190.03
per,20200621,175.06
per,20200628,159.14
per,20200705,157.69
per,20200712,179.37
per,20200719,184.16
per,20200726,184.94
per,20200802,191.49
per,20200809,193.03
per,20200816,188.62
per,20200823,163.31
per,20200830,133.97
per,20200906,101.18
per,20200913,82.55
per,20200920,64.8
per,20200927,48.28
per,20201004,41.66
per,20201011,35.94
per,20201018,29.12
per,20201025,29.65
per,20201101,21.6
per,20201108,26.81
per,20201115,31.89
per,20201122,26.82
per,20201129,24.92
per,20201206,25.04
per,20201213,28.41
per,20201220,37.35
per,20201227,38.48
per,20210103,46.6
per,20210110,77.84
per,20210117,107.9
per,20210124,155.25
per,20210131,198.06
per,20210207,199.8
per,20210214,238.64
per,20210221,235.55
per,20210228,211.95
per,20210307,208.98
per,20210314,219.47
per,20210321,215.45
per,20210328,229.39
per,20210404,249.15
per,20210411,272.87
per,20210418,283.2
per,20210425,261.79
per,20210502,249.32
per,20210509,213.55
per,20210516,195.0
per,20210523,164.71
per,20210530,140.75
per,20210606,124.6
per,20210613,93.61
per,20210620,76.59
per,20210627,59.16
per,20210704,52.4
per,20210711,41.62
per,20210718,36.31
per,20210725,29.96
per,20210801,25.62
per,20210808,23.29
per,20210815,22.91
per,20210822,20.33
per,20210829,28.05
per,20210905,19.69
per,20210912,16.87
per,20210919,16.5
per,20210926,16.99
per,20211003,14.34
per,20211010,21.1
per,20211017,15.8
per,20211024,12.97
per,20211031,12.42
per,20211107,16.5
per,20211114,14.04
per,20211121,17.03
per,20211128,18.99
per,20211205,22.64
phl,20200131,-3.07
phl,20200229,-4.93
phl,20200331,-10.01
phl,20200430,-11.28
phl,20200531,-3.93
phl,20200630,-1.68
phl,20200731,4.51
phl,20200831,5.69
phl,20200930,2.62
phl,20201031,-0.58
phl,20201130,-0.62
phl,20201231,0.96
phl,20210131,3.94
phl,20210228,8.81
phl,20210331,20.01
phl,20210430,33.79
phl,20210531,35.32
phl,20210630,33.88
phl,20210731,30.66
pol,20200308,-6.3
pol,20200315,-3.39
pol,20200322,-2.92
pol,20200329,-3.49
pol,20200405,-3.19
pol,20200412,-1.3
pol,20200419,3.54
pol,20200426,-2.17
pol,20200503,0.45
pol,20200510,-0.02
pol,20200517,1.26
pol,20200524,-0.22
pol,20200531,1.28
pol,20200607,4.05
pol,20200614,3.32
pol,20200621,-0.85
pol,20200628,1.0
pol,20200705,4.67
pol,20200712,0.19
pol,20200719,1.94
pol,20200726,-0.67
pol,20200802,3.74
pol,20200809,6.46
pol,20200816,10.48
pol,20200823,11.19
pol,20200830,0.15
pol,20200906,3.48
pol,20200913,6.41
pol,20200920,9.74
pol,20200927,6.55
pol,20201004,6.28
pol,20201011,16.79
pol,20201018,27.98
pol,20201025,56.57
pol,20201101,86.73
pol,20201108,108.42
pol,20201115,99.45
pol,20201122,86.96
pol,20201129,71.08
pol,20201206,58.83
pol,20201213,47.66
pol,20201220,40.42
pol,20201227,41.39
pol,20210103,37.27
pol,20210110,30.33
pol,20210117,24.52
pol,20210124,24.66
pol,20210131,16.56
pol,20210207,7.76
pol,20210214,8.86
pol,20210221,10.25
pol,20210228,8.88
pol,20210307,11.77
pol,20210314,21.32
pol,20210321,32.8
pol,20210328,46.99
pol,20210404,63.79
pol,20210411,67.11
pol,20210418,57.85
pol,20210425,51.73
pol,20210502,39.92
pol,20210509,30.54
pol,20210516,27.62
pol,20210523,16.26
pol,20210530,8.8
pol,20210606,8.23
pol,20210613,8.41
pol,20210620,11.34
pol,20210627,11.99
pol,20210704,3.21
pol,20210711,4.62
pol,20210718,7.99
pol,20210725,-0.18
pol,20210801,2.61
pol,20210808,-1.59
pol,20210815,1.39
pol,20210822,1.4
pol,20210829,3.49
pol,20210905,-0.47
pol,20210912,10.51
pol,20210919,8.07
pol,20210926,7.72
pol,20211003,5.22
pol,20211010,6.58
pol,20211017,7.96
pol,20211024,10.09
pol,20211031,17.33
pol,20211107,17.91
pol,20211114,24.96
prt,20200301,-8.18
prt,20200308,-8.7
prt,20200315,1.5
prt,20200322,7.77
prt,20200329,15.0
prt,20200405,18.65
prt,20200412,20.81
prt,20200419,15.95
prt,20200426,13.26
prt,20200503,7.25
prt,20200510,10.18
prt,20200517,2.35
prt,20200524,5.15
prt,20200531,18.63
prt,20200607,4.76
prt,20200614,-2.87
prt,20200621,-4.7
prt,20200628,11.43
prt,20200705,10.68
prt,20200712,17.98
prt,20200719,40.52
prt,20200726,28.0
prt,20200802,13.51
prt,20200809,5.12
prt,20200816,3.64
prt,20200823,2.53
prt,20200830,12.7
prt,20200906,8.78
prt,20200913,21.75
prt,20200920,13.68
prt,20200927,-1.16
prt,20201004,9.11
prt,20201011,12.33
prt,20201018,11.22
prt,20201025,9.54
prt,20201101,21.52
prt,20201108,23.18
prt,20201115,28.61
prt,20201122,24.83
prt,20201129,19.89
prt,20201206,24.39
prt,20201213,29.89
prt,20201220,19.27
prt,20201227,7.8
prt,20210103,21.62
prt,20210110,34.79
prt,20210117,61.49
prt,20210124,73.32
prt,20210131,67.44
prt,20210207,45.08
prt,20210214,25.77
prt,20210221,6.2
prt,20210228,-0.92
prt,20210307,-6.39
prt,20210314,-10.54
prt,20210321,-9.15
prt,20210328,-9.14
prt,20210404,-3.58
prt,20210411,-10.72
prt,20210418,-8.96
prt,20210425,-7.01
prt,20210502,-7.22
prt,20210509,0.89
prt,20210516,-2.96
prt,20210523,-8.5
prt,20210530,1.39
prt,20210606,-4.24
prt,20210613,0.88
prt,20210620,3.11
prt,20210627,-8.87
prt,20210704,2.71
prt,20210711,4.88
prt,20210718,8.64
prt,20210725,3.89
prt,20210801,3.81
prt,20210808,5.72
prt,20210815,5.12
prt,20210822,13.68
prt,20210829,6.7
prt,20210905,13.08
prt,20210912,5.24
prt,20210919,4.61
prt,20210926,8.76
prt,20211003,5.38
prt,20211010,8.55
prt,20211017,11.29
prt,20211024,2.82
prt,20211031,7.52
prt,20211107,4.77
prt,20211114,16.17
prt,20211121,15.59
prt,20211128,15.51
qat,20200229,7.9
qat,20200331,17.74
qat,20200430,-10.03
qat,20200531,20.63
qat,20200630,66.58
qat,20200731,54.15
qat,20200831,17.88
qat,20200930,19.54
qat,20201031,19.89
qat,20201130,-14.42
qat,20201231,7.86
qat,20210131,10.02
qat,20210228,-3.0
qat,20210331,33.19
qat,20210430,114.09
qat,20210531,38.37
qat,20210630,25.89
qat,20210731,19.77
qat,20210831,24.65
qat,20210930,-7.03
qat,20211031,14.06
rou,20200301,-5.53
rou,20200308,-6.1
rou,20200315,-6.29
rou,20200322,-5.95
rou,20200329,-2.0
rou,20200405,-0.25
rou,20200412,2.52
rou,20200419,1.67
rou,20200426,3.5
rou,20200503,-1.22
rou,20200510,2.17
rou,20200517,4.65
rou,20200524,-2.9
rou,20200531,-1.58
rou,20200607,5.21
rou,20200614,7.94
rou,20200621,-2.84
rou,20200628,5.18
rou,20200705,17.87
rou,20200712,8.78
rou,20200719,6.92
rou,20200726,6.67
rou,20200802,18.29
rou,20200809,17.68
rou,20200816,17.45
rou,20200823,18.13
rou,20200830,18.66
rou,20200906,15.85
rou,20200913,15.22
rou,20200920,15.4
rou,20200927,11.27
rou,20201004,11.62
rou,20201011,18.55
rou,20201018,23.59
rou,20201025,31.54
rou,20201101,40.09
rou,20201108,55.42
rou,20201115,60.02
rou,20201122,66.11
rou,20201129,68.4
rou,20201206,66.48
rou,20201213,55.4
rou,20201220,38.44
rou,20201227,34.59
rou,20210103,27.74
rou,20210110,13.59
rou,20210117,9.81
rou,20210124,18.32
rou,20210131,8.21
rou,20210207,7.19
rou,20210214,5.14
rou,20210221,4.86
rou,20210228,4.56
rou,20210307,9.77
rou,20210314,15.52
rou,20210321,25.48
rou,20210328,32.55
rou,20210404,35.85
rou,20210411,37.57
rou,20210418,39.15
rou,20210425,33.7
rou,20210502,31.34
rou,20210509,19.08
rou,20210516,18.28
rou,20210523,13.29
rou,20210530,5.28
rou,20210606,3.9
rou,20210613,3.92
rou,20210620,-1.58
rou,20210627,14.07
rou,20210704,4.09
rou,20210711,3.4
rou,20210718,8.67
rou,20210725,3.98
rou,20210801,6.58
rou,20210808,2.22
rou,20210815,-1.37
rou,20210822,2.79
rou,20210829,3.53
rou,20210905,5.09
rou,20210912,19.73
rou,20210919,34.99
rou,20210926,42.35
rou,20211003,61.66
rou,20211010,91.78
rou,20211017,116.62
rou,20211024,125.64
rou,20211031,62.95
rus,20200131,-3.33
rus,20200229,2.61
rus,20200331,-0.59
rus,20200430,3.61
rus,20200531,15.21
rus,20200630,17.02
rus,20200731,23.25
rus,20200831,14.54
rus,20200930,19.24
rus,20201031,47.13
rus,20201130,64.04
rus,20201231,56.3
rus,20210131,31.96
rus,20210228,20.29
rus,20210331,22.76
rus,20210430,14.37
rus,20210531,7.9
rus,20210630,28.98
rus,20210731,50.36
rus,20210831,47.57
rus,20210930,45.27
rus,20211031,68.52
rus,20211130,83.46
smr,20200229,14.04
smr,20200331,129.36
smr,20200430,33.62
smr,20200531,20.19
smr,20200630,31.82
smr,20200731,22.45
smr,20200831,0.0
smr,20200930,-11.76
smr,20201031,26.26
smr,20201130,20.37
smr,20201231,104.55
smr,20210131,-9.84
smr,20210228,40.35
smr,20210331,65.14
smr,20210430,20.69
smr,20210531,0.96
smr,20210630,-9.09
smr,20210731,22.45
smr,20210831,4.76
smr,20210930,12.75
smr,20211031,31.31
srb,20200229,0.86
srb,20200331,-1.02
srb,20200430,2.99
srb,20200531,6.09
srb,20200630,8.37
srb,20200731,27.07
srb,20200831,12.97
srb,20200930,10.41
srb,20201031,-0.57
srb,20201130,33.15
srb,20201231,95.79
srb,20210131,0.25
srb,20210228,11.39
srb,20210331,41.65
srb,20210430,51.16
srb,20210531,29.81
srb,20210630,18.44
srb,20210731,6.71
srb,20210831,9.31
srb,20210930,49.95
srb,20211031,74.57
syc,20200331,-17.63
syc,20200430,-18.73
syc,20200531,-41.43
syc,20200630,-25.93
syc,20200731,-20.68
syc,20200831,-26.04
syc,20200930,-17.18
syc,20201031,-43.72
syc,20201130,-9.84
syc,20201231,-8.83
syc,20210131,1.17
syc,20210228,12.8
syc,20210331,1.16
syc,20210430,-2.2
syc,20210531,30.0
syc,20210630,55.27
sgp,20200131,10.8
sgp,20200229,3.68
sgp,20200331,0.5
sgp,20200430,7.22
sgp,20200531,-1.42
sgp,20200630,-6.07
sgp,20200731,-8.68
sgp,20200831,-0.76
sgp,20200930,1.34
sgp,20201031,-4.43
sgp,20201130,0.75
sgp,20201231,-0.79
sgp,20210131,-1.02
sgp,20210228,3.74
sgp,20210331,2.09
sgp,20210430,8.34
sgp,20210531,3.73
sgp,20210630,3.16
sgp,20210731,3.62
sgp,20210831,4.58
sgp,20210930,12.69
svk,20200308,-1.76
svk,20200315,1.38
svk,20200322,9.43
svk,20200329,-0.22
svk,20200405,5.89
svk,20200412,-4.52
svk,20200419,-5.22
svk,20200426,-3.62
svk,20200503,-1.43
svk,20200510,4.76
svk,20200517,3.15
svk,20200524,-1.29
svk,20200531,-4.75
svk,20200607,3.87
svk,20200614,0.4
svk,20200621,-6.36
svk,20200628,0.59
svk,20200705,4.21
svk,20200712,2.76
svk,20200719,-0.56
svk,20200726,-6.93
svk,20200802,0.42
svk,20200809,9.9
svk,20200816,-0.28
svk,20200823,2.16
svk,20200830,6.66
svk,20200906,1.95
svk,20200913,8.33
svk,20200920,-2.04
svk,20200927,4.61
svk,20201004,14.15
svk,20201011,8.37
svk,20201018,18.59
svk,20201025,29.45
svk,20201101,35.56
svk,20201108,42.04
svk,20201115,39.63
svk,20201122,35.3
svk,20201129,40.66
svk,20201206,48.61
svk,20201213,52.78
svk,20201220,48.0
svk,20201227,63.34
svk,20210103,89.21
svk,20210110,79.51
svk,20210117,82.68
svk,20210124,65.57
svk,20210131,69.14
svk,20210207,62.0
svk,20210214,73.66
svk,20210221,68.19
svk,20210228,64.2
svk,20210307,55.95
svk,20210314,54.96
svk,20210321,51.62
svk,20210328,46.03
svk,20210404,38.79
svk,20210411,30.77
svk,20210418,24.7
svk,20210425,24.1
svk,20210502,15.12
svk,20210509,14.42
svk,20210516,17.38
svk,20210523,5.26
svk,20210530,-0.67
svk,20210606,4.23
svk,20210613,7.32
svk,20210620,7.15
svk,20210627,13.74
svk,20210704,3.81
svk,20210711,5.27
svk,20210718,5.5
svk,20210725,-6.33
svk,20210801,-0.32
svk,20210808,-3.05
svk,20210815,-0.01
svk,20210822,4.59
svk,20210829,-5.29
svk,20210905,3.01
svk,20210912,9.1
svk,20210919,19.22
svk,20210926,15.96
svk,20211003,7.92
svk,20211010,17.77
svk,20211017,16.26
svk,20211024,25.28
svk,20211031,29.86
svn,20200202,-5.01
svn,20200209,-5.01
svn,20200216,5.53
svn,20200223,-5.59
svn,20200301,-8.94
svn,20200308,0.54
svn,20200315,-3.55
svn,20200322,2.52
svn,20200329,-11.14
svn,20200405,-7.73
svn,20200412,10.85
svn,20200419,4.87
svn,20200426,-0.33
svn,20200503,-5.8
svn,20200510,1.79
svn,20200517,-3.93
svn,20200524,10.26
svn,20200531,-9.17
svn,20200607,-4.19
svn,20200614,6.71
svn,20200621,4.15
svn,20200628,20.39
svn,20200705,0.84
svn,20200712,-8.3
svn,20200719,-4.37
svn,20200726,-3.02
svn,20200802,7.41
svn,20200809,1.84
svn,20200816,6.96
svn,20200823,-5.34
svn,20200830,-8.51
svn,20200906,5.99
svn,20200913,5.67
svn,20200920,12.3
svn,20200927,-2.77
svn,20201004,5.89
svn,20201011,4.93
svn,20201018,14.4
svn,20201025,29.7
svn,20201101,54.26
svn,20201108,61.28
svn,20201115,83.42
svn,20201122,89.43
svn,20201129,105.13
svn,20201206,93.06
svn,20201213,86.27
svn,20201220,70.59
svn,20201227,61.75
svn,20210103,55.39
svn,20210110,32.44
svn,20210117,32.79
svn,20210124,23.04
svn,20210131,7.95
svn,20210207,4.97
svn,20210214,-8.19
svn,20210221,-10.24
svn,20210228,0.62
svn,20210307,-6.61
svn,20210314,4.57
svn,20210321,-2.67
svn,20210328,-2.57
svn,20210404,-0.21
svn,20210411,-2.43
svn,20210418,10.07
svn,20210425,10.68
svn,20210502,-2.87
svn,20210509,2.94
svn,20210516,7.13
svn,20210523,10.45
svn,20210530,6.18
svn,20210606,13.13
svn,20210613,7.19
svn,20210620,11.8
svn,20210627,5.54
svn,20210704,11.83
svn,20210711,-7.31
svn,20210718,-6.91
svn,20210725,-11.17
svn,20210801,-3.02
svn,20210808,-9.81
svn,20210815,-3.39
svn,20210822,-11.32
svn,20210829,-12.31
svn,20210905,5.72
svn,20210912,18.88
svn,20210919,8.36
svn,20210926,12.03
svn,20211003,17.82
svn,20211010,5.63
svn,20211017,14.03
svn,20211024,21.66
svn,20211031,16.33
svn,20211107,40.78
svn,20211114,47.84
svn,20211121,36.26
zaf,20200209,8.1
zaf,20200216,3.1
zaf,20200223,4.02
zaf,20200301,-4.03
zaf,20200308,5.32
zaf,20200315,3.05
zaf,20200322,1.17
zaf,20200329,-3.75
zaf,20200405,-9.3
zaf,20200412,-7.07
zaf,20200419,-8.24
zaf,20200426,-12.57
zaf,20200503,-16.7
zaf,20200510,-12.13
zaf,20200517,-11.56
zaf,20200524,-8.54
zaf,20200531,-9.39
zaf,20200607,-8.52
zaf,20200614,-4.34
zaf,20200621,9.41
zaf,20200628,13.84
zaf,20200705,20.18
zaf,20200712,37.71
zaf,20200719,53.79
zaf,20200726,56.73
zaf,20200802,41.38
zaf,20200809,29.86
zaf,20200816,19.67
zaf,20200823,18.65
zaf,20200830,10.88
zaf,20200906,6.37
zaf,20200913,3.0
zaf,20200920,-0.68
zaf,20200927,2.86
zaf,20201004,-4.28
zaf,20201011,6.67
zaf,20201018,10.7
zaf,20201025,9.13
zaf,20201101,3.71
zaf,20201108,7.98
zaf,20201115,15.09
zaf,20201122,15.51
zaf,20201129,6.43
zaf,20201206,18.57
zaf,20201213,33.33
zaf,20201220,39.74
zaf,20201227,71.97
zaf,20210103,98.48
zaf,20210110,130.74
zaf,20210117,169.32
zaf,20210124,141.02
zaf,20210131,77.71
zaf,20210207,49.84
zaf,20210214,30.45
zaf,20210221,27.07
zaf,20210228,19.68
zaf,20210307,16.64
zaf,20210314,16.87
zaf,20210321,11.5
zaf,20210328,12.9
zaf,20210404,13.0
zaf,20210411,12.16
zaf,20210418,14.63
zaf,20210425,13.26
zaf,20210502,13.31
zaf,20210509,12.64
zaf,20210516,15.12
zaf,20210523,14.82
zaf,20210530,21.05
zaf,20210606,25.08
zaf,20210613,24.77
zaf,20210620,21.09
zaf,20210627,38.65
zaf,20210704,51.98
zaf,20210711,62.34
zaf,20210718,92.83
zaf,20210725,87.54
zaf,20210801,80.36
zaf,20210808,57.46
zaf,20210815,43.03
zaf,20210822,48.03
zaf,20210829,42.32
zaf,20210905,40.74
zaf,20210912,27.69
zaf,20210919,19.4
zaf,20210926,16.87
zaf,20211003,11.71
zaf,20211010,7.14
zaf,20211017,11.49
zaf,20211024,9.0
zaf,20211031,4.32
zaf,20211107,10.3
zaf,20211114,12.4
zaf,20211121,8.61
zaf,20211128,6.45
zaf,20211205,16.11
kor,20200126,2.47
kor,20200202,1.51
kor,20200209,4.1
kor,20200216,-0.29
kor,20200223,-4.09
kor,20200301,-2.94
kor,20200308,-2.62
kor,20200315,-1.76
kor,20200322,-1.65
kor,20200329,-3.56
kor,20200405,-4.66
kor,20200412,1.78
kor,20200419,-1.64
kor,20200426,-1.95
kor,20200503,3.33
kor,20200510,-2.61
kor,20200517,-4.56
kor,20200524,-1.73
kor,20200531,-4.37
kor,20200607,2.27
kor,20200614,1.66
kor,20200621,-0.99
kor,20200628,-0.04
kor,20200705,0.07
kor,20200712,-3.11
kor,20200719,1.26
kor,20200726,0.46
kor,20200802,-1.53
kor,20200809,-2.7
kor,20200816,4.85
kor,20200823,8.89
kor,20200830,6.57
kor,20200906,1.28
kor,20200913,1.94
kor,20200920,3.19
kor,20200927,2.12
kor,20201004,0.34
kor,20201011,3.55
kor,20201018,-0.13
kor,20201025,2.98
kor,20201101,3.29
kor,20201108,2.47
kor,20201115,2.13
kor,20201122,0.7
kor,20201129,-2.93
kor,20201206,2.91
kor,20201213,-1.34
kor,20201220,-4.68
kor,20201227,-1.82
kor,20210103,-1.55
kor,20210110,-3.3
kor,20210117,-2.11
kor,20210124,-3.65
kor,20210131,-8.03
kor,20210207,-4.28
kor,20210214,-6.78
kor,20210221,-1.96
kor,20210228,-5.29
kor,20210307,-4.19
kor,20210314,-0.53
kor,20210321,-0.3
kor,20210328,-1.08
kor,20210404,-0.32
kor,20210411,-1.79
kor,20210418,2.64
kor,20210425,-0.55
kor,20210502,0.98
kor,20210509,0.75
kor,20210516,4.33
kor,20210523,-2.56
kor,20210530,3.08
kor,20210606,0.05
kor,20210613,3.11
kor,20210620,3.14
kor,20210627,3.75
kor,20210704,4.34
kor,20210711,4.15
kor,20210718,5.61
kor,20210725,8.68
kor,20210801,8.38
kor,20210808,4.53
kor,20210815,3.55
kor,20210822,6.49
kor,20210829,5.16
kor,20210905,5.18
kor,20210912,5.91
kor,20210919,5.22
kor,20210926,5.51
kor,20211003,4.02
esp,20200202,-0.77
esp,20200209,-5.92
esp,20200216,-8.07
esp,20200223,-10.59
esp,20200301,-8.62
esp,20200308,-4.54
esp,20200315,10.7
esp,20200322,54.95
esp,20200329,138.19
esp,20200405,156.63
esp,20200412,115.5
esp,20200419,68.99
esp,20200426,35.13
esp,20200503,19.0
esp,20200510,11.17
esp,20200517,-0.51
esp,20200524,2.12
esp,20200531,4.04
esp,20200607,-3.14
esp,20200614,-6.27
esp,20200621,-6.22
esp,20200628,1.2
esp,20200705,-0.63
esp,20200712,1.54
esp,20200719,0.71
esp,20200726,5.55
esp,20200802,14.54
esp,20200809,12.78
esp,20200816,13.88
esp,20200823,11.4
esp,20200830,13.15
esp,20200906,12.54
esp,20200913,17.41
esp,20200920,16.46
esp,20200927,12.58
esp,20201004,14.63
esp,20201011,18.27
esp,20201018,17.36
esp,20201025,27.24
esp,20201101,26.62
esp,20201108,33.07
esp,20201115,26.15
esp,20201122,21.01
esp,20201129,16.44
esp,20201206,15.93
esp,20201213,11.34
esp,20201220,5.47
esp,20201227,-1.01
esp,20210103,2.55
esp,20210110,7.52
esp,20210117,17.27
esp,20210124,26.05
esp,20210131,27.21
esp,20210207,17.8
esp,20210214,8.57
esp,20210221,1.09
esp,20210228,-1.91
esp,20210307,-5.21
esp,20210314,-4.3
esp,20210321,-3.27
esp,20210328,1.42
esp,20210404,0.73
esp,20210411,1.71
esp,20210418,1.41
esp,20210425,5.38
esp,20210502,4.06
esp,20210509,9.37
esp,20210516,3.8
esp,20210523,1.88
esp,20210530,0.9
esp,20210606,3.12
esp,20210613,6.63
esp,20210620,9.15
esp,20210627,-0.59
esp,20210704,3.66
esp,20210711,0.35
esp,20210718,1.48
esp,20210725,14.59
esp,20210801,15.58
esp,20210808,18.24
esp,20210815,21.06
esp,20210822,24.79
esp,20210829,18.58
esp,20210905,14.85
esp,20210912,17.06
esp,20210919,12.89
esp,20210926,9.15
esp,20211003,7.56
esp,20211010,7.57
esp,20211017,6.66
esp,20211024,7.47
esp,20211031,1.0
esp,20211107,4.7
esp,20211114,11.72
esp,20211121,1.17
swe,20200202,-0.46
swe,20200209,-7.16
swe,20200216,-4.01
swe,20200223,-9.39
swe,20200301,-8.75
swe,20200308,-3.44
swe,20200315,-7.67
swe,20200322,4.9
swe,20200329,13.12
swe,20200405,33.14
swe,20200412,47.96
swe,20200419,44.31
swe,20200426,34.92
swe,20200503,37.22
swe,20200510,34.99
swe,20200517,28.39
swe,20200524,24.68
swe,20200531,8.01
swe,20200607,15.47
swe,20200614,14.43
swe,20200621,10.32
swe,20200628,9.01
swe,20200705,1.03
swe,20200712,2.31
swe,20200719,-1.7
swe,20200726,0.68
swe,20200802,-0.39
swe,20200809,4.04
swe,20200816,0.69
swe,20200823,3.87
swe,20200830,-4.95
swe,20200906,-1.81
swe,20200913,0.17
swe,20200920,-1.86
swe,20200927,-0.23
swe,20201004,-3.8
swe,20201011,-4.46
swe,20201018,1.09
swe,20201025,-3.97
swe,20201101,1.42
swe,20201108,1.95
swe,20201115,11.71
swe,20201122,20.48
swe,20201129,13.8
swe,20201206,21.5
swe,20201213,22.09
swe,20201220,28.84
swe,20201227,27.66
swe,20210103,30.93
swe,20210110,18.57
swe,20210117,18.94
swe,20210124,17.07
swe,20210131,9.4
swe,20210207,-0.05
swe,20210214,0.24
swe,20210221,-2.95
swe,20210228,-7.58
swe,20210307,-14.48
swe,20210314,-4.16
swe,20210321,-9.74
swe,20210328,-2.89
swe,20210404,-6.8
swe,20210411,-4.07
swe,20210418,-3.57
swe,20210425,-2.6
swe,20210502,-3.02
swe,20210509,3.46
swe,20210516,3.06
swe,20210523,0.25
swe,20210530,-1.3
swe,20210606,-1.39
swe,20210613,-0.15
swe,20210620,-2.02
swe,20210627,-1.2
swe,20210704,-2.91
swe,20210711,-1.23
swe,20210718,0.94
swe,20210725,-2.0
swe,20210801,3.31
swe,20210808,-5.13
swe,20210815,4.92
swe,20210822,2.28
swe,20210829,2.57
swe,20210905,0.7
swe,20210912,4.2
swe,20210919,8.53
swe,20210926,5.34
swe,20211003,6.65
swe,20211010,-0.13
swe,20211017,1.21
swe,20211024,5.15
swe,20211031,2.29
swe,20211107,5.93
swe,20211114,4.47
swe,20211121,2.78
che,20200301,-12.11
che,20200308,-7.09
che,20200315,-0.41
che,20200322,13.07
che,20200329,25.73
che,20200405,43.09
che,20200412,31.91
che,20200419,26.93
che,20200426,13.61
che,20200503,0.71
che,20200510,-2.1
che,20200517,-2.9
che,20200524,-2.51
che,20200531,-5.75
che,20200607,-0.41
che,20200614,0.02
che,20200621,-3.23
che,20200628,-2.09
che,20200705,-2.03
che,20200712,-1.82
che,20200719,-9.83
che,20200726,-4.07
che,20200802,8.05
che,20200809,-0.53
che,20200816,4.5
che,20200823,2.37
che,20200830,-0.48
che,20200906,-1.19
che,20200913,4.41
che,20200920,1.64
che,20200927,1.82
che,20201004,-2.0
che,20201011,6.13
che,20201018,2.58
che,20201025,19.28
che,20201101,34.17
che,20201108,62.55
che,20201115,65.61
che,20201122,67.16
che,20201129,57.23
che,20201206,63.17
che,20201213,65.45
che,20201220,58.38
che,20201227,51.15
che,20210103,41.51
che,20210110,27.8
che,20210117,19.36
che,20210124,17.01
che,20210131,9.11
che,20210207,-3.27
che,20210214,-7.35
che,20210221,-14.8
che,20210228,-14.22
che,20210307,-16.8
che,20210314,-12.3
che,20210321,-12.83
che,20210328,-6.52
che,20210404,-4.66
che,20210411,-4.66
che,20210418,-0.13
che,20210425,0.19
che,20210502,4.62
che,20210509,-2.19
che,20210516,3.77
che,20210523,-0.12
che,20210530,-1.61
che,20210606,3.23
che,20210613,-6.02
che,20210620,3.66
che,20210627,-0.12
che,20210704,-2.84
che,20210711,-3.77
che,20210718,-2.07
che,20210725,-2.06
che,20210801,-4.32
che,20210808,-2.5
che,20210815,10.76
che,20210822,4.67
che,20210829,3.29
che,20210905,11.32
che,20210912,11.94
che,20210919,9.72
che,20210926,4.91
che,20211003,4.25
che,20211010,-4.21
che,20211017,2.39
che,20211024,2.58
che,20211031,5.69
che,20211107,-0.13
che,20211114,7.45
che,20211121,9.3
che,20211128,10.77
twn,20200131,-5.91
twn,20200229,10.38
twn,20200331,-8.55
twn,20200430,-2.25
twn,20200531,-9.21
twn,20200630,-2.32
twn,20200731,-3.57
twn,20200831,-9.72
twn,20200930,0.99
twn,20201031,-9.25
twn,20201130,-0.25
twn,20201231,2.84
twn,20210131,4.72
twn,20210228,1.16
twn,20210331,-6.53
twn,20210430,-3.24
twn,20210531,3.35
twn,20210630,16.99
twn,20210731,3.0
twn,20210831,1.49
twn,20210930,1.12
twn,20211031,-3.4
twn,20211130,9.76
tha,20200131,5.43
tha,20200229,0.11
tha,20200331,6.76
tha,20200430,-7.35
tha,20200531,-5.35
tha,20200630,2.6
tha,20200731,-2.24
tha,20200831,-1.5
tha,20200930,-1.63
tha,20201031,-3.86
tha,20201130,6.24
tha,20201231,9.12
tha,20210131,4.45
tha,20210228,-3.74
tha,20210331,12.65
tha,20210430,-1.85
tha,20210531,8.28
tha,20210630,13.11
tha,20210731,20.17
tha,20210831,37.24
tha,20210930,20.28
tha,20211031,7.25
tha,20211130,19.29
tun,20200331,-6.46
tun,20200430,-9.48
tun,20200531,-9.94
tun,20200630,-6.81
tun,20200731,-8.74
tun,20200831,2.53
tun,20200930,2.6
tun,20201031,37.29
tun,20201130,28.71
tun,20201231,26.04
tun,20210131,23.8
tun,20210228,-6.93
tun,20210331,-7.37
tun,20210430,31.54
ukr,20200331,-6.17
ukr,20200430,-4.74
ukr,20200531,-11.55
ukr,20200630,6.01
ukr,20200731,4.31
ukr,20200831,0.83
ukr,20200930,15.59
ukr,20201031,19.87
ukr,20201130,32.18
ukr,20201231,35.38
ukr,20210131,2.05
ukr,20210228,7.67
ukr,20210331,26.09
ukr,20210430,41.43
ukr,20210531,13.42
ukr,20210630,10.6
ukr,20210731,3.33
ukr,20210831,-0.25
ukr,20210930,15.72
gbr,20200202,-5.6
gbr,20200209,-7.66
gbr,20200216,-6.41
gbr,20200223,-6.92
gbr,20200301,-3.22
gbr,20200308,-5.46
gbr,20200315,-1.66
gbr,20200322,0.36
gbr,20200329,7.7
gbr,20200405,58.07
gbr,20200412,74.67
gbr,20200419,107.25
gbr,20200426,104.08
gbr,20200503,76.31
gbr,20200510,31.76
gbr,20200517,41.15
gbr,20200524,22.01
gbr,20200531,18.47
gbr,20200607,6.31
gbr,20200614,4.98
gbr,20200621,-0.63
gbr,20200628,-3.61
gbr,20200705,-1.27
gbr,20200712,-5.98
gbr,20200719,-3.13
gbr,20200726,-2.07
gbr,20200802,-1.05
gbr,20200809,-1.82
gbr,20200816,1.82
gbr,20200823,4.7
gbr,20200830,8.7
gbr,20200906,-14.02
gbr,20200913,4.7
gbr,20200920,1.75
gbr,20200927,1.09
gbr,20201004,4.71
gbr,20201011,1.1
gbr,20201018,5.84
gbr,20201025,10.39
gbr,20201101,10.61
gbr,20201108,14.05
gbr,20201115,17.96
gbr,20201122,20.27
gbr,20201129,19.12
gbr,20201206,14.45
gbr,20201213,12.53
gbr,20201220,10.87
gbr,20201227,40.23
gbr,20210103,24.58
gbr,20210110,46.32
gbr,20210117,26.43
gbr,20210124,37.61
gbr,20210131,41.1
gbr,20210207,37.82
gbr,20210214,26.36
gbr,20210221,17.46
gbr,20210228,8.14
gbr,20210307,2.92
gbr,20210314,-5.01
gbr,20210321,-8.41
gbr,20210328,-5.14
gbr,20210404,-18.53
gbr,20210411,-11.44
gbr,20210418,-12.59
gbr,20210425,-4.66
gbr,20210502,-7.43
gbr,20210509,-19.04
gbr,20210516,5.62
gbr,20210523,-3.37
gbr,20210530,-3.1
gbr,20210606,-4.17
gbr,20210613,2.03
gbr,20210620,0.56
gbr,20210627,-6.48
gbr,20210704,-4.62
gbr,20210711,5.6
gbr,20210718,4.55
gbr,20210725,7.23
gbr,20210801,11.64
gbr,20210808,11.87
gbr,20210815,13.2
gbr,20210822,10.74
gbr,20210829,11.42
gbr,20210905,8.2
gbr,20210912,19.51
gbr,20210919,18.44
gbr,20210926,15.57
gbr,20211003,12.74
gbr,20211010,14.16
gbr,20211017,14.3
gbr,20211024,14.68
gbr,20211031,13.36
gbr,20211107,16.82
gbr,20211114,16.95
gbr,20211121,15.91
gbr,20211128,10.8
usa,20200126,-2.65
usa,20200202,-2.68
usa,20200209,-1.86
usa,20200216,-2.4
usa,20200223,-1.08
usa,20200301,0.05
usa,20200308,0.42
usa,20200315,0.44
usa,20200322,2.0
usa,20200329,9.96
usa,20200405,26.35
usa,20200412,39.19
usa,20200419,37.92
usa,20200426,34.21
usa,20200503,25.8
usa,20200510,23.12
usa,20200517,20.02
usa,20200524,14.93
usa,20200531,12.09
usa,20200607,9.71
usa,20200614,9.04
usa,20200621,9.24
usa,20200628,10.47
usa,20200705,12.5
usa,20200712,17.22
usa,20200719,20.33
usa,20200726,22.64
usa,20200802,22.49
usa,20200809,21.09
usa,20200816,21.5
usa,20200823,19.75
usa,20200830,16.1
usa,20200906,14.02
usa,20200913,12.36
usa,20200920,12.3
usa,20200927,13.77
usa,20201004,10.04
usa,20201011,14.02
usa,20201018,10.59
usa,20201025,13.11
usa,20201101,14.64
usa,20201108,21.51
usa,20201115,22.07
usa,20201122,27.07
usa,20201129,28.92
usa,20201206,33.47
usa,20201213,40.41
usa,20201220,40.17
usa,20201227,41.42
usa,20210103,45.87
usa,20210110,38.54
usa,20210117,38.34
usa,20210124,35.63
usa,20210131,30.22
usa,20210207,26.53
usa,20210214,18.01
usa,20210221,15.35
usa,20210228,12.02
usa,20210307,7.37
usa,20210314,3.99
usa,20210321,3.27
usa,20210328,4.63
usa,20210404,2.3
usa,20210411,6.51
usa,20210418,3.97
usa,20210425,8.09
usa,20210502,8.51
usa,20210509,6.92
usa,20210516,7.54
usa,20210523,9.13
usa,20210530,6.6
usa,20210606,7.61
usa,20210613,5.82
usa,20210620,7.32
usa,20210627,6.94
usa,20210704,8.05
usa,20210711,6.68
usa,20210718,7.14
usa,20210725,10.42
usa,20210801,14.22
usa,20210808,19.53
usa,20210815,25.36
usa,20210822,31.32
usa,20210829,35.5
usa,20210905,36.32
usa,20210912,35.44
usa,20210919,34.05
usa,20210926,31.29
usa,20211003,28.51
usa,20211010,21.67
usa,20211017,17.88
usa,20211024,15.09
usa,20211031,12.36
ury,20200331,-1.9
ury,20200430,-2.79
ury,20200531,-8.86
ury,20200630,-18.39
ury,20200731,-11.54
ury,20200831,-13.24
ury,20200930,-8.49
ury,20201031,-5.7
ury,20201130,-3.53
ury,20201231,6.03
ury,20210131,17.67
ury,20210228,-20.99
ury,20210331,17.49
ury,20210430,72.93
ury,20210531,61.22
ury,20210630,33.77
ury,20210731,3.57
ury,20210831,-0.9
ury,20210930,-2.04
ury,20211031,-4.14
uzb,20200331,-7.05
uzb,20200430,-11.67
uzb,20200531,-9.45
uzb,20200630,12.16
uzb,20200731,25.13
uzb,20200831,67.22
uzb,20200930,19.79
uzb,20201031,29.73
uzb,20201130,9.6
uzb,20201231,5.68
uzb,20210131,15.64
uzb,20210228,8.93
uzb,20210331,0.09
uzb,20210430,-5.44
uzb,20210531,-4.48
uzb,20210630,19.01
uzb,20210731,25.95
uzb,20210831,40.99
uzb,20210930,58.9
