location,date,weekly_icu_admissions
cyp,20200322,6.0
cyp,20200329,16.0
cyp,20200405,9.0
cyp,20200412,8.0
cyp,20200419,3.0
cyp,20200426,2.0
cyp,20200503,1.0
cyp,20200510,1.0
cyp,20200802,1.0
cyp,20200809,1.0
cyp,20200823,1.0
cyp,20200913,1.0
cyp,20200927,2.0
cyp,20201004,3.0
cyp,20201018,1.0
cyp,20201025,4.0
cyp,20201101,3.0
cyp,20201108,6.0
cyp,20201115,13.0
cyp,20201122,6.0
cyp,20201129,8.0
cyp,20201206,10.0
cyp,20201213,7.0
cyp,20201220,15.0
cyp,20201227,21.0
cyp,20210103,12.0
cyp,20210110,22.0
cyp,20210117,27.0
cyp,20210124,16.0
cyp,20210131,9.0
cyp,20210207,7.0
cyp,20210214,11.0
cyp,20210221,10.0
cyp,20210228,3.0
cyp,20210307,9.0
cyp,20210314,24.0
cyp,20210321,18.0
cyp,20210328,24.0
cyp,20210404,21.0
cyp,20210411,24.0
cyp,20210418,27.0
cyp,20210425,24.0
cyp,20210502,22.0
cyp,20210509,18.0
cyp,20210516,16.0
cyp,20210523,13.0
cyp,20210530,5.0
cyp,20210606,1.0
cyp,20210613,5.0
cyp,20210620,8.0
cyp,20210627,2.0
cyp,20210704,11.0
cyp,20210711,10.0
cyp,20210718,22.0
cyp,20210725,26.0
cyp,20210801,31.0
cyp,20210808,31.0
cyp,20210815,31.0
cyp,20210822,19.0
cyp,20210829,11.0
cyp,20210905,9.0
cyp,20210912,14.0
cyp,20210919,13.0
cyp,20210926,15.0
cyp,20211003,5.0
cyp,20211010,4.0
cyp,20211017,6.0
cyp,20211024,7.0
cyp,20211031,9.0
cyp,20211107,5.0
cyp,20211114,12.0
cyp,20211121,10.0
cyp,20211128,13.0
cyp,20211205,16.0
cyp,20211212,17.0
cyp,20211219,22.0
cyp,20211226,20.0
cyp,20220102,18.0
cze,20200307,0.0
cze,20200308,0.0
cze,20200309,0.0
cze,20200310,0.0
cze,20200311,0.0
cze,20200312,0.0
cze,20200313,0.0
cze,20200314,0.0
cze,20200315,0.0
cze,20200316,3.0
cze,20200317,7.0
cze,20200318,8.0
cze,20200319,9.0
cze,20200320,14.0
cze,20200321,16.0
cze,20200322,25.0
cze,20200323,27.0
cze,20200324,30.0
cze,20200325,40.0
cze,20200326,45.0
cze,20200327,44.0
cze,20200328,51.0
cze,20200329,46.0
cze,20200330,52.0
cze,20200331,52.0
cze,20200401,49.0
cze,20200402,48.0
cze,20200403,51.0
cze,20200404,43.0
cze,20200405,43.0
cze,20200406,39.0
cze,20200407,42.0
cze,20200408,38.0
cze,20200409,37.0
cze,20200410,33.0
cze,20200411,36.0
cze,20200412,36.0
cze,20200413,29.0
cze,20200414,19.0
cze,20200415,18.0
cze,20200416,19.0
cze,20200417,20.0
cze,20200418,19.0
cze,20200419,21.0
cze,20200420,27.0
cze,20200421,32.0
cze,20200422,31.0
cze,20200423,29.0
cze,20200424,27.0
cze,20200425,25.0
cze,20200426,21.0
cze,20200427,17.0
cze,20200428,12.0
cze,20200429,11.0
cze,20200430,9.0
cze,20200501,8.0
cze,20200502,9.0
cze,20200503,7.0
cze,20200504,8.0
cze,20200505,8.0
cze,20200506,7.0
cze,20200507,9.0
cze,20200508,11.0
cze,20200509,9.0
cze,20200510,10.0
cze,20200511,8.0
cze,20200512,10.0
cze,20200513,12.0
cze,20200514,9.0
cze,20200515,7.0
cze,20200516,9.0
cze,20200517,8.0
cze,20200518,9.0
cze,20200519,7.0
cze,20200520,6.0
cze,20200521,6.0
cze,20200522,5.0
cze,20200523,4.0
cze,20200524,5.0
cze,20200525,4.0
cze,20200526,4.0
cze,20200527,3.0
cze,20200528,3.0
cze,20200529,4.0
cze,20200530,4.0
cze,20200531,3.0
cze,20200601,2.0
cze,20200602,2.0
cze,20200603,2.0
cze,20200604,3.0
cze,20200605,2.0
cze,20200606,2.0
cze,20200607,3.0
cze,20200608,3.0
cze,20200609,4.0
cze,20200610,5.0
cze,20200611,5.0
cze,20200612,5.0
cze,20200613,4.0
cze,20200614,4.0
cze,20200615,4.0
cze,20200616,3.0
cze,20200617,4.0
cze,20200618,5.0
cze,20200619,5.0
cze,20200620,5.0
cze,20200621,4.0
cze,20200622,5.0
cze,20200623,5.0
cze,20200624,4.0
cze,20200625,4.0
cze,20200626,4.0
cze,20200627,5.0
cze,20200628,5.0
cze,20200629,6.0
cze,20200630,6.0
cze,20200701,7.0
cze,20200702,5.0
cze,20200703,6.0
cze,20200704,6.0
cze,20200705,7.0
cze,20200706,5.0
cze,20200707,8.0
cze,20200708,8.0
cze,20200709,9.0
cze,20200710,9.0
cze,20200711,8.0
cze,20200712,7.0
cze,20200713,7.0
cze,20200714,4.0
cze,20200715,2.0
cze,20200716,3.0
cze,20200717,2.0
cze,20200718,2.0
cze,20200719,3.0
cze,20200720,3.0
cze,20200721,3.0
cze,20200722,3.0
cze,20200723,2.0
cze,20200724,3.0
cze,20200725,3.0
cze,20200726,3.0
cze,20200727,5.0
cze,20200728,5.0
cze,20200729,6.0
cze,20200730,6.0
cze,20200731,6.0
cze,20200801,6.0
cze,20200802,5.0
cze,20200803,4.0
cze,20200804,6.0
cze,20200805,6.0
cze,20200806,5.0
cze,20200807,6.0
cze,20200808,7.0
cze,20200809,12.0
cze,20200810,12.0
cze,20200811,11.0
cze,20200812,12.0
cze,20200813,14.0
cze,20200814,13.0
cze,20200815,13.0
cze,20200816,8.0
cze,20200817,8.0
cze,20200818,8.0
cze,20200819,7.0
cze,20200820,6.0
cze,20200821,8.0
cze,20200822,7.0
cze,20200823,7.0
cze,20200824,10.0
cze,20200825,9.0
cze,20200826,10.0
cze,20200827,10.0
cze,20200828,9.0
cze,20200829,14.0
cze,20200830,17.0
cze,20200831,16.0
cze,20200901,21.0
cze,20200902,22.0
cze,20200903,27.0
cze,20200904,29.0
cze,20200905,26.0
cze,20200906,27.0
cze,20200907,28.0
cze,20200908,26.0
cze,20200909,30.0
cze,20200910,25.0
cze,20200911,27.0
cze,20200912,30.0
cze,20200913,33.0
cze,20200914,35.0
cze,20200915,43.0
cze,20200916,42.0
cze,20200917,53.0
cze,20200918,60.0
cze,20200919,69.0
cze,20200920,74.0
cze,20200921,82.0
cze,20200922,88.0
cze,20200923,98.0
cze,20200924,105.0
cze,20200925,108.0
cze,20200926,108.0
cze,20200927,108.0
cze,20200928,117.0
cze,20200929,115.0
cze,20200930,122.0
cze,20201001,130.0
cze,20201002,132.0
cze,20201003,150.0
cze,20201004,165.0
cze,20201005,179.0
cze,20201006,208.0
cze,20201007,234.0
cze,20201008,238.0
cze,20201009,262.0
cze,20201010,270.0
cze,20201011,275.0
cze,20201012,292.0
cze,20201013,299.0
cze,20201014,305.0
cze,20201015,327.0
cze,20201016,338.0
cze,20201017,338.0
cze,20201018,368.0
cze,20201019,381.0
cze,20201020,406.0
cze,20201021,439.0
cze,20201022,473.0
cze,20201023,492.0
cze,20201024,532.0
cze,20201025,555.0
cze,20201026,602.0
cze,20201027,611.0
cze,20201028,590.0
cze,20201029,616.0
cze,20201030,624.0
cze,20201031,616.0
cze,20201101,610.0
cze,20201102,594.0
cze,20201103,603.0
cze,20201104,601.0
cze,20201105,576.0
cze,20201106,587.0
cze,20201107,565.0
cze,20201108,550.0
cze,20201109,522.0
cze,20201110,492.0
cze,20201111,478.0
cze,20201112,459.0
cze,20201113,425.0
cze,20201114,421.0
cze,20201115,390.0
cze,20201116,392.0
cze,20201117,371.0
cze,20201118,379.0
cze,20201119,365.0
cze,20201120,350.0
cze,20201121,352.0
cze,20201122,355.0
cze,20201123,330.0
cze,20201124,333.0
cze,20201125,325.0
cze,20201126,310.0
cze,20201127,300.0
cze,20201128,290.0
cze,20201129,283.0
cze,20201130,283.0
cze,20201201,270.0
cze,20201202,272.0
cze,20201203,281.0
cze,20201204,292.0
cze,20201205,281.0
cze,20201206,293.0
cze,20201207,302.0
cze,20201208,299.0
cze,20201209,286.0
cze,20201210,287.0
cze,20201211,288.0
cze,20201212,304.0
cze,20201213,305.0
cze,20201214,300.0
cze,20201215,307.0
cze,20201216,329.0
cze,20201217,324.0
cze,20201218,318.0
cze,20201219,322.0
cze,20201220,322.0
cze,20201221,320.0
cze,20201222,345.0
cze,20201223,347.0
cze,20201224,353.0
cze,20201225,366.0
cze,20201226,384.0
cze,20201227,410.0
cze,20201228,453.0
cze,20201229,479.0
cze,20201230,494.0
cze,20201231,530.0
cze,20210101,539.0
cze,20210102,547.0
cze,20210103,551.0
cze,20210104,570.0
cze,20210105,566.0
cze,20210106,572.0
cze,20210107,553.0
cze,20210108,561.0
cze,20210109,561.0
cze,20210110,564.0
cze,20210111,526.0
cze,20210112,512.0
cze,20210113,496.0
cze,20210114,500.0
cze,20210115,502.0
cze,20210116,493.0
cze,20210117,469.0
cze,20210118,461.0
cze,20210119,457.0
cze,20210120,453.0
cze,20210121,435.0
cze,20210122,436.0
cze,20210123,418.0
cze,20210124,415.0
cze,20210125,405.0
cze,20210126,405.0
cze,20210127,391.0
cze,20210128,398.0
cze,20210129,407.0
cze,20210130,420.0
cze,20210131,434.0
cze,20210201,438.0
cze,20210202,435.0
cze,20210203,439.0
cze,20210204,450.0
cze,20210205,440.0
cze,20210206,450.0
cze,20210207,448.0
cze,20210208,463.0
cze,20210209,453.0
cze,20210210,481.0
cze,20210211,489.0
cze,20210212,484.0
cze,20210213,459.0
cze,20210214,460.0
cze,20210215,456.0
cze,20210216,491.0
cze,20210217,486.0
cze,20210218,480.0
cze,20210219,496.0
cze,20210220,514.0
cze,20210221,523.0
cze,20210222,564.0
cze,20210223,569.0
cze,20210224,587.0
cze,20210225,619.0
cze,20210226,617.0
cze,20210227,654.0
cze,20210228,669.0
cze,20210301,675.0
cze,20210302,695.0
cze,20210303,708.0
cze,20210304,697.0
cze,20210305,710.0
cze,20210306,696.0
cze,20210307,699.0
cze,20210308,707.0
cze,20210309,682.0
cze,20210310,690.0
cze,20210311,673.0
cze,20210312,670.0
cze,20210313,671.0
cze,20210314,655.0
cze,20210315,633.0
cze,20210316,652.0
cze,20210317,628.0
cze,20210318,627.0
cze,20210319,618.0
cze,20210320,586.0
cze,20210321,582.0
cze,20210322,589.0
cze,20210323,560.0
cze,20210324,553.0
cze,20210325,554.0
cze,20210326,536.0
cze,20210327,545.0
cze,20210328,535.0
cze,20210329,510.0
cze,20210330,494.0
cze,20210331,473.0
cze,20210401,459.0
cze,20210402,453.0
cze,20210403,440.0
cze,20210404,424.0
cze,20210405,378.0
cze,20210406,434.0
cze,20210407,422.0
cze,20210408,410.0
cze,20210409,385.0
cze,20210410,374.0
cze,20210411,368.0
cze,20210412,389.0
cze,20210413,307.0
cze,20210414,299.0
cze,20210415,279.0
cze,20210416,291.0
cze,20210417,288.0
cze,20210418,276.0
cze,20210419,273.0
cze,20210420,278.0
cze,20210421,265.0
cze,20210422,265.0
cze,20210423,254.0
cze,20210424,236.0
cze,20210425,239.0
cze,20210426,211.0
cze,20210427,195.0
cze,20210428,199.0
cze,20210429,198.0
cze,20210430,195.0
cze,20210501,194.0
cze,20210502,182.0
cze,20210503,187.0
cze,20210504,186.0
cze,20210505,171.0
cze,20210506,157.0
cze,20210507,143.0
cze,20210508,140.0
cze,20210509,142.0
cze,20210510,134.0
cze,20210511,130.0
cze,20210512,125.0
cze,20210513,120.0
cze,20210514,115.0
cze,20210515,111.0
cze,20210516,100.0
cze,20210517,84.0
cze,20210518,78.0
cze,20210519,69.0
cze,20210520,64.0
cze,20210521,70.0
cze,20210522,71.0
cze,20210523,69.0
cze,20210524,72.0
cze,20210525,61.0
cze,20210526,64.0
cze,20210527,65.0
cze,20210528,52.0
cze,20210529,44.0
cze,20210530,47.0
cze,20210531,45.0
cze,20210601,46.0
cze,20210602,43.0
cze,20210603,37.0
cze,20210604,39.0
cze,20210605,37.0
cze,20210606,31.0
cze,20210607,24.0
cze,20210608,24.0
cze,20210609,21.0
cze,20210610,23.0
cze,20210611,18.0
cze,20210612,20.0
cze,20210613,19.0
cze,20210614,19.0
cze,20210615,16.0
cze,20210616,14.0
cze,20210617,12.0
cze,20210618,14.0
cze,20210619,12.0
cze,20210620,13.0
cze,20210621,9.0
cze,20210622,8.0
cze,20210623,6.0
cze,20210624,6.0
cze,20210625,6.0
cze,20210626,5.0
cze,20210627,4.0
cze,20210628,7.0
cze,20210629,9.0
cze,20210630,11.0
cze,20210701,10.0
cze,20210702,8.0
cze,20210703,8.0
cze,20210704,8.0
cze,20210705,10.0
cze,20210706,8.0
cze,20210707,7.0
cze,20210708,7.0
cze,20210709,8.0
cze,20210710,9.0
cze,20210711,10.0
cze,20210712,6.0
cze,20210713,6.0
cze,20210714,8.0
cze,20210715,8.0
cze,20210716,8.0
cze,20210717,7.0
cze,20210718,7.0
cze,20210719,8.0
cze,20210720,10.0
cze,20210721,8.0
cze,20210722,8.0
cze,20210723,8.0
cze,20210724,8.0
cze,20210725,8.0
cze,20210726,8.0
cze,20210727,7.0
cze,20210728,7.0
cze,20210729,9.0
cze,20210730,10.0
cze,20210731,10.0
cze,20210801,10.0
cze,20210802,9.0
cze,20210803,10.0
cze,20210804,10.0
cze,20210805,7.0
cze,20210806,8.0
cze,20210807,9.0
cze,20210808,9.0
cze,20210809,11.0
cze,20210810,12.0
cze,20210811,13.0
cze,20210812,14.0
cze,20210813,11.0
cze,20210814,10.0
cze,20210815,10.0
cze,20210816,10.0
cze,20210817,7.0
cze,20210818,7.0
cze,20210819,8.0
cze,20210820,10.0
cze,20210821,11.0
cze,20210822,11.0
cze,20210823,10.0
cze,20210824,12.0
cze,20210825,14.0
cze,20210826,13.0
cze,20210827,12.0
cze,20210828,12.0
cze,20210829,11.0
cze,20210830,11.0
cze,20210831,9.0
cze,20210901,7.0
cze,20210902,8.0
cze,20210903,11.0
cze,20210904,11.0
cze,20210905,13.0
cze,20210906,17.0
cze,20210907,19.0
cze,20210908,18.0
cze,20210909,17.0
cze,20210910,15.0
cze,20210911,15.0
cze,20210912,16.0
cze,20210913,16.0
cze,20210914,19.0
cze,20210915,20.0
cze,20210916,23.0
cze,20210917,23.0
cze,20210918,22.0
cze,20210919,23.0
cze,20210920,22.0
cze,20210921,20.0
cze,20210922,19.0
cze,20210923,18.0
cze,20210924,21.0
cze,20210925,28.0
cze,20210926,25.0
cze,20210927,24.0
cze,20210928,25.0
cze,20210929,26.0
cze,20210930,28.0
cze,20211001,26.0
cze,20211002,22.0
cze,20211003,27.0
cze,20211004,31.0
cze,20211005,37.0
cze,20211006,54.0
cze,20211007,53.0
cze,20211008,54.0
cze,20211009,57.0
cze,20211010,55.0
cze,20211011,68.0
cze,20211012,69.0
cze,20211013,57.0
cze,20211014,63.0
cze,20211015,66.0
cze,20211016,64.0
cze,20211017,66.0
cze,20211018,63.0
cze,20211019,65.0
cze,20211020,75.0
cze,20211021,77.0
cze,20211022,88.0
cze,20211023,103.0
cze,20211024,115.0
cze,20211025,114.0
cze,20211026,116.0
cze,20211027,129.0
cze,20211028,132.0
cze,20211029,140.0
cze,20211030,143.0
cze,20211031,143.0
cze,20211101,162.0
cze,20211102,183.0
cze,20211103,177.0
cze,20211104,191.0
cze,20211105,204.0
cze,20211106,215.0
cze,20211107,229.0
cze,20211108,238.0
cze,20211109,249.0
cze,20211110,263.0
cze,20211111,269.0
cze,20211112,270.0
cze,20211113,279.0
cze,20211114,289.0
cze,20211115,290.0
cze,20211116,287.0
cze,20211117,318.0
cze,20211118,347.0
cze,20211119,358.0
cze,20211120,369.0
cze,20211121,385.0
cze,20211122,404.0
cze,20211123,428.0
cze,20211124,410.0
cze,20211125,407.0
cze,20211126,434.0
cze,20211127,442.0
cze,20211128,423.0
cze,20211129,445.0
cze,20211130,438.0
cze,20211201,442.0
cze,20211202,435.0
cze,20211203,419.0
cze,20211204,398.0
cze,20211205,405.0
cze,20211206,374.0
cze,20211207,357.0
cze,20211208,351.0
cze,20211209,344.0
cze,20211210,325.0
cze,20211211,328.0
cze,20211212,321.0
cze,20211213,329.0
cze,20211214,329.0
cze,20211215,319.0
cze,20211216,301.0
cze,20211217,309.0
cze,20211218,285.0
cze,20211219,278.0
cze,20211220,267.0
cze,20211221,264.0
cze,20211222,264.0
cze,20211223,272.0
cze,20211224,237.0
cze,20211225,238.0
cze,20211226,238.0
cze,20211227,248.0
cze,20211228,248.0
cze,20211229,246.0
cze,20211230,238.0
cze,20211231,245.0
cze,20220101,255.0
cze,20220102,241.0
cze,20220103,207.0
cze,20220104,197.0
cze,20220105,176.0
cze,20220106,170.0
cze,20220107,159.0
cze,20220108,129.0
est,20200329,52.0
est,20200426,8.0
est,20200503,8.0
est,20200510,5.0
est,20200517,5.0
est,20200524,1.0
est,20200531,1.0
est,20200607,0.0
est,20200614,0.0
est,20200628,1.0
est,20200705,1.0
est,20200712,2.0
est,20200719,1.0
est,20200726,0.0
est,20200802,0.0
est,20200809,1.0
est,20200816,0.0
est,20200823,0.0
est,20200830,0.0
est,20200906,0.0
est,20200913,1.0
est,20200920,3.0
est,20200927,3.0
est,20201004,4.0
est,20201011,4.0
est,20201018,2.0
est,20201025,4.0
est,20201101,3.0
est,20201108,4.0
est,20201115,8.0
est,20201122,8.0
est,20201129,12.0
est,20201206,15.0
est,20201213,19.0
est,20201220,20.0
est,20201227,29.0
est,20210103,33.0
est,20210110,31.0
est,20210117,29.0
est,20210124,32.0
est,20210131,26.0
est,20210207,21.0
est,20210214,22.0
est,20210221,28.0
est,20210228,28.0
est,20210307,40.0
est,20210314,52.0
est,20210321,57.0
est,20210328,51.0
est,20210411,53.0
est,20210418,40.0
est,20210425,41.0
est,20210502,42.0
est,20210509,31.0
est,20210516,29.0
est,20210523,20.0
est,20210530,8.0
est,20210606,7.0
est,20210613,5.0
est,20210620,3.0
est,20210627,4.0
est,20210704,4.0
est,20210711,2.0
est,20210718,1.0
est,20210725,2.0
est,20210801,2.0
est,20210808,1.0
est,20210815,6.0
est,20210822,11.0
est,20210829,10.0
est,20210905,11.0
est,20210912,10.0
est,20210919,13.0
est,20210926,14.0
est,20211003,13.0
est,20211010,20.0
est,20211017,17.0
est,20211024,33.0
est,20211031,37.0
est,20211114,34.0
est,20211121,27.0
est,20211128,24.0
est,20211205,19.0
est,20211212,17.0
est,20211219,21.0
est,20211226,15.0
est,20220102,16.0
fra,20200325,2913.0
fra,20200326,3087.0
fra,20200327,3453.0
fra,20200328,3850.0
fra,20200329,4084.0
fra,20200330,4330.0
fra,20200331,4526.0
fra,20200401,4690.0
fra,20200402,4806.0
fra,20200403,4838.0
fra,20200404,4645.0
fra,20200405,4492.0
fra,20200406,4276.0
fra,20200407,4027.0
fra,20200408,3738.0
fra,20200409,3379.0
fra,20200410,3170.0
fra,20200411,2923.0
fra,20200412,2753.0
fra,20200413,2502.0
fra,20200414,2259.0
fra,20200415,2061.0
fra,20200416,1962.0
fra,20200417,1773.0
fra,20200418,1724.0
fra,20200419,1641.0
fra,20200420,1622.0
fra,20200421,1537.0
fra,20200422,1436.0
fra,20200423,1344.0
fra,20200424,1257.0
fra,20200425,1175.0
fra,20200426,1117.0
fra,20200427,1034.0
fra,20200428,997.0
fra,20200429,924.0
fra,20200430,867.0
fra,20200501,785.0
fra,20200502,725.0
fra,20200503,726.0
fra,20200504,685.0
fra,20200505,643.0
fra,20200506,602.0
fra,20200507,580.0
fra,20200508,596.0
fra,20200509,570.0
fra,20200510,528.0
fra,20200511,526.0
fra,20200512,507.0
fra,20200513,507.0
fra,20200514,460.0
fra,20200515,435.0
fra,20200516,443.0
fra,20200517,429.0
fra,20200518,385.0
fra,20200519,362.0
fra,20200520,336.0
fra,20200521,312.0
fra,20200522,284.0
fra,20200523,268.0
fra,20200524,268.0
fra,20200525,275.0
fra,20200526,243.0
fra,20200527,232.0
fra,20200528,240.0
fra,20200529,233.0
fra,20200530,232.0
fra,20200531,226.0
fra,20200601,190.0
fra,20200602,186.0
fra,20200603,180.0
fra,20200604,167.0
fra,20200605,157.0
fra,20200606,143.0
fra,20200607,129.0
fra,20200608,143.0
fra,20200609,125.0
fra,20200610,122.0
fra,20200611,125.0
fra,20200612,124.0
fra,20200613,123.0
fra,20200614,125.0
fra,20200615,114.0
fra,20200616,113.0
fra,20200617,104.0
fra,20200618,93.0
fra,20200619,85.0
fra,20200620,78.0
fra,20200621,77.0
fra,20200622,81.0
fra,20200623,82.0
fra,20200624,76.0
fra,20200625,76.0
fra,20200626,81.0
fra,20200627,83.0
fra,20200628,82.0
fra,20200629,81.0
fra,20200630,74.0
fra,20200701,83.0
fra,20200702,80.0
fra,20200703,77.0
fra,20200704,72.0
fra,20200705,73.0
fra,20200706,68.0
fra,20200707,81.0
fra,20200708,82.0
fra,20200709,78.0
fra,20200710,75.0
fra,20200711,78.0
fra,20200712,78.0
fra,20200713,78.0
fra,20200714,64.0
fra,20200715,62.0
fra,20200716,77.0
fra,20200717,85.0
fra,20200718,84.0
fra,20200719,83.0
fra,20200720,91.0
fra,20200721,96.0
fra,20200722,97.0
fra,20200723,87.0
fra,20200724,86.0
fra,20200725,88.0
fra,20200726,85.0
fra,20200727,92.0
fra,20200728,102.0
fra,20200729,99.0
fra,20200730,100.0
fra,20200731,100.0
fra,20200801,103.0
fra,20200802,105.0
fra,20200803,109.0
fra,20200804,108.0
fra,20200805,109.0
fra,20200806,116.0
fra,20200807,120.0
fra,20200808,121.0
fra,20200809,122.0
fra,20200810,121.0
fra,20200811,121.0
fra,20200812,123.0
fra,20200813,127.0
fra,20200814,127.0
fra,20200815,130.0
fra,20200816,128.0
fra,20200817,134.0
fra,20200818,141.0
fra,20200819,155.0
fra,20200820,158.0
fra,20200821,175.0
fra,20200822,170.0
fra,20200823,174.0
fra,20200824,183.0
fra,20200825,204.0
fra,20200826,194.0
fra,20200827,198.0
fra,20200828,193.0
fra,20200829,211.0
fra,20200830,210.0
fra,20200831,212.0
fra,20200901,217.0
fra,20200902,253.0
fra,20200903,276.0
fra,20200904,290.0
fra,20200905,285.0
fra,20200906,288.0
fra,20200907,326.0
fra,20200908,358.0
fra,20200909,372.0
fra,20200910,371.0
fra,20200911,389.0
fra,20200912,417.0
fra,20200913,427.0
fra,20200914,448.0
fra,20200915,479.0
fra,20200916,508.0
fra,20200917,535.0
fra,20200918,571.0
fra,20200919,593.0
fra,20200920,599.0
fra,20200921,638.0
fra,20200922,651.0
fra,20200923,675.0
fra,20200924,718.0
fra,20200925,747.0
fra,20200926,763.0
fra,20200927,786.0
fra,20200928,780.0
fra,20200929,815.0
fra,20200930,826.0
fra,20201001,844.0
fra,20201002,835.0
fra,20201003,849.0
fra,20201004,893.0
fra,20201005,908.0
fra,20201006,911.0
fra,20201007,919.0
fra,20201008,891.0
fra,20201009,921.0
fra,20201010,928.0
fra,20201011,910.0
fra,20201012,929.0
fra,20201013,987.0
fra,20201014,1037.0
fra,20201015,1142.0
fra,20201016,1204.0
fra,20201017,1269.0
fra,20201018,1343.0
fra,20201019,1441.0
fra,20201020,1493.0
fra,20201021,1584.0
fra,20201022,1627.0
fra,20201023,1714.0
fra,20201024,1772.0
fra,20201025,1816.0
fra,20201026,1904.0
fra,20201027,2057.0
fra,20201028,2145.0
fra,20201029,2278.0
fra,20201030,2401.0
fra,20201031,2507.0
fra,20201101,2605.0
fra,20201102,2678.0
fra,20201103,2716.0
fra,20201104,2884.0
fra,20201105,2936.0
fra,20201106,2948.0
fra,20201107,3003.0
fra,20201108,3037.0
fra,20201109,3091.0
fra,20201110,3094.0
fra,20201111,2905.0
fra,20201112,2844.0
fra,20201113,2883.0
fra,20201114,2816.0
fra,20201115,2763.0
fra,20201116,2645.0
fra,20201117,2555.0
fra,20201118,2565.0
fra,20201119,2490.0
fra,20201120,2281.0
fra,20201121,2174.0
fra,20201122,2075.0
fra,20201123,1953.0
fra,20201124,1841.0
fra,20201125,1738.0
fra,20201126,1619.0
fra,20201127,1561.0
fra,20201128,1463.0
fra,20201129,1394.0
fra,20201130,1346.0
fra,20201201,1310.0
fra,20201202,1213.0
fra,20201203,1205.0
fra,20201204,1164.0
fra,20201205,1167.0
fra,20201206,1166.0
fra,20201207,1173.0
fra,20201208,1153.0
fra,20201209,1162.0
fra,20201210,1169.0
fra,20201211,1184.0
fra,20201212,1186.0
fra,20201213,1174.0
fra,20201214,1181.0
fra,20201215,1178.0
fra,20201216,1228.0
fra,20201217,1188.0
fra,20201218,1184.0
fra,20201219,1180.0
fra,20201220,1182.0
fra,20201221,1151.0
fra,20201222,1196.0
fra,20201223,1176.0
fra,20201224,1212.0
fra,20201225,1148.0
fra,20201226,1126.0
fra,20201227,1142.0
fra,20201228,1192.0
fra,20201229,1187.0
fra,20201230,1196.0
fra,20201231,1186.0
fra,20210101,1173.0
fra,20210102,1173.0
fra,20210103,1167.0
fra,20210104,1184.0
fra,20210105,1178.0
fra,20210106,1203.0
fra,20210107,1207.0
fra,20210108,1353.0
fra,20210109,1395.0
fra,20210110,1412.0
fra,20210111,1374.0
fra,20210112,1387.0
fra,20210113,1361.0
fra,20210114,1386.0
fra,20210115,1390.0
fra,20210116,1435.0
fra,20210117,1453.0
fra,20210118,1499.0
fra,20210119,1556.0
fra,20210120,1640.0
fra,20210121,1687.0
fra,20210122,1708.0
fra,20210123,1692.0
fra,20210124,1731.0
fra,20210125,1776.0
fra,20210126,1804.0
fra,20210127,1830.0
fra,20210128,1849.0
fra,20210129,1850.0
fra,20210130,1870.0
fra,20210131,1843.0
fra,20210201,1862.0
fra,20210202,1888.0
fra,20210203,1845.0
fra,20210204,1848.0
fra,20210205,1832.0
fra,20210206,1808.0
fra,20210207,1820.0
fra,20210208,1858.0
fra,20210209,1823.0
fra,20210210,1830.0
fra,20210211,1824.0
fra,20210212,1833.0
fra,20210213,1856.0
fra,20210214,1809.0
fra,20210215,1759.0
fra,20210216,1748.0
fra,20210217,1777.0
fra,20210218,1770.0
fra,20210219,1815.0
fra,20210220,1819.0
fra,20210221,1847.0
fra,20210222,1815.0
fra,20210223,1837.0
fra,20210224,1845.0
fra,20210225,1884.0
fra,20210226,1878.0
fra,20210227,1891.0
fra,20210228,1914.0
fra,20210301,1987.0
fra,20210302,2008.0
fra,20210303,2011.0
fra,20210304,2003.0
fra,20210305,2024.0
fra,20210306,2049.0
fra,20210307,2072.0
fra,20210308,2106.0
fra,20210309,2161.0
fra,20210310,2182.0
fra,20210311,2274.0
fra,20210312,2256.0
fra,20210313,2286.0
fra,20210314,2287.0
fra,20210315,2307.0
fra,20210316,2321.0
fra,20210317,2335.0
fra,20210318,2332.0
fra,20210319,2409.0
fra,20210320,2463.0
fra,20210321,2471.0
fra,20210322,2541.0
fra,20210323,2594.0
fra,20210324,2621.0
fra,20210325,2647.0
fra,20210326,2740.0
fra,20210327,2755.0
fra,20210328,2797.0
fra,20210329,2810.0
fra,20210330,2891.0
fra,20210331,2979.0
fra,20210401,3051.0
fra,20210402,3080.0
fra,20210403,3147.0
fra,20210404,3179.0
fra,20210405,2979.0
fra,20210406,3042.0
fra,20210407,3243.0
fra,20210408,3261.0
fra,20210409,3254.0
fra,20210410,3243.0
fra,20210411,3259.0
fra,20210412,3467.0
fra,20210413,3390.0
fra,20210414,3158.0
fra,20210415,3161.0
fra,20210416,3126.0
fra,20210417,3097.0
fra,20210418,3044.0
fra,20210419,3054.0
fra,20210420,3100.0
fra,20210421,3135.0
fra,20210422,3112.0
fra,20210423,3085.0
fra,20210424,3074.0
fra,20210425,3059.0
fra,20210426,3027.0
fra,20210427,2910.0
fra,20210428,2783.0
fra,20210429,2697.0
fra,20210430,2584.0
fra,20210501,2546.0
fra,20210502,2501.0
fra,20210503,2417.0
fra,20210504,2288.0
fra,20210505,2251.0
fra,20210506,2132.0
fra,20210507,2078.0
fra,20210508,1959.0
fra,20210509,1910.0
fra,20210510,1789.0
fra,20210511,1719.0
fra,20210512,1624.0
fra,20210513,1490.0
fra,20210514,1373.0
fra,20210515,1316.0
fra,20210516,1294.0
fra,20210517,1233.0
fra,20210518,1195.0
fra,20210519,1146.0
fra,20210520,1209.0
fra,20210521,1196.0
fra,20210522,1177.0
fra,20210523,1148.0
fra,20210524,1010.0
fra,20210525,968.0
fra,20210526,981.0
fra,20210527,906.0
fra,20210528,922.0
fra,20210529,900.0
fra,20210530,870.0
fra,20210531,944.0
fra,20210601,884.0
fra,20210602,809.0
fra,20210603,776.0
fra,20210604,712.0
fra,20210605,681.0
fra,20210606,690.0
fra,20210607,647.0
fra,20210608,608.0
fra,20210609,596.0
fra,20210610,576.0
fra,20210611,551.0
fra,20210612,537.0
fra,20210613,511.0
fra,20210614,485.0
fra,20210615,448.0
fra,20210616,393.0
fra,20210617,365.0
fra,20210618,352.0
fra,20210619,328.0
fra,20210620,317.0
fra,20210621,294.0
fra,20210622,272.0
fra,20210623,275.0
fra,20210624,256.0
fra,20210625,242.0
fra,20210626,232.0
fra,20210627,230.0
fra,20210628,223.0
fra,20210629,205.0
fra,20210630,194.0
fra,20210701,197.0
fra,20210702,175.0
fra,20210703,178.0
fra,20210704,177.0
fra,20210705,166.0
fra,20210706,167.0
fra,20210707,166.0
fra,20210708,162.0
fra,20210709,175.0
fra,20210710,167.0
fra,20210711,159.0
fra,20210712,184.0
fra,20210713,191.0
fra,20210714,180.0
fra,20210715,190.0
fra,20210716,193.0
fra,20210717,205.0
fra,20210718,210.0
fra,20210719,231.0
fra,20210720,255.0
fra,20210721,300.0
fra,20210722,323.0
fra,20210723,359.0
fra,20210724,373.0
fra,20210725,380.0
fra,20210726,439.0
fra,20210727,499.0
fra,20210728,526.0
fra,20210729,558.0
fra,20210730,654.0
fra,20210731,710.0
fra,20210801,763.0
fra,20210802,798.0
fra,20210803,895.0
fra,20210804,961.0
fra,20210805,1020.0
fra,20210806,1020.0
fra,20210807,1065.0
fra,20210808,1113.0
fra,20210809,1173.0
fra,20210810,1166.0
fra,20210811,1167.0
fra,20210812,1208.0
fra,20210813,1231.0
fra,20210814,1213.0
fra,20210815,1169.0
fra,20210816,1117.0
fra,20210817,1151.0
fra,20210818,1292.0
fra,20210819,1287.0
fra,20210820,1313.0
fra,20210821,1360.0
fra,20210822,1390.0
fra,20210823,1447.0
fra,20210824,1416.0
fra,20210825,1299.0
fra,20210826,1304.0
fra,20210827,1284.0
fra,20210828,1238.0
fra,20210829,1206.0
fra,20210830,1130.0
fra,20210831,1134.0
fra,20210901,1139.0
fra,20210902,1091.0
fra,20210903,1056.0
fra,20210904,1061.0
fra,20210905,1050.0
fra,20210906,1078.0
fra,20210907,1060.0
fra,20210908,1047.0
fra,20210909,1043.0
fra,20210910,1019.0
fra,20210911,986.0
fra,20210912,960.0
fra,20210913,889.0
fra,20210914,826.0
fra,20210915,771.0
fra,20210916,735.0
fra,20210917,681.0
fra,20210918,658.0
fra,20210919,657.0
fra,20210920,655.0
fra,20210921,654.0
fra,20210922,603.0
fra,20210923,571.0
fra,20210924,562.0
fra,20210925,548.0
fra,20210926,550.0
fra,20210927,530.0
fra,20210928,473.0
fra,20210929,457.0
fra,20210930,444.0
fra,20211001,420.0
fra,20211002,399.0
fra,20211003,383.0
fra,20211004,360.0
fra,20211005,356.0
fra,20211006,344.0
fra,20211007,333.0
fra,20211008,337.0
fra,20211009,330.0
fra,20211010,328.0
fra,20211011,315.0
fra,20211012,308.0
fra,20211013,326.0
fra,20211014,323.0
fra,20211015,314.0
fra,20211016,313.0
fra,20211017,314.0
fra,20211018,323.0
fra,20211019,318.0
fra,20211020,304.0
fra,20211021,319.0
fra,20211022,334.0
fra,20211023,351.0
fra,20211024,354.0
fra,20211025,361.0
fra,20211026,410.0
fra,20211027,427.0
fra,20211028,426.0
fra,20211029,435.0
fra,20211030,437.0
fra,20211031,436.0
fra,20211101,390.0
fra,20211102,404.0
fra,20211103,438.0
fra,20211104,461.0
fra,20211105,476.0
fra,20211106,487.0
fra,20211107,487.0
fra,20211108,580.0
fra,20211109,553.0
fra,20211110,551.0
fra,20211111,505.0
fra,20211112,521.0
fra,20211113,530.0
fra,20211114,536.0
fra,20211115,559.0
fra,20211116,595.0
fra,20211117,609.0
fra,20211118,693.0
fra,20211119,724.0
fra,20211120,700.0
fra,20211121,701.0
fra,20211122,745.0
fra,20211123,802.0
fra,20211124,832.0
fra,20211125,852.0
fra,20211126,899.0
fra,20211127,961.0
fra,20211128,976.0
fra,20211129,1041.0
fra,20211130,1120.0
fra,20211201,1198.0
fra,20211202,1252.0
fra,20211203,1357.0
fra,20211204,1374.0
fra,20211205,1402.0
fra,20211206,1456.0
fra,20211207,1593.0
fra,20211208,1654.0
fra,20211209,1704.0
fra,20211210,1673.0
fra,20211211,1730.0
fra,20211212,1771.0
fra,20211213,1843.0
fra,20211214,1797.0
fra,20211215,1795.0
fra,20211216,1800.0
fra,20211217,1851.0
fra,20211218,1865.0
fra,20211219,1845.0
fra,20211220,1806.0
fra,20211221,1801.0
fra,20211222,1849.0
fra,20211223,1924.0
fra,20211224,1939.0
fra,20211225,1909.0
fra,20211226,1911.0
fra,20211227,1899.0
fra,20211228,1959.0
fra,20211229,2000.0
fra,20211230,1976.0
fra,20211231,1980.0
fra,20220101,2017.0
fra,20220102,2025.0
fra,20220103,2049.0
fra,20220104,2092.0
fra,20220105,2125.0
fra,20220106,2236.0
fra,20220107,2274.0
fra,20220108,2320.0
fra,20220109,2370.0
deu,20210804,171.0
deu,20210805,180.0
deu,20210806,175.0
deu,20210807,173.0
deu,20210808,179.0
deu,20210809,191.0
deu,20210810,197.0
deu,20210811,216.0
deu,20210812,230.0
deu,20210813,244.0
deu,20210814,261.0
deu,20210815,277.0
deu,20210816,298.0
deu,20210817,316.0
deu,20210818,329.0
deu,20210819,344.0
deu,20210820,364.0
deu,20210821,373.0
deu,20210822,403.0
deu,20210823,422.0
deu,20210824,437.0
deu,20210825,449.0
deu,20210826,488.0
deu,20210827,503.0
deu,20210828,517.0
deu,20210829,525.0
deu,20210830,548.0
deu,20210831,578.0
deu,20210901,611.0
deu,20210902,620.0
deu,20210903,641.0
deu,20210904,656.0
deu,20210905,681.0
deu,20210906,705.0
deu,20210907,721.0
deu,20210908,713.0
deu,20210909,704.0
deu,20210910,702.0
deu,20210911,710.0
deu,20210912,709.0
deu,20210913,720.0
deu,20210914,692.0
deu,20210915,709.0
deu,20210916,710.0
deu,20210917,690.0
deu,20210918,685.0
deu,20210919,650.0
deu,20210920,600.0
deu,20210921,595.0
deu,20210922,555.0
deu,20210923,545.0
deu,20210924,550.0
deu,20210925,534.0
deu,20210926,555.0
deu,20210927,565.0
deu,20210928,560.0
deu,20210929,572.0
deu,20210930,563.0
deu,20211001,555.0
deu,20211002,541.0
deu,20211003,527.0
deu,20211004,517.0
deu,20211005,524.0
deu,20211006,527.0
deu,20211007,543.0
deu,20211008,538.0
deu,20211009,546.0
deu,20211010,566.0
deu,20211011,589.0
deu,20211012,576.0
deu,20211013,589.0
deu,20211014,576.0
deu,20211015,599.0
deu,20211016,609.0
deu,20211017,616.0
deu,20211018,635.0
deu,20211019,686.0
deu,20211020,689.0
deu,20211021,731.0
deu,20211022,761.0
deu,20211023,783.0
deu,20211024,816.0
deu,20211025,839.0
deu,20211026,885.0
deu,20211027,927.0
deu,20211028,965.0
deu,20211029,996.0
deu,20211030,1023.0
deu,20211031,1045.0
deu,20211101,1085.0
deu,20211102,1121.0
deu,20211103,1178.0
deu,20211104,1213.0
deu,20211105,1263.0
deu,20211106,1319.0
deu,20211107,1418.0
deu,20211108,1481.0
deu,20211109,1535.0
deu,20211110,1586.0
deu,20211111,1610.0
deu,20211112,1687.0
deu,20211113,1749.0
deu,20211114,1762.0
deu,20211115,1807.0
deu,20211116,1858.0
deu,20211117,1894.0
deu,20211118,1980.0
deu,20211119,1982.0
deu,20211120,1975.0
deu,20211121,2012.0
deu,20211122,2075.0
deu,20211123,2139.0
deu,20211124,2220.0
deu,20211125,2328.0
deu,20211126,2364.0
deu,20211127,2414.0
deu,20211128,2445.0
deu,20211129,2444.0
deu,20211130,2399.0
deu,20211201,2404.0
deu,20211202,2313.0
deu,20211203,2299.0
deu,20211204,2246.0
deu,20211205,2218.0
deu,20211206,2207.0
deu,20211207,2227.0
deu,20211208,2208.0
deu,20211209,2235.0
deu,20211210,2217.0
deu,20211211,2242.0
deu,20211212,2236.0
deu,20211213,2230.0
deu,20211214,2231.0
deu,20211215,2220.0
deu,20211216,2179.0
deu,20211217,2176.0
deu,20211218,2121.0
deu,20211219,2063.0
deu,20211220,2022.0
deu,20211221,1958.0
deu,20211222,1894.0
deu,20211223,1832.0
deu,20211224,1769.0
deu,20211225,1775.0
deu,20211226,1747.0
deu,20211227,1706.0
deu,20211228,1644.0
deu,20211229,1589.0
deu,20211230,1548.0
deu,20211231,1502.0
deu,20220101,1491.0
deu,20220102,1472.0
deu,20220103,1431.0
deu,20220104,1418.0
deu,20220105,1401.0
deu,20220106,1393.0
deu,20220107,1420.0
deu,20220108,1362.0
grc,20200106,0.0
grc,20200118,0.0
grc,20200212,0.0
grc,20200301,0.0
grc,20200308,2.0
grc,20200315,13.0
grc,20200322,42.0
grc,20200329,53.0
grc,20200405,39.0
grc,20200412,19.0
grc,20200419,16.0
grc,20200426,10.0
grc,20200503,4.0
grc,20200510,4.0
grc,20200517,5.0
grc,20200524,4.0
grc,20200531,2.0
grc,20200607,3.0
grc,20200614,8.0
grc,20200621,2.0
grc,20200628,3.0
grc,20200705,3.0
grc,20200712,4.0
grc,20200719,2.0
grc,20200726,7.0
grc,20200802,11.0
grc,20200809,15.0
grc,20200816,12.0
grc,20200823,18.0
grc,20200830,17.0
grc,20200906,21.0
grc,20200913,35.0
grc,20200920,44.0
grc,20200927,28.0
grc,20201004,46.0
grc,20201011,39.0
grc,20201018,33.0
grc,20201025,55.0
grc,20201101,96.0
grc,20201108,152.0
grc,20201115,279.0
grc,20201122,345.0
grc,20201129,303.0
grc,20201206,271.0
grc,20201213,236.0
grc,20201220,191.0
grc,20201227,166.0
grc,20210103,122.0
grc,20210110,104.0
grc,20210117,102.0
grc,20210124,86.0
grc,20210131,65.0
grc,20210207,107.0
grc,20210214,151.0
grc,20210221,138.0
grc,20210228,194.0
grc,20210307,213.0
grc,20210314,298.0
grc,20210321,331.0
grc,20210328,327.0
grc,20210404,331.0
grc,20210411,339.0
grc,20210418,379.0
grc,20210425,321.0
grc,20210502,321.0
grc,20210509,224.0
grc,20210516,207.0
grc,20210523,154.0
grc,20210530,134.0
grc,20210606,101.0
grc,20210613,63.0
grc,20210620,52.0
grc,20210627,32.0
grc,20210704,17.0
grc,20210711,13.0
grc,20210718,28.0
grc,20210725,53.0
grc,20210801,94.0
grc,20210808,94.0
grc,20210815,113.0
grc,20210822,157.0
grc,20210829,141.0
grc,20210905,173.0
grc,20210912,131.0
grc,20210919,124.0
grc,20210926,124.0
grc,20211003,128.0
grc,20211010,141.0
grc,20211017,146.0
grc,20211024,147.0
grc,20211031,204.0
grc,20211107,222.0
grc,20211114,258.0
grc,20211121,319.0
grc,20211128,340.0
grc,20211205,359.0
grc,20211212,316.0
grc,20211219,275.0
grc,20211226,275.0
grc,20220102,238.0
isl,20210228,0.0
isl,20210307,0.0
isl,20210314,0.0
isl,20210321,0.0
isl,20210328,0.0
isl,20210404,0.0
isl,20210411,0.0
isl,20210418,1.0
isl,20210425,0.0
isl,20210502,0.0
isl,20210509,2.0
isl,20210516,0.0
isl,20210523,0.0
isl,20210530,0.0
isl,20210606,0.0
isl,20210613,0.0
isl,20210620,0.0
isl,20210627,0.0
isl,20210704,0.0
isl,20210711,0.0
isl,20210718,0.0
isl,20210725,0.0
isl,20210801,1.0
isl,20210808,1.0
isl,20210815,5.0
isl,20210822,2.0
isl,20210829,0.0
isl,20210905,0.0
isl,20210912,0.0
isl,20210919,0.0
isl,20210926,3.0
isl,20211003,1.0
isl,20211010,0.0
isl,20211024,0.0
isl,20211031,3.0
isl,20211107,4.0
isl,20211114,2.0
isl,20211121,2.0
isl,20211219,0.0
irl,20200412,47.0
irl,20200419,59.0
irl,20200426,45.0
irl,20200517,19.0
irl,20200524,10.0
irl,20200531,15.0
irl,20200607,3.0
irl,20200621,14.0
irl,20200628,4.0
irl,20200705,6.0
irl,20200712,1.0
irl,20200719,2.0
irl,20200726,3.0
irl,20200802,1.0
irl,20200809,1.0
irl,20200816,0.0
irl,20200823,2.0
irl,20200830,2.0
irl,20200906,1.0
irl,20200913,0.0
irl,20200920,6.0
irl,20200927,4.0
irl,20201004,9.0
irl,20201011,4.0
irl,20201018,9.0
irl,20201025,12.0
irl,20201101,10.0
irl,20201108,19.0
irl,20201115,16.0
irl,20201122,10.0
irl,20201129,5.0
irl,20201206,10.0
irl,20201213,11.0
irl,20201220,18.0
irl,20201227,16.0
irl,20210103,15.0
irl,20210110,29.0
irl,20210117,59.0
irl,20210124,66.0
irl,20210131,67.0
irl,20210207,54.0
irl,20210214,47.0
irl,20210221,38.0
irl,20210228,32.0
irl,20210307,34.0
irl,20210314,28.0
irl,20210321,24.0
irl,20210328,21.0
irl,20210404,26.0
irl,20210411,15.0
irl,20210418,18.0
irl,20210425,16.0
irl,20210502,14.0
irl,20210509,9.0
irl,20210516,4.0
irl,20210523,7.0
irl,20210530,15.0
irl,20210606,14.0
irl,20210613,8.0
irl,20210620,8.0
irl,20210627,3.0
irl,20210704,4.0
irl,20210711,2.0
irl,20210718,4.0
irl,20210725,11.0
irl,20210801,11.0
irl,20210808,9.0
irl,20210815,14.0
irl,20210822,16.0
irl,20210829,29.0
irl,20210905,26.0
irl,20210912,27.0
irl,20210919,18.0
irl,20210926,22.0
irl,20211003,24.0
irl,20211010,21.0
irl,20211017,27.0
irl,20211024,13.0
irl,20211031,39.0
irl,20211107,34.0
irl,20211114,20.0
irl,20211121,32.0
irl,20211128,42.0
irl,20211205,33.0
irl,20211212,37.0
irl,20211219,34.0
irl,20211226,36.0
irl,20220102,27.0
isr,20200308,5.0
isr,20200309,5.0
isr,20200310,6.0
isr,20200311,7.0
isr,20200312,6.0
isr,20200313,5.0
isr,20200314,5.0
isr,20200315,6.0
isr,20200316,8.0
isr,20200317,8.0
isr,20200318,11.0
isr,20200319,16.0
isr,20200320,19.0
isr,20200321,22.0
isr,20200322,30.0
isr,20200323,35.0
isr,20200324,41.0
isr,20200325,42.0
isr,20200326,47.0
isr,20200327,57.0
isr,20200328,58.0
isr,20200329,61.0
isr,20200330,67.0
isr,20200331,75.0
isr,20200401,91.0
isr,20200402,93.0
isr,20200403,104.0
isr,20200404,116.0
isr,20200405,108.0
isr,20200406,116.0
isr,20200407,119.0
isr,20200408,120.0
isr,20200409,127.0
isr,20200410,116.0
isr,20200411,125.0
isr,20200412,140.0
isr,20200413,153.0
isr,20200414,143.0
isr,20200415,147.0
isr,20200416,147.0
isr,20200417,147.0
isr,20200418,149.0
isr,20200419,136.0
isr,20200420,113.0
isr,20200421,113.0
isr,20200422,97.0
isr,20200423,89.0
isr,20200424,85.0
isr,20200425,64.0
isr,20200426,66.0
isr,20200427,58.0
isr,20200428,56.0
isr,20200429,52.0
isr,20200430,46.0
isr,20200501,42.0
isr,20200502,42.0
isr,20200503,34.0
isr,20200504,33.0
isr,20200505,27.0
isr,20200506,24.0
isr,20200507,22.0
isr,20200508,20.0
isr,20200509,18.0
isr,20200510,20.0
isr,20200511,21.0
isr,20200512,24.0
isr,20200513,23.0
isr,20200514,22.0
isr,20200515,19.0
isr,20200516,14.0
isr,20200517,13.0
isr,20200518,11.0
isr,20200519,11.0
isr,20200520,10.0
isr,20200521,10.0
isr,20200522,10.0
isr,20200523,10.0
isr,20200524,8.0
isr,20200525,9.0
isr,20200526,7.0
isr,20200527,11.0
isr,20200528,9.0
isr,20200529,13.0
isr,20200530,13.0
isr,20200531,15.0
isr,20200601,14.0
isr,20200602,15.0
isr,20200603,11.0
isr,20200604,15.0
isr,20200605,11.0
isr,20200606,16.0
isr,20200607,18.0
isr,20200608,19.0
isr,20200609,20.0
isr,20200610,21.0
isr,20200611,23.0
isr,20200612,26.0
isr,20200613,23.0
isr,20200614,19.0
isr,20200615,24.0
isr,20200616,25.0
isr,20200617,26.0
isr,20200618,26.0
isr,20200619,29.0
isr,20200620,31.0
isr,20200621,39.0
isr,20200622,37.0
isr,20200623,37.0
isr,20200624,40.0
isr,20200625,39.0
isr,20200626,41.0
isr,20200627,38.0
isr,20200628,33.0
isr,20200629,35.0
isr,20200630,47.0
isr,20200701,51.0
isr,20200702,69.0
isr,20200703,74.0
isr,20200704,84.0
isr,20200705,96.0
isr,20200706,97.0
isr,20200707,103.0
isr,20200708,120.0
isr,20200709,131.0
isr,20200710,132.0
isr,20200711,140.0
isr,20200712,158.0
isr,20200713,201.0
isr,20200714,214.0
isr,20200715,235.0
isr,20200716,237.0
isr,20200717,250.0
isr,20200718,263.0
isr,20200719,305.0
isr,20200720,295.0
isr,20200721,300.0
isr,20200722,314.0
isr,20200723,343.0
isr,20200724,360.0
isr,20200725,356.0
isr,20200726,324.0
isr,20200727,337.0
isr,20200728,350.0
isr,20200729,347.0
isr,20200730,321.0
isr,20200731,308.0
isr,20200801,333.0
isr,20200802,345.0
isr,20200803,335.0
isr,20200804,344.0
isr,20200805,326.0
isr,20200806,334.0
isr,20200807,350.0
isr,20200808,349.0
isr,20200809,344.0
isr,20200810,351.0
isr,20200811,333.0
isr,20200812,339.0
isr,20200813,353.0
isr,20200814,351.0
isr,20200815,346.0
isr,20200816,347.0
isr,20200817,358.0
isr,20200818,378.0
isr,20200819,374.0
isr,20200820,374.0
isr,20200821,378.0
isr,20200822,370.0
isr,20200823,380.0
isr,20200824,389.0
isr,20200825,384.0
isr,20200826,394.0
isr,20200827,397.0
isr,20200828,404.0
isr,20200829,410.0
isr,20200830,415.0
isr,20200831,409.0
isr,20200901,400.0
isr,20200902,414.0
isr,20200903,393.0
isr,20200904,401.0
isr,20200905,422.0
isr,20200906,435.0
isr,20200907,434.0
isr,20200908,448.0
isr,20200909,473.0
isr,20200910,505.0
isr,20200911,500.0
isr,20200912,512.0
isr,20200913,512.0
isr,20200914,528.0
isr,20200915,547.0
isr,20200916,554.0
isr,20200917,600.0
isr,20200918,644.0
isr,20200919,650.0
isr,20200920,665.0
isr,20200921,709.0
isr,20200922,725.0
isr,20200923,753.0
isr,20200924,748.0
isr,20200925,777.0
isr,20200926,798.0
isr,20200927,834.0
isr,20200928,811.0
isr,20200929,857.0
isr,20200930,872.0
isr,20201001,894.0
isr,20201002,888.0
isr,20201003,884.0
isr,20201004,914.0
isr,20201005,930.0
isr,20201006,886.0
isr,20201007,851.0
isr,20201008,831.0
isr,20201009,792.0
isr,20201010,760.0
isr,20201011,721.0
isr,20201012,689.0
isr,20201013,669.0
isr,20201014,645.0
isr,20201015,603.0
isr,20201016,573.0
isr,20201017,552.0
isr,20201018,541.0
isr,20201019,529.0
isr,20201020,502.0
isr,20201021,475.0
isr,20201022,453.0
isr,20201023,434.0
isr,20201024,427.0
isr,20201025,360.0
isr,20201026,337.0
isr,20201027,328.0
isr,20201028,310.0
isr,20201029,286.0
isr,20201030,273.0
isr,20201031,261.0
isr,20201101,257.0
isr,20201102,251.0
isr,20201103,250.0
isr,20201104,234.0
isr,20201105,222.0
isr,20201106,223.0
isr,20201107,221.0
isr,20201108,218.0
isr,20201109,197.0
isr,20201110,176.0
isr,20201111,189.0
isr,20201112,202.0
isr,20201113,201.0
isr,20201114,198.0
isr,20201115,199.0
isr,20201116,214.0
isr,20201117,226.0
isr,20201118,220.0
isr,20201119,220.0
isr,20201120,216.0
isr,20201121,218.0
isr,20201122,215.0
isr,20201123,211.0
isr,20201124,198.0
isr,20201125,204.0
isr,20201126,202.0
isr,20201127,212.0
isr,20201128,201.0
isr,20201129,203.0
isr,20201130,201.0
isr,20201201,232.0
isr,20201202,245.0
isr,20201203,267.0
isr,20201204,280.0
isr,20201205,301.0
isr,20201206,305.0
isr,20201207,316.0
isr,20201208,294.0
isr,20201209,287.0
isr,20201210,278.0
isr,20201211,289.0
isr,20201212,300.0
isr,20201213,328.0
isr,20201214,342.0
isr,20201215,370.0
isr,20201216,393.0
isr,20201217,428.0
isr,20201218,439.0
isr,20201219,460.0
isr,20201220,461.0
isr,20201221,481.0
isr,20201222,511.0
isr,20201223,530.0
isr,20201224,536.0
isr,20201225,561.0
isr,20201226,578.0
isr,20201227,607.0
isr,20201228,629.0
isr,20201229,649.0
isr,20201230,674.0
isr,20201231,716.0
isr,20210101,738.0
isr,20210102,738.0
isr,20210103,774.0
isr,20210104,822.0
isr,20210105,870.0
isr,20210106,920.0
isr,20210107,941.0
isr,20210108,957.0
isr,20210109,1017.0
isr,20210110,1047.0
isr,20210111,1076.0
isr,20210112,1077.0
isr,20210113,1097.0
isr,20210114,1132.0
isr,20210115,1164.0
isr,20210116,1147.0
isr,20210117,1161.0
isr,20210118,1147.0
isr,20210119,1181.0
isr,20210120,1149.0
isr,20210121,1127.0
isr,20210122,1111.0
isr,20210123,1126.0
isr,20210124,1100.0
isr,20210125,1123.0
isr,20210126,1102.0
isr,20210127,1097.0
isr,20210128,1088.0
isr,20210129,1057.0
isr,20210130,1020.0
isr,20210131,1009.0
isr,20210201,972.0
isr,20210202,949.0
isr,20210203,990.0
isr,20210204,992.0
isr,20210205,1021.0
isr,20210206,1028.0
isr,20210207,1027.0
isr,20210208,1031.0
isr,20210209,995.0
isr,20210210,954.0
isr,20210211,908.0
isr,20210212,853.0
isr,20210213,857.0
isr,20210214,858.0
isr,20210215,833.0
isr,20210216,814.0
isr,20210217,774.0
isr,20210218,750.0
isr,20210219,728.0
isr,20210220,681.0
isr,20210221,626.0
isr,20210222,607.0
isr,20210223,618.0
isr,20210224,615.0
isr,20210225,628.0
isr,20210226,644.0
isr,20210227,642.0
isr,20210228,645.0
isr,20210301,646.0
isr,20210302,632.0
isr,20210303,641.0
isr,20210304,635.0
isr,20210305,631.0
isr,20210306,662.0
isr,20210307,644.0
isr,20210308,627.0
isr,20210309,600.0
isr,20210310,571.0
isr,20210311,547.0
isr,20210312,536.0
isr,20210313,489.0
isr,20210314,499.0
isr,20210315,468.0
isr,20210316,467.0
isr,20210317,436.0
isr,20210318,435.0
isr,20210319,415.0
isr,20210320,402.0
isr,20210321,371.0
isr,20210322,343.0
isr,20210323,322.0
isr,20210324,319.0
isr,20210325,305.0
isr,20210326,288.0
isr,20210327,264.0
isr,20210328,240.0
isr,20210329,226.0
isr,20210330,206.0
isr,20210331,186.0
isr,20210401,155.0
isr,20210402,138.0
isr,20210403,140.0
isr,20210404,130.0
isr,20210405,126.0
isr,20210406,118.0
isr,20210407,111.0
isr,20210408,105.0
isr,20210409,113.0
isr,20210410,108.0
isr,20210411,107.0
isr,20210412,106.0
isr,20210413,108.0
isr,20210414,94.0
isr,20210415,85.0
isr,20210416,72.0
isr,20210417,67.0
isr,20210418,65.0
isr,20210419,63.0
isr,20210420,53.0
isr,20210421,58.0
isr,20210422,59.0
isr,20210423,59.0
isr,20210424,55.0
isr,20210425,46.0
isr,20210426,47.0
isr,20210427,46.0
isr,20210428,41.0
isr,20210429,40.0
isr,20210430,39.0
isr,20210501,41.0
isr,20210502,40.0
isr,20210503,33.0
isr,20210504,33.0
isr,20210505,33.0
isr,20210506,31.0
isr,20210507,26.0
isr,20210508,25.0
isr,20210509,22.0
isr,20210510,17.0
isr,20210511,16.0
isr,20210512,13.0
isr,20210513,12.0
isr,20210514,13.0
isr,20210515,11.0
isr,20210516,14.0
isr,20210517,14.0
isr,20210518,13.0
isr,20210519,15.0
isr,20210520,19.0
isr,20210521,16.0
isr,20210522,15.0
isr,20210523,13.0
isr,20210524,14.0
isr,20210525,12.0
isr,20210526,10.0
isr,20210527,7.0
isr,20210528,8.0
isr,20210529,7.0
isr,20210530,6.0
isr,20210531,5.0
isr,20210601,8.0
isr,20210602,9.0
isr,20210603,8.0
isr,20210604,8.0
isr,20210605,9.0
isr,20210606,11.0
isr,20210607,10.0
isr,20210608,8.0
isr,20210609,7.0
isr,20210610,7.0
isr,20210611,6.0
isr,20210612,5.0
isr,20210613,2.0
isr,20210614,3.0
isr,20210615,2.0
isr,20210616,2.0
isr,20210617,2.0
isr,20210618,2.0
isr,20210619,2.0
isr,20210620,4.0
isr,20210621,3.0
isr,20210622,6.0
isr,20210623,6.0
isr,20210624,5.0
isr,20210625,6.0
isr,20210626,7.0
isr,20210627,6.0
isr,20210628,6.0
isr,20210629,3.0
isr,20210630,8.0
isr,20210701,9.0
isr,20210702,11.0
isr,20210703,14.0
isr,20210704,17.0
isr,20210705,22.0
isr,20210706,29.0
isr,20210707,33.0
isr,20210708,39.0
isr,20210709,41.0
isr,20210710,42.0
isr,20210711,51.0
isr,20210712,53.0
isr,20210713,52.0
isr,20210714,53.0
isr,20210715,57.0
isr,20210716,58.0
isr,20210717,69.0
isr,20210718,73.0
isr,20210719,77.0
isr,20210720,83.0
isr,20210721,86.0
isr,20210722,92.0
isr,20210723,107.0
isr,20210724,107.0
isr,20210725,112.0
isr,20210726,140.0
isr,20210727,173.0
isr,20210728,185.0
isr,20210729,201.0
isr,20210730,221.0
isr,20210731,244.0
isr,20210801,251.0
isr,20210802,257.0
isr,20210803,265.0
isr,20210804,289.0
isr,20210805,319.0
isr,20210806,333.0
isr,20210807,374.0
isr,20210808,432.0
isr,20210809,463.0
isr,20210810,487.0
isr,20210811,516.0
isr,20210812,542.0
isr,20210813,591.0
isr,20210814,597.0
isr,20210815,619.0
isr,20210816,629.0
isr,20210817,652.0
isr,20210818,681.0
isr,20210819,677.0
isr,20210820,671.0
isr,20210821,686.0
isr,20210822,687.0
isr,20210823,716.0
isr,20210824,717.0
isr,20210825,718.0
isr,20210826,730.0
isr,20210827,732.0
isr,20210828,716.0
isr,20210829,724.0
isr,20210830,716.0
isr,20210831,710.0
isr,20210901,697.0
isr,20210902,683.0
isr,20210903,664.0
isr,20210904,655.0
isr,20210905,619.0
isr,20210906,570.0
isr,20210907,557.0
isr,20210908,528.0
isr,20210909,517.0
isr,20210910,526.0
isr,20210911,525.0
isr,20210912,531.0
isr,20210913,551.0
isr,20210914,552.0
isr,20210915,566.0
isr,20210916,557.0
isr,20210917,540.0
isr,20210918,576.0
isr,20210919,575.0
isr,20210920,584.0
isr,20210921,591.0
isr,20210922,601.0
isr,20210923,623.0
isr,20210924,618.0
isr,20210925,576.0
isr,20210926,563.0
isr,20210927,539.0
isr,20210928,510.0
isr,20210929,476.0
isr,20210930,451.0
isr,20211001,435.0
isr,20211002,411.0
isr,20211003,380.0
isr,20211004,356.0
isr,20211005,330.0
isr,20211006,314.0
isr,20211007,288.0
isr,20211008,280.0
isr,20211009,270.0
isr,20211010,259.0
isr,20211011,255.0
isr,20211012,246.0
isr,20211013,236.0
isr,20211014,227.0
isr,20211015,213.0
isr,20211016,200.0
isr,20211017,193.0
isr,20211018,177.0
isr,20211019,174.0
isr,20211020,161.0
isr,20211021,149.0
isr,20211022,138.0
isr,20211023,127.0
isr,20211024,110.0
isr,20211025,104.0
isr,20211026,89.0
isr,20211027,88.0
isr,20211028,92.0
isr,20211029,81.0
isr,20211030,79.0
isr,20211031,85.0
isr,20211101,85.0
isr,20211102,87.0
isr,20211103,77.0
isr,20211104,63.0
isr,20211105,62.0
isr,20211106,59.0
isr,20211107,47.0
isr,20211108,41.0
isr,20211109,38.0
isr,20211110,40.0
isr,20211111,45.0
isr,20211112,45.0
isr,20211113,44.0
isr,20211114,47.0
isr,20211115,46.0
isr,20211116,45.0
isr,20211117,44.0
isr,20211118,41.0
isr,20211119,37.0
isr,20211120,40.0
isr,20211121,42.0
isr,20211122,42.0
isr,20211123,42.0
isr,20211124,40.0
isr,20211125,43.0
isr,20211126,48.0
isr,20211127,49.0
isr,20211128,49.0
isr,20211129,46.0
isr,20211130,46.0
isr,20211201,43.0
isr,20211202,41.0
isr,20211203,37.0
isr,20211204,33.0
isr,20211205,32.0
isr,20211206,35.0
isr,20211207,34.0
isr,20211208,35.0
isr,20211209,34.0
isr,20211210,41.0
isr,20211211,40.0
isr,20211212,36.0
isr,20211213,37.0
isr,20211214,35.0
isr,20211215,33.0
isr,20211216,32.0
isr,20211217,27.0
isr,20211218,27.0
isr,20211219,31.0
isr,20211220,33.0
isr,20211221,38.0
isr,20211222,42.0
isr,20211223,47.0
isr,20211224,53.0
isr,20211225,61.0
isr,20211226,68.0
isr,20211227,65.0
isr,20211228,69.0
isr,20211229,76.0
isr,20211230,74.0
isr,20211231,72.0
isr,20220101,72.0
isr,20220102,79.0
isr,20220103,86.0
isr,20220104,93.0
isr,20220105,111.0
isr,20220106,128.0
isr,20220107,155.0
isr,20220108,176.0
isr,20220109,209.0
ita,20201209,1248.0
ita,20201210,1282.0
ita,20201211,1289.0
ita,20201212,1292.0
ita,20201213,1294.0
ita,20201214,1288.0
ita,20201215,1295.0
ita,20201216,1334.0
ita,20201217,1266.0
ita,20201218,1247.0
ita,20201219,1212.0
ita,20201220,1181.0
ita,20201221,1204.0
ita,20201222,1206.0
ita,20201223,1231.0
ita,20201224,1197.0
ita,20201225,1173.0
ita,20201226,1146.0
ita,20201227,1173.0
ita,20201228,1179.0
ita,20201229,1234.0
ita,20201230,1193.0
ita,20201231,1246.0
ita,20210101,1226.0
ita,20210102,1227.0
ita,20210103,1233.0
ita,20210104,1202.0
ita,20210105,1148.0
ita,20210106,1156.0
ita,20210107,1110.0
ita,20210108,1152.0
ita,20210109,1201.0
ita,20210110,1228.0
ita,20210111,1260.0
ita,20210112,1254.0
ita,20210113,1236.0
ita,20210114,1244.0
ita,20210115,1213.0
ita,20210116,1200.0
ita,20210117,1143.0
ita,20210118,1117.0
ita,20210119,1097.0
ita,20210120,1084.0
ita,20210121,1075.0
ita,20210122,1063.0
ita,20210123,1067.0
ita,20210124,1063.0
ita,20210125,1071.0
ita,20210126,1057.0
ita,20210127,1020.0
ita,20210128,967.0
ita,20210129,971.0
ita,20210130,929.0
ita,20210131,906.0
ita,20210201,901.0
ita,20210202,897.0
ita,20210203,915.0
ita,20210204,960.0
ita,20210205,944.0
ita,20210206,956.0
ita,20210207,964.0
ita,20210208,958.0
ita,20210209,946.0
ita,20210210,968.0
ita,20210211,972.0
ita,20210212,993.0
ita,20210213,967.0
ita,20210214,988.0
ita,20210215,971.0
ita,20210216,979.0
ita,20210217,937.0
ita,20210218,963.0
ita,20210219,961.0
ita,20210220,980.0
ita,20210221,979.0
ita,20210222,1019.0
ita,20210223,1062.0
ita,20210224,1127.0
ita,20210225,1128.0
ita,20210226,1165.0
ita,20210227,1191.0
ita,20210228,1197.0
ita,20210301,1206.0
ita,20210302,1231.0
ita,20210303,1275.0
ita,20210304,1329.0
ita,20210305,1363.0
ita,20210306,1414.0
ita,20210307,1444.0
ita,20210308,1504.0
ita,20210309,1560.0
ita,20210310,1591.0
ita,20210311,1625.0
ita,20210312,1629.0
ita,20210313,1685.0
ita,20210314,1767.0
ita,20210315,1779.0
ita,20210316,1820.0
ita,20210317,1891.0
ita,20210318,1874.0
ita,20210319,1892.0
ita,20210320,1865.0
ita,20210321,1854.0
ita,20210322,1838.0
ita,20210323,1836.0
ita,20210324,1812.0
ita,20210325,1823.0
ita,20210326,1867.0
ita,20210327,1888.0
ita,20210328,1873.0
ita,20210329,1838.0
ita,20210330,1790.0
ita,20210331,1773.0
ita,20210401,1757.0
ita,20210402,1701.0
ita,20210403,1671.0
ita,20210404,1649.0
ita,20210405,1649.0
ita,20210406,1601.0
ita,20210407,1594.0
ita,20210408,1609.0
ita,20210409,1569.0
ita,20210410,1521.0
ita,20210411,1501.0
ita,20210412,1476.0
ita,20210413,1497.0
ita,20210414,1437.0
ita,20210415,1389.0
ita,20210416,1396.0
ita,20210417,1373.0
ita,20210418,1361.0
ita,20210419,1335.0
ita,20210420,1275.0
ita,20210421,1214.0
ita,20210422,1177.0
ita,20210423,1131.0
ita,20210424,1111.0
ita,20210425,1062.0
ita,20210426,1053.0
ita,20210427,1048.0
ita,20210428,1061.0
ita,20210429,1016.0
ita,20210430,1000.0
ita,20210501,1000.0
ita,20210502,995.0
ita,20210503,984.0
ita,20210504,943.0
ita,20210505,917.0
ita,20210506,915.0
ita,20210507,887.0
ita,20210508,854.0
ita,20210509,848.0
ita,20210510,807.0
ita,20210511,771.0
ita,20210512,720.0
ita,20210513,674.0
ita,20210514,664.0
ita,20210515,617.0
ita,20210516,574.0
ita,20210517,563.0
ita,20210518,549.0
ita,20210519,528.0
ita,20210520,516.0
ita,20210521,468.0
ita,20210522,469.0
ita,20210523,457.0
ita,20210524,436.0
ita,20210525,396.0
ita,20210526,365.0
ita,20210527,334.0
ita,20210528,324.0
ita,20210529,289.0
ita,20210530,268.0
ita,20210531,258.0
ita,20210601,253.0
ita,20210602,247.0
ita,20210603,233.0
ita,20210604,214.0
ita,20210605,205.0
ita,20210606,198.0
ita,20210607,185.0
ita,20210608,161.0
ita,20210609,152.0
ita,20210610,158.0
ita,20210611,157.0
ita,20210612,162.0
ita,20210613,162.0
ita,20210614,148.0
ita,20210615,157.0
ita,20210616,142.0
ita,20210617,127.0
ita,20210618,117.0
ita,20210619,102.0
ita,20210620,94.0
ita,20210621,92.0
ita,20210622,76.0
ita,20210623,71.0
ita,20210624,68.0
ita,20210625,65.0
ita,20210626,64.0
ita,20210627,62.0
ita,20210628,58.0
ita,20210629,57.0
ita,20210630,57.0
ita,20210701,52.0
ita,20210702,47.0
ita,20210703,40.0
ita,20210704,37.0
ita,20210705,34.0
ita,20210706,36.0
ita,20210707,40.0
ita,20210708,41.0
ita,20210709,46.0
ita,20210710,50.0
ita,20210711,49.0
ita,20210712,51.0
ita,20210713,47.0
ita,20210714,46.0
ita,20210715,49.0
ita,20210716,54.0
ita,20210717,57.0
ita,20210718,54.0
ita,20210719,66.0
ita,20210720,70.0
ita,20210721,72.0
ita,20210722,73.0
ita,20210723,70.0
ita,20210724,82.0
ita,20210725,95.0
ita,20210726,90.0
ita,20210727,95.0
ita,20210728,95.0
ita,20210729,103.0
ita,20210730,113.0
ita,20210731,117.0
ita,20210801,123.0
ita,20210802,137.0
ita,20210803,147.0
ita,20210804,152.0
ita,20210805,157.0
ita,20210806,169.0
ita,20210807,173.0
ita,20210808,175.0
ita,20210809,189.0
ita,20210810,189.0
ita,20210811,215.0
ita,20210812,227.0
ita,20210813,230.0
ita,20210814,238.0
ita,20210815,243.0
ita,20210816,236.0
ita,20210817,259.0
ita,20210818,269.0
ita,20210819,272.0
ita,20210820,263.0
ita,20210821,266.0
ita,20210822,270.0
ita,20210823,283.0
ita,20210824,280.0
ita,20210825,264.0
ita,20210826,262.0
ita,20210827,278.0
ita,20210828,280.0
ita,20210829,291.0
ita,20210830,296.0
ita,20210831,299.0
ita,20210901,305.0
ita,20210902,316.0
ita,20210903,316.0
ita,20210904,327.0
ita,20210905,320.0
ita,20210906,302.0
ita,20210907,293.0
ita,20210908,291.0
ita,20210909,280.0
ita,20210910,275.0
ita,20210911,262.0
ita,20210912,261.0
ita,20210913,264.0
ita,20210914,253.0
ita,20210915,247.0
ita,20210916,239.0
ita,20210917,236.0
ita,20210918,227.0
ita,20210919,231.0
ita,20210920,217.0
ita,20210921,226.0
ita,20210922,234.0
ita,20210923,234.0
ita,20210924,235.0
ita,20210925,230.0
ita,20210926,212.0
ita,20210927,220.0
ita,20210928,201.0
ita,20210929,184.0
ita,20210930,180.0
ita,20211001,165.0
ita,20211002,166.0
ita,20211003,165.0
ita,20211004,158.0
ita,20211005,157.0
ita,20211006,158.0
ita,20211007,156.0
ita,20211008,153.0
ita,20211009,142.0
ita,20211010,134.0
ita,20211011,130.0
ita,20211012,133.0
ita,20211013,128.0
ita,20211014,126.0
ita,20211015,129.0
ita,20211016,125.0
ita,20211017,127.0
ita,20211018,135.0
ita,20211019,141.0
ita,20211020,147.0
ita,20211021,147.0
ita,20211022,149.0
ita,20211023,157.0
ita,20211024,160.0
ita,20211025,150.0
ita,20211026,160.0
ita,20211027,162.0
ita,20211028,172.0
ita,20211029,168.0
ita,20211030,168.0
ita,20211031,167.0
ita,20211101,184.0
ita,20211102,181.0
ita,20211103,185.0
ita,20211104,189.0
ita,20211105,208.0
ita,20211106,211.0
ita,20211107,220.0
ita,20211108,222.0
ita,20211109,240.0
ita,20211110,243.0
ita,20211111,244.0
ita,20211112,254.0
ita,20211113,270.0
ita,20211114,273.0
ita,20211115,279.0
ita,20211116,268.0
ita,20211117,273.0
ita,20211118,291.0
ita,20211119,283.0
ita,20211120,294.0
ita,20211121,300.0
ita,20211122,313.0
ita,20211123,333.0
ita,20211124,343.0
ita,20211125,345.0
ita,20211126,364.0
ita,20211127,382.0
ita,20211128,386.0
ita,20211129,390.0
ita,20211130,393.0
ita,20211201,406.0
ita,20211202,404.0
ita,20211203,406.0
ita,20211204,397.0
ita,20211205,403.0
ita,20211206,390.0
ita,20211207,415.0
ita,20211208,415.0
ita,20211209,429.0
ita,20211210,445.0
ita,20211211,462.0
ita,20211212,471.0
ita,20211213,486.0
ita,20211214,490.0
ita,20211215,512.0
ita,20211216,544.0
ita,20211217,538.0
ita,20211218,557.0
ita,20211219,581.0
ita,20211220,594.0
ita,20211221,597.0
ita,20211222,605.0
ita,20211223,597.0
ita,20211224,629.0
ita,20211225,640.0
ita,20211226,647.0
ita,20211227,674.0
ita,20211228,697.0
ita,20211229,731.0
ita,20211230,772.0
ita,20211231,789.0
ita,20220101,818.0
ita,20220102,837.0
ita,20220103,840.0
ita,20220104,874.0
ita,20220105,880.0
ita,20220106,923.0
ita,20220107,924.0
ita,20220108,943.0
ita,20220109,981.0
lva,20200106,0.0
lva,20200118,0.0
lva,20200212,0.0
lva,20200301,0.0
lva,20200308,0.0
lva,20200315,0.0
lva,20200322,0.0
lva,20200329,3.0
lva,20200405,4.0
lva,20200412,0.0
lva,20200419,3.0
lva,20200426,4.0
lva,20200503,2.0
lva,20200510,0.0
lva,20200517,1.0
lva,20200524,0.0
lva,20200531,1.0
lva,20200607,2.0
lva,20200614,0.0
lva,20200621,0.0
lva,20200628,0.0
lva,20200705,0.0
lva,20200712,0.0
lva,20200719,0.0
lva,20200726,0.0
lva,20200802,0.0
lva,20200809,0.0
lva,20200816,0.0
lva,20200823,0.0
lva,20200830,0.0
lva,20200906,0.0
lva,20200913,0.0
lva,20200920,0.0
lva,20200927,0.0
lva,20201004,4.0
lva,20201011,3.0
lva,20201018,6.0
lva,20201025,8.0
lva,20201101,19.0
lva,20201108,22.0
lva,20201115,24.0
lva,20201122,40.0
lva,20201129,80.0
lva,20201206,93.0
lva,20201213,105.0
lva,20201220,90.0
lva,20201227,90.0
lva,20210103,109.0
lva,20210110,116.0
lva,20210117,148.0
lva,20210124,158.0
lva,20210131,160.0
lva,20210207,152.0
lva,20210214,153.0
lva,20210221,123.0
lva,20210228,120.0
lva,20210307,116.0
lva,20210314,124.0
lva,20210321,104.0
lva,20210328,116.0
lva,20210404,127.0
lva,20210411,133.0
lva,20210418,127.0
lva,20210425,124.0
lva,20210502,138.0
lva,20210509,131.0
lva,20210516,129.0
lva,20210523,120.0
lva,20210530,114.0
lva,20210606,86.0
lva,20210613,84.0
lva,20210620,76.0
lva,20210627,52.0
lva,20210704,47.0
lva,20210711,23.0
lva,20210718,23.0
lva,20210725,14.0
lva,20210801,13.0
lva,20210808,19.0
lva,20210815,19.0
lva,20210822,16.0
lva,20210829,29.0
lva,20210905,42.0
lva,20210912,41.0
lva,20210919,63.0
lva,20210926,87.0
lva,20211003,108.0
lva,20211010,130.0
lva,20211017,192.0
lva,20211024,231.0
lva,20211031,297.0
lva,20211107,413.0
lva,20211114,390.0
lva,20211121,312.0
lva,20211128,265.0
lva,20211205,206.0
lva,20211212,168.0
lva,20211219,161.0
lva,20211226,131.0
lva,20220102,128.0
mlt,20200920,5.0
mlt,20200927,4.0
mlt,20201004,4.0
mlt,20201011,4.0
mlt,20201018,6.0
mlt,20201025,9.0
mlt,20201101,5.0
mlt,20201108,3.0
mlt,20201115,7.0
mlt,20201122,4.0
mlt,20201129,9.0
mlt,20201206,4.0
mlt,20201213,4.0
mlt,20201220,4.0
mlt,20201227,4.0
mlt,20210103,8.0
mlt,20210110,1.0
mlt,20210117,6.0
mlt,20210124,4.0
mlt,20210131,5.0
mlt,20210207,6.0
mlt,20210214,5.0
mlt,20210221,10.0
mlt,20210228,9.0
mlt,20210307,6.0
mlt,20210314,14.0
mlt,20210321,7.0
mlt,20210328,1.0
mlt,20210411,7.0
mlt,20210425,3.0
mlt,20210502,1.0
mlt,20210509,2.0
mlt,20210516,2.0
mlt,20210704,1.0
mlt,20210711,1.0
mlt,20210801,5.0
mlt,20210808,1.0
mlt,20210815,4.0
mlt,20210822,2.0
mlt,20210829,2.0
mlt,20210905,2.0
mlt,20210912,2.0
mlt,20210919,1.0
mlt,20210926,3.0
mlt,20211010,1.0
mlt,20211024,4.0
mlt,20211114,1.0
mlt,20211121,1.0
mlt,20211205,2.0
mlt,20211212,3.0
mlt,20211219,1.0
mlt,20211226,4.0
mlt,20220102,4.0
nld,20201023,314.0
nld,20201024,324.0
nld,20201025,324.0
nld,20201026,335.0
nld,20201027,333.0
nld,20201028,338.0
nld,20201029,329.0
nld,20201030,323.0
nld,20201031,347.0
nld,20201101,377.0
nld,20201102,375.0
nld,20201103,381.0
nld,20201104,374.0
nld,20201105,362.0
nld,20201106,358.0
nld,20201107,319.0
nld,20201108,297.0
nld,20201109,290.0
nld,20201110,270.0
nld,20201111,256.0
nld,20201112,252.0
nld,20201113,251.0
nld,20201114,246.0
nld,20201115,232.0
nld,20201116,221.0
nld,20201117,220.0
nld,20201118,211.0
nld,20201119,217.0
nld,20201120,220.0
nld,20201121,233.0
nld,20201122,237.0
nld,20201123,231.0
nld,20201124,225.0
nld,20201125,237.0
nld,20201126,233.0
nld,20201127,221.0
nld,20201128,195.0
nld,20201129,187.0
nld,20201130,182.0
nld,20201201,170.0
nld,20201202,156.0
nld,20201203,144.0
nld,20201204,149.0
nld,20201205,161.0
nld,20201206,164.0
nld,20201207,170.0
nld,20201208,172.0
nld,20201209,183.0
nld,20201210,188.0
nld,20201211,190.0
nld,20201212,196.0
nld,20201213,211.0
nld,20201214,223.0
nld,20201215,247.0
nld,20201216,239.0
nld,20201217,251.0
nld,20201218,273.0
nld,20201219,281.0
nld,20201220,281.0
nld,20201221,282.0
nld,20201222,269.0
nld,20201223,297.0
nld,20201224,297.0
nld,20201225,286.0
nld,20201226,283.0
nld,20201227,289.0
nld,20201228,306.0
nld,20201229,345.0
nld,20201230,353.0
nld,20201231,353.0
nld,20210101,349.0
nld,20210102,344.0
nld,20210103,331.0
nld,20210104,318.0
nld,20210105,292.0
nld,20210106,267.0
nld,20210107,258.0
nld,20210108,258.0
nld,20210109,265.0
nld,20210110,261.0
nld,20210111,244.0
nld,20210112,241.0
nld,20210113,248.0
nld,20210114,267.0
nld,20210115,254.0
nld,20210116,245.0
nld,20210117,258.0
nld,20210118,262.0
nld,20210119,261.0
nld,20210120,242.0
nld,20210121,230.0
nld,20210122,237.0
nld,20210123,235.0
nld,20210124,239.0
nld,20210125,235.0
nld,20210126,245.0
nld,20210127,256.0
nld,20210128,249.0
nld,20210129,254.0
nld,20210130,250.0
nld,20210131,238.0
nld,20210201,238.0
nld,20210202,215.0
nld,20210203,202.0
nld,20210204,202.0
nld,20210205,188.0
nld,20210206,181.0
nld,20210207,170.0
nld,20210208,172.0
nld,20210209,169.0
nld,20210210,164.0
nld,20210211,158.0
nld,20210212,168.0
nld,20210213,178.0
nld,20210214,178.0
nld,20210215,174.0
nld,20210216,180.0
nld,20210217,194.0
nld,20210218,204.0
nld,20210219,192.0
nld,20210220,180.0
nld,20210221,195.0
nld,20210222,210.0
nld,20210223,209.0
nld,20210224,195.0
nld,20210225,191.0
nld,20210226,203.0
nld,20210227,205.0
nld,20210228,192.0
nld,20210301,185.0
nld,20210302,206.0
nld,20210303,235.0
nld,20210304,237.0
nld,20210305,244.0
nld,20210306,258.0
nld,20210307,276.0
nld,20210308,279.0
nld,20210309,262.0
nld,20210310,241.0
nld,20210311,260.0
nld,20210312,260.0
nld,20210313,268.0
nld,20210314,266.0
nld,20210315,279.0
nld,20210316,282.0
nld,20210317,290.0
nld,20210318,269.0
nld,20210319,276.0
nld,20210320,286.0
nld,20210321,280.0
nld,20210322,284.0
nld,20210323,278.0
nld,20210324,279.0
nld,20210325,284.0
nld,20210326,282.0
nld,20210327,279.0
nld,20210328,289.0
nld,20210329,275.0
nld,20210330,293.0
nld,20210331,298.0
nld,20210401,325.0
nld,20210402,329.0
nld,20210403,332.0
nld,20210404,344.0
nld,20210405,366.0
nld,20210406,360.0
nld,20210407,375.0
nld,20210408,371.0
nld,20210409,368.0
nld,20210410,367.0
nld,20210411,359.0
nld,20210412,346.0
nld,20210413,347.0
nld,20210414,336.0
nld,20210415,318.0
nld,20210416,324.0
nld,20210417,331.0
nld,20210418,342.0
nld,20210419,341.0
nld,20210420,354.0
nld,20210421,355.0
nld,20210422,353.0
nld,20210423,351.0
nld,20210424,340.0
nld,20210425,332.0
nld,20210426,323.0
nld,20210427,322.0
nld,20210428,317.0
nld,20210429,322.0
nld,20210430,321.0
nld,20210501,332.0
nld,20210502,324.0
nld,20210503,336.0
nld,20210504,326.0
nld,20210505,331.0
nld,20210506,330.0
nld,20210507,326.0
nld,20210508,303.0
nld,20210509,287.0
nld,20210510,278.0
nld,20210511,260.0
nld,20210512,253.0
nld,20210513,247.0
nld,20210514,225.0
nld,20210515,228.0
nld,20210516,230.0
nld,20210517,215.0
nld,20210518,219.0
nld,20210519,208.0
nld,20210520,194.0
nld,20210521,196.0
nld,20210522,180.0
nld,20210523,181.0
nld,20210524,177.0
nld,20210525,162.0
nld,20210526,148.0
nld,20210527,141.0
nld,20210528,144.0
nld,20210529,137.0
nld,20210530,124.0
nld,20210531,115.0
nld,20210601,103.0
nld,20210602,96.0
nld,20210603,92.0
nld,20210604,79.0
nld,20210605,69.0
nld,20210606,66.0
nld,20210607,63.0
nld,20210608,60.0
nld,20210609,58.0
nld,20210610,59.0
nld,20210611,53.0
nld,20210612,51.0
nld,20210613,48.0
nld,20210614,49.0
nld,20210615,52.0
nld,20210616,54.0
nld,20210617,48.0
nld,20210618,44.0
nld,20210627,23.0
nld,20210628,22.0
nld,20210629,18.0
nld,20210630,13.0
nld,20210701,13.0
nld,20210702,11.0
nld,20210703,8.0
nld,20210704,5.0
nld,20210705,4.0
nld,20210706,6.0
nld,20210707,6.0
nld,20210708,6.0
nld,20210709,7.0
nld,20210710,8.0
nld,20210711,12.0
nld,20210712,12.0
nld,20210713,12.0
nld,20210714,15.0
nld,20210715,17.0
nld,20210716,21.0
nld,20210717,25.0
nld,20210718,23.0
nld,20210719,29.0
nld,20210720,47.0
nld,20210721,57.0
nld,20210722,65.0
nld,20210723,67.0
nld,20210724,79.0
nld,20210725,93.0
nld,20210726,101.0
nld,20210727,98.0
nld,20210728,109.0
nld,20210729,122.0
nld,20210730,129.0
nld,20210731,125.0
nld,20210801,128.0
nld,20210802,132.0
nld,20210803,125.0
nld,20210804,114.0
nld,20210805,114.0
nld,20210806,124.0
nld,20210807,128.0
nld,20210808,127.0
nld,20210809,125.0
nld,20210810,132.0
nld,20210811,139.0
nld,20210812,134.0
nld,20210813,123.0
nld,20210814,119.0
nld,20210815,114.0
nld,20210816,105.0
nld,20210817,97.0
nld,20210818,91.0
nld,20210819,86.0
nld,20210820,94.0
nld,20210821,95.0
nld,20210822,92.0
nld,20210823,94.0
nld,20210824,105.0
nld,20210825,110.0
nld,20210826,107.0
nld,20210827,103.0
nld,20210828,111.0
nld,20210829,116.0
nld,20210830,117.0
nld,20210831,105.0
nld,20210901,95.0
nld,20210902,102.0
nld,20210903,98.0
nld,20210904,86.0
nld,20210905,80.0
nld,20210906,84.0
nld,20210907,85.0
nld,20210908,98.0
nld,20210909,96.0
nld,20210910,95.0
nld,20210911,103.0
nld,20210912,101.0
nld,20210913,94.0
nld,20210914,92.0
nld,20210915,82.0
nld,20210916,81.0
nld,20210917,79.0
nld,20210918,67.0
nld,20210919,68.0
nld,20210920,69.0
nld,20210921,73.0
nld,20210922,79.0
nld,20210923,71.0
nld,20210924,72.0
nld,20210925,74.0
nld,20210926,75.0
nld,20210927,70.0
nld,20210928,62.0
nld,20210929,51.0
nld,20210930,52.0
nld,20211001,48.0
nld,20211002,49.0
nld,20211003,47.0
nld,20211004,51.0
nld,20211005,65.0
nld,20211006,70.0
nld,20211007,71.0
nld,20211008,70.0
nld,20211009,67.0
nld,20211010,69.0
nld,20211011,73.0
nld,20211012,66.0
nld,20211013,63.0
nld,20211014,70.0
nld,20211015,75.0
nld,20211016,85.0
nld,20211017,89.0
nld,20211018,87.0
nld,20211019,98.0
nld,20211020,107.0
nld,20211021,109.0
nld,20211022,119.0
nld,20211023,118.0
nld,20211024,122.0
nld,20211025,129.0
nld,20211026,122.0
nld,20211027,125.0
nld,20211028,121.0
nld,20211029,126.0
nld,20211030,124.0
nld,20211031,121.0
nld,20211101,120.0
nld,20211102,128.0
nld,20211103,140.0
nld,20211104,151.0
nld,20211105,153.0
nld,20211106,166.0
nld,20211107,178.0
nld,20211108,195.0
nld,20211109,191.0
nld,20211110,184.0
nld,20211111,187.0
nld,20211112,193.0
nld,20211113,206.0
nld,20211114,212.0
nld,20211115,203.0
nld,20211116,224.0
nld,20211117,234.0
nld,20211118,258.0
nld,20211119,273.0
nld,20211120,266.0
nld,20211121,269.0
nld,20211122,277.0
nld,20211123,289.0
nld,20211124,300.0
nld,20211125,297.0
nld,20211126,294.0
nld,20211127,313.0
nld,20211128,324.0
nld,20211129,338.0
nld,20211130,334.0
nld,20211201,329.0
nld,20211202,338.0
nld,20211203,328.0
nld,20211204,306.0
nld,20211205,293.0
nld,20211206,296.0
nld,20211207,285.0
nld,20211208,289.0
nld,20211209,264.0
nld,20211210,280.0
nld,20211211,292.0
nld,20211212,292.0
nld,20211213,270.0
nld,20211214,281.0
nld,20211215,269.0
nld,20211216,270.0
nld,20211217,256.0
nld,20211218,244.0
nld,20211219,237.0
nld,20211220,237.0
nld,20211221,221.0
nld,20211222,215.0
nld,20211223,206.0
nld,20211224,192.0
nld,20211225,185.0
nld,20211226,182.0
nld,20211227,181.0
nld,20211228,182.0
nld,20211229,183.0
nld,20211230,177.0
nld,20211231,175.0
nld,20220101,170.0
nld,20220102,164.0
nld,20220103,156.0
nld,20220104,152.0
nld,20220105,136.0
nld,20220106,129.0
nld,20220107,123.0
nld,20220108,122.0
nld,20220109,118.0
nor,20200301,0.0
nor,20200308,0.0
nor,20200315,11.0
nor,20200322,45.0
nor,20200329,78.0
nor,20200405,37.0
nor,20200412,12.0
nor,20200419,15.0
nor,20200426,13.0
nor,20200503,3.0
nor,20200510,4.0
nor,20200517,3.0
nor,20200524,1.0
nor,20200531,1.0
nor,20200607,0.0
nor,20200614,4.0
nor,20200621,2.0
nor,20200628,0.0
nor,20200705,1.0
nor,20200712,1.0
nor,20200719,1.0
nor,20200726,1.0
nor,20200802,0.0
nor,20200809,1.0
nor,20200816,1.0
nor,20200823,1.0
nor,20200830,1.0
nor,20200906,1.0
nor,20200913,2.0
nor,20200920,2.0
nor,20200927,3.0
nor,20201004,3.0
nor,20201011,2.0
nor,20201018,6.0
nor,20201025,4.0
nor,20201101,5.0
nor,20201108,17.0
nor,20201115,17.0
nor,20201122,24.0
nor,20201129,14.0
nor,20201206,19.0
nor,20201213,20.0
nor,20201220,14.0
nor,20201227,14.0
nor,20210103,11.0
nor,20210110,22.0
nor,20210117,15.0
nor,20210124,12.0
nor,20210131,9.0
nor,20210207,10.0
nor,20210214,8.0
nor,20210221,8.0
nor,20210228,12.0
nor,20210307,18.0
nor,20210314,31.0
nor,20210321,48.0
nor,20210328,55.0
nor,20210404,59.0
nor,20210411,33.0
nor,20210418,34.0
nor,20210425,30.0
nor,20210502,13.0
nor,20210509,12.0
nor,20210516,13.0
nor,20210523,13.0
nor,20210530,10.0
nor,20210606,8.0
nor,20210613,3.0
nor,20210620,0.0
nor,20210627,5.0
nor,20210704,2.0
nor,20210711,5.0
nor,20210718,5.0
nor,20210725,3.0
nor,20210801,3.0
nor,20210808,5.0
nor,20210815,3.0
nor,20210822,6.0
nor,20210829,8.0
nor,20210905,17.0
nor,20210912,23.0
nor,20210919,11.0
nor,20210926,17.0
nor,20211003,10.0
nor,20211010,15.0
nor,20211017,17.0
nor,20211024,12.0
nor,20211031,22.0
nor,20211107,39.0
nor,20211114,27.0
nor,20211121,23.0
nor,20211128,45.0
nor,20211205,47.0
nor,20211212,72.0
nor,20211219,64.0
nor,20211226,50.0
nor,20220102,37.0
svn,20200322,8.0
svn,20200329,18.0
svn,20200405,13.0
svn,20200412,13.0
svn,20200419,8.0
svn,20200426,4.0
svn,20200503,4.0
svn,20200510,0.0
svn,20200517,0.0
svn,20200524,1.0
svn,20200531,0.0
svn,20200607,0.0
svn,20200614,0.0
svn,20200621,1.0
svn,20200628,3.0
svn,20200705,0.0
svn,20200712,1.0
svn,20200719,3.0
svn,20200726,2.0
svn,20200802,2.0
svn,20200809,3.0
svn,20200816,1.0
svn,20200823,0.0
svn,20200830,3.0
svn,20200906,2.0
svn,20200913,4.0
svn,20200920,11.0
svn,20200927,14.0
svn,20201004,6.0
svn,20201011,27.0
svn,20201018,42.0
svn,20201025,57.0
svn,20201101,112.0
svn,20201108,126.0
svn,20201115,127.0
svn,20201122,123.0
svn,20201129,119.0
svn,20201206,120.0
svn,20201213,134.0
svn,20201220,108.0
svn,20201227,110.0
svn,20210103,105.0
svn,20210110,110.0
svn,20210117,98.0
svn,20210124,94.0
svn,20210131,79.0
svn,20210207,70.0
svn,20210214,56.0
svn,20210221,46.0
svn,20210228,57.0
svn,20210307,37.0
svn,20210314,53.0
svn,20210321,52.0
svn,20210328,61.0
svn,20210404,93.0
svn,20210411,80.0
svn,20210418,73.0
svn,20210425,77.0
svn,20210502,65.0
svn,20210509,62.0
svn,20210516,42.0
svn,20210523,49.0
svn,20210530,26.0
svn,20210606,14.0
svn,20210613,19.0
svn,20210620,14.0
svn,20210627,3.0
svn,20210704,2.0
svn,20210711,3.0
svn,20210718,2.0
svn,20210725,2.0
svn,20210801,3.0
svn,20210808,4.0
svn,20210815,5.0
svn,20210822,15.0
svn,20210829,17.0
svn,20210905,31.0
svn,20210912,48.0
svn,20210919,57.0
svn,20210926,57.0
svn,20211003,66.0
svn,20211010,61.0
svn,20211017,56.0
svn,20211024,65.0
svn,20211031,90.0
svn,20211107,123.0
svn,20211114,144.0
svn,20211121,160.0
svn,20211128,160.0
svn,20211205,135.0
svn,20211212,104.0
svn,20211219,87.0
svn,20211226,75.0
svn,20220102,74.0
esp,20200807,267.0
esp,20200808,282.0
esp,20200809,279.0
esp,20200810,285.0
esp,20200811,301.0
esp,20200812,318.0
esp,20200813,325.0
esp,20200814,337.0
esp,20200815,346.0
esp,20200816,359.0
esp,20200817,378.0
esp,20200818,399.0
esp,20200819,422.0
esp,20200820,428.0
esp,20200821,441.0
esp,20200822,452.0
esp,20200823,484.0
esp,20200824,511.0
esp,20200825,505.0
esp,20200826,515.0
esp,20200827,521.0
esp,20200828,533.0
esp,20200829,549.0
esp,20200830,532.0
esp,20200831,534.0
esp,20200901,571.0
esp,20200902,581.0
esp,20200903,622.0
esp,20200904,619.0
esp,20200905,616.0
esp,20200906,636.0
esp,20200907,646.0
esp,20200908,639.0
esp,20200909,641.0
esp,20200910,624.0
esp,20200911,650.0
esp,20200912,664.0
esp,20200913,671.0
esp,20200914,680.0
esp,20200915,685.0
esp,20200916,707.0
esp,20200917,704.0
esp,20200918,699.0
esp,20200919,706.0
esp,20200920,721.0
esp,20200921,714.0
esp,20200922,725.0
esp,20200923,711.0
esp,20200924,735.0
esp,20200925,759.0
esp,20200926,776.0
esp,20200927,758.0
esp,20200928,779.0
esp,20200929,767.0
esp,20200930,793.0
esp,20201001,788.0
esp,20201002,767.0
esp,20201003,741.0
esp,20201004,732.0
esp,20201005,701.0
esp,20201006,702.0
esp,20201007,687.0
esp,20201008,695.0
esp,20201009,684.0
esp,20201010,675.0
esp,20201011,683.0
esp,20201012,690.0
esp,20201013,710.0
esp,20201014,738.0
esp,20201015,751.0
esp,20201016,811.0
esp,20201017,878.0
esp,20201018,918.0
esp,20201019,983.0
esp,20201020,1022.0
esp,20201021,1044.0
esp,20201022,1091.0
esp,20201023,1118.0
esp,20201024,1147.0
esp,20201025,1183.0
esp,20201026,1213.0
esp,20201027,1265.0
esp,20201028,1306.0
esp,20201029,1348.0
esp,20201030,1402.0
esp,20201031,1459.0
esp,20201101,1501.0
esp,20201102,1532.0
esp,20201103,1543.0
esp,20201104,1556.0
esp,20201105,1562.0
esp,20201106,1559.0
esp,20201107,1542.0
esp,20201108,1534.0
esp,20201109,1551.0
esp,20201110,1555.0
esp,20201111,1543.0
esp,20201112,1530.0
esp,20201113,1493.0
esp,20201114,1483.0
esp,20201115,1457.0
esp,20201116,1404.0
esp,20201117,1351.0
esp,20201118,1318.0
esp,20201119,1259.0
esp,20201120,1208.0
esp,20201121,1143.0
esp,20201122,1102.0
esp,20201123,1060.0
esp,20201124,1051.0
esp,20201125,1015.0
esp,20201126,1008.0
esp,20201127,970.0
esp,20201128,931.0
esp,20201129,913.0
esp,20201130,880.0
esp,20201201,810.0
esp,20201202,796.0
esp,20201203,760.0
esp,20201204,730.0
esp,20201205,702.0
esp,20201206,667.0
esp,20201207,634.0
esp,20201208,640.0
esp,20201209,633.0
esp,20201210,627.0
esp,20201211,635.0
esp,20201212,636.0
esp,20201213,620.0
esp,20201214,648.0
esp,20201215,636.0
esp,20201216,636.0
esp,20201217,640.0
esp,20201218,665.0
esp,20201219,696.0
esp,20201220,722.0
esp,20201221,728.0
esp,20201222,764.0
esp,20201223,755.0
esp,20201224,757.0
esp,20201225,758.0
esp,20201226,755.0
esp,20201227,791.0
esp,20201228,805.0
esp,20201229,807.0
esp,20201230,819.0
esp,20201231,824.0
esp,20210101,846.0
esp,20210102,869.0
esp,20210103,913.0
esp,20210104,967.0
esp,20210105,1015.0
esp,20210106,1051.0
esp,20210107,1111.0
esp,20210108,1125.0
esp,20210109,1155.0
esp,20210110,1176.0
esp,20210111,1225.0
esp,20210112,1289.0
esp,20210113,1383.0
esp,20210114,1477.0
esp,20210115,1588.0
esp,20210116,1683.0
esp,20210117,1764.0
esp,20210118,1844.0
esp,20210119,1926.0
esp,20210120,2031.0
esp,20210121,2136.0
esp,20210122,2222.0
esp,20210123,2301.0
esp,20210124,2289.0
esp,20210125,2334.0
esp,20210126,2327.0
esp,20210127,2324.0
esp,20210128,2315.0
esp,20210129,2289.0
esp,20210130,2276.0
esp,20210131,2311.0
esp,20210201,2246.0
esp,20210202,2210.0
esp,20210203,2139.0
esp,20210204,2048.0
esp,20210205,2019.0
esp,20210206,1983.0
esp,20210207,1916.0
esp,20210208,1843.0
esp,20210209,1788.0
esp,20210210,1686.0
esp,20210211,1605.0
esp,20210212,1473.0
esp,20210213,1341.0
esp,20210214,1252.0
esp,20210215,1220.0
esp,20210216,1146.0
esp,20210217,1132.0
esp,20210218,1081.0
esp,20210219,1050.0
esp,20210220,1027.0
esp,20210221,1001.0
esp,20210222,950.0
esp,20210223,921.0
esp,20210224,876.0
esp,20210225,849.0
esp,20210226,828.0
esp,20210227,809.0
esp,20210228,790.0
esp,20210301,752.0
esp,20210302,734.0
esp,20210303,733.0
esp,20210304,735.0
esp,20210305,741.0
esp,20210306,733.0
esp,20210307,717.0
esp,20210308,713.0
esp,20210309,712.0
esp,20210310,703.0
esp,20210311,667.0
esp,20210312,626.0
esp,20210313,591.0
esp,20210314,593.0
esp,20210315,599.0
esp,20210316,601.0
esp,20210317,615.0
esp,20210318,632.0
esp,20210319,675.0
esp,20210320,721.0
esp,20210321,735.0
esp,20210322,740.0
esp,20210323,736.0
esp,20210324,728.0
esp,20210325,742.0
esp,20210326,739.0
esp,20210327,722.0
esp,20210328,713.0
esp,20210329,729.0
esp,20210330,740.0
esp,20210331,756.0
esp,20210401,772.0
esp,20210402,768.0
esp,20210403,778.0
esp,20210404,808.0
esp,20210405,832.0
esp,20210406,861.0
esp,20210407,873.0
esp,20210408,889.0
esp,20210409,934.0
esp,20210410,977.0
esp,20210411,989.0
esp,20210412,1011.0
esp,20210413,1016.0
esp,20210414,1020.0
esp,20210415,1039.0
esp,20210416,1042.0
esp,20210417,1053.0
esp,20210418,1070.0
esp,20210419,1074.0
esp,20210420,1086.0
esp,20210421,1095.0
esp,20210422,1080.0
esp,20210423,1068.0
esp,20210424,1048.0
esp,20210425,1024.0
esp,20210426,992.0
esp,20210427,967.0
esp,20210428,961.0
esp,20210429,941.0
esp,20210430,931.0
esp,20210501,919.0
esp,20210502,933.0
esp,20210503,910.0
esp,20210504,895.0
esp,20210505,861.0
esp,20210506,855.0
esp,20210507,837.0
esp,20210508,815.0
esp,20210509,763.0
esp,20210510,755.0
esp,20210511,724.0
esp,20210512,694.0
esp,20210513,660.0
esp,20210514,613.0
esp,20210515,560.0
esp,20210516,553.0
esp,20210517,533.0
esp,20210518,524.0
esp,20210519,517.0
esp,20210520,512.0
esp,20210521,504.0
esp,20210522,507.0
esp,20210523,499.0
esp,20210524,469.0
esp,20210525,452.0
esp,20210526,453.0
esp,20210527,430.0
esp,20210528,421.0
esp,20210529,416.0
esp,20210530,388.0
esp,20210531,394.0
esp,20210601,380.0
esp,20210602,353.0
esp,20210603,338.0
esp,20210604,326.0
esp,20210605,316.0
esp,20210606,321.0
esp,20210607,308.0
esp,20210608,306.0
esp,20210609,299.0
esp,20210610,295.0
esp,20210611,298.0
esp,20210612,296.0
esp,20210613,287.0
esp,20210614,285.0
esp,20210615,283.0
esp,20210616,277.0
esp,20210617,275.0
esp,20210618,259.0
esp,20210619,241.0
esp,20210620,236.0
esp,20210621,225.0
esp,20210622,210.0
esp,20210623,200.0
esp,20210624,185.0
esp,20210625,184.0
esp,20210626,186.0
esp,20210627,177.0
esp,20210628,172.0
esp,20210629,181.0
esp,20210630,181.0
esp,20210701,200.0
esp,20210702,219.0
esp,20210703,235.0
esp,20210704,244.0
esp,20210705,255.0
esp,20210706,262.0
esp,20210707,284.0
esp,20210708,295.0
esp,20210709,302.0
esp,20210710,311.0
esp,20210711,360.0
esp,20210712,395.0
esp,20210713,453.0
esp,20210714,481.0
esp,20210715,537.0
esp,20210716,598.0
esp,20210717,656.0
esp,20210718,693.0
esp,20210719,760.0
esp,20210720,819.0
esp,20210721,875.0
esp,20210722,910.0
esp,20210723,935.0
esp,20210724,967.0
esp,20210725,1033.0
esp,20210726,1055.0
esp,20210727,1062.0
esp,20210728,1092.0
esp,20210729,1116.0
esp,20210730,1133.0
esp,20210731,1150.0
esp,20210801,1150.0
esp,20210802,1143.0
esp,20210803,1148.0
esp,20210804,1151.0
esp,20210805,1124.0
esp,20210806,1111.0
esp,20210807,1091.0
esp,20210808,1037.0
esp,20210809,1008.0
esp,20210810,953.0
esp,20210811,897.0
esp,20210812,887.0
esp,20210813,882.0
esp,20210814,881.0
esp,20210815,883.0
esp,20210816,878.0
esp,20210817,870.0
esp,20210818,874.0
esp,20210819,846.0
esp,20210820,803.0
esp,20210821,760.0
esp,20210822,740.0
esp,20210823,703.0
esp,20210824,690.0
esp,20210825,661.0
esp,20210826,636.0
esp,20210827,621.0
esp,20210828,605.0
esp,20210829,578.0
esp,20210830,565.0
esp,20210831,533.0
esp,20210901,516.0
esp,20210902,514.0
esp,20210903,497.0
esp,20210904,485.0
esp,20210905,454.0
esp,20210906,439.0
esp,20210907,417.0
esp,20210908,396.0
esp,20210909,374.0
esp,20210910,367.0
esp,20210911,352.0
esp,20210912,345.0
esp,20210913,335.0
esp,20210914,333.0
esp,20210915,335.0
esp,20210916,319.0
esp,20210917,302.0
esp,20210918,293.0
esp,20210919,283.0
esp,20210920,258.0
esp,20210921,257.0
esp,20210922,237.0
esp,20210923,231.0
esp,20210924,218.0
esp,20210925,204.0
esp,20210926,193.0
esp,20210927,198.0
esp,20210928,173.0
esp,20210929,161.0
esp,20210930,151.0
esp,20211001,147.0
esp,20211002,140.0
esp,20211003,134.0
esp,20211004,126.0
esp,20211005,127.0
esp,20211006,127.0
esp,20211007,132.0
esp,20211008,136.0
esp,20211009,140.0
esp,20211010,142.0
esp,20211011,135.0
esp,20211012,140.0
esp,20211013,146.0
esp,20211014,141.0
esp,20211015,137.0
esp,20211016,132.0
esp,20211017,137.0
esp,20211018,146.0
esp,20211019,164.0
esp,20211020,163.0
esp,20211021,173.0
esp,20211022,182.0
esp,20211023,192.0
esp,20211024,185.0
esp,20211025,191.0
esp,20211026,172.0
esp,20211027,170.0
esp,20211028,157.0
esp,20211029,149.0
esp,20211030,144.0
esp,20211031,144.0
esp,20211101,135.0
esp,20211102,145.0
esp,20211103,150.0
esp,20211104,143.0
esp,20211105,138.0
esp,20211106,131.0
esp,20211107,143.0
esp,20211108,147.0
esp,20211109,157.0
esp,20211110,166.0
esp,20211111,180.0
esp,20211112,193.0
esp,20211113,206.0
esp,20211114,211.0
esp,20211115,224.0
esp,20211116,231.0
esp,20211117,229.0
esp,20211118,242.0
esp,20211119,253.0
esp,20211120,260.0
esp,20211121,276.0
esp,20211122,295.0
esp,20211123,304.0
esp,20211124,326.0
esp,20211125,346.0
esp,20211126,369.0
esp,20211127,393.0
esp,20211128,394.0
esp,20211129,413.0
esp,20211130,427.0
esp,20211201,455.0
esp,20211202,479.0
esp,20211203,506.0
esp,20211204,538.0
esp,20211205,577.0
esp,20211206,574.0
esp,20211207,581.0
esp,20211208,575.0
esp,20211209,578.0
esp,20211210,562.0
esp,20211211,544.0
esp,20211212,562.0
esp,20211213,602.0
esp,20211214,636.0
esp,20211215,677.0
esp,20211216,689.0
esp,20211217,730.0
esp,20211218,768.0
esp,20211219,780.0
esp,20211220,794.0
esp,20211221,796.0
esp,20211222,817.0
esp,20211223,855.0
esp,20211224,872.0
esp,20211225,893.0
esp,20211226,930.0
esp,20211227,960.0
esp,20211228,1006.0
esp,20211229,1007.0
esp,20211230,1006.0
esp,20211231,1007.0
esp,20220101,1018.0
esp,20220102,1020.0
esp,20220103,1052.0
esp,20220104,1087.0
esp,20220105,1131.0
esp,20220106,1199.0
swe,20200308,3.0
swe,20200315,16.0
swe,20200322,85.0
swe,20200329,233.0
swe,20200405,272.0
swe,20200412,280.0
swe,20200419,244.0
swe,20200426,233.0
swe,20200503,185.0
swe,20200510,153.0
swe,20200517,121.0
swe,20200524,109.0
swe,20200531,120.0
swe,20200607,121.0
swe,20200614,90.0
swe,20200621,73.0
swe,20200628,55.0
swe,20200705,33.0
swe,20200712,14.0
swe,20200719,14.0
swe,20200726,12.0
swe,20200802,11.0
swe,20200809,16.0
swe,20200816,13.0
swe,20200823,8.0
swe,20200830,7.0
swe,20200906,8.0
swe,20200913,8.0
swe,20200920,7.0
swe,20200927,8.0
swe,20201004,14.0
swe,20201011,22.0
swe,20201018,19.0
swe,20201025,36.0
swe,20201101,57.0
swe,20201108,108.0
swe,20201115,115.0
swe,20201122,151.0
swe,20201129,167.0
swe,20201206,163.0
swe,20201213,161.0
swe,20201220,184.0
swe,20201227,203.0
swe,20210103,228.0
swe,20210110,182.0
swe,20210117,151.0
swe,20210124,123.0
swe,20210131,107.0
swe,20210207,102.0
swe,20210214,103.0
swe,20210221,107.0
swe,20210228,131.0
swe,20210307,133.0
swe,20210314,147.0
swe,20210321,163.0
swe,20210328,172.0
swe,20210404,214.0
swe,20210411,245.0
swe,20210418,241.0
swe,20210425,208.0
swe,20210502,203.0
swe,20210509,178.0
swe,20210516,114.0
swe,20210523,86.0
swe,20210530,59.0
swe,20210606,29.0
swe,20210613,31.0
swe,20210620,11.0
swe,20210627,14.0
swe,20210704,4.0
swe,20210711,7.0
swe,20210718,10.0
swe,20210725,6.0
swe,20210801,13.0
swe,20210808,19.0
swe,20210815,22.0
swe,20210822,23.0
swe,20210829,35.0
swe,20210905,46.0
swe,20210912,29.0
swe,20210919,24.0
swe,20210926,21.0
swe,20211003,17.0
swe,20211010,15.0
swe,20211017,14.0
swe,20211024,15.0
swe,20211031,16.0
swe,20211107,17.0
swe,20211114,22.0
swe,20211121,13.0
swe,20211128,34.0
swe,20211205,31.0
swe,20211212,44.0
swe,20211219,63.0
swe,20211226,55.0
swe,20220102,60.0
