location,date,weekly_icu_admissions_per_million
cyp,20200322,6.757
cyp,20200329,18.018
cyp,20200405,10.135
cyp,20200412,9.009
cyp,20200419,3.378
cyp,20200426,2.252
cyp,20200503,1.126
cyp,20200510,1.126
cyp,20200802,1.126
cyp,20200809,1.126
cyp,20200823,1.126
cyp,20200913,1.126
cyp,20200927,2.252
cyp,20201004,3.378
cyp,20201018,1.126
cyp,20201025,4.504
cyp,20201101,3.378
cyp,20201108,6.757
cyp,20201115,14.64
cyp,20201122,6.757
cyp,20201129,9.009
cyp,20201206,11.261
cyp,20201213,7.883
cyp,20201220,16.892
cyp,20201227,23.649
cyp,20210103,13.513
cyp,20210110,24.775
cyp,20210117,30.405
cyp,20210124,18.018
cyp,20210131,10.135
cyp,20210207,7.883
cyp,20210214,12.387
cyp,20210221,11.261
cyp,20210228,3.378
cyp,20210307,10.135
cyp,20210314,27.027
cyp,20210321,20.27
cyp,20210328,27.027
cyp,20210404,23.649
cyp,20210411,27.027
cyp,20210418,30.405
cyp,20210425,27.027
cyp,20210502,24.775
cyp,20210509,20.27
cyp,20210516,18.018
cyp,20210523,14.64
cyp,20210530,5.631
cyp,20210606,1.126
cyp,20210613,5.631
cyp,20210620,9.009
cyp,20210627,2.252
cyp,20210704,12.387
cyp,20210711,11.261
cyp,20210718,24.775
cyp,20210725,29.279
cyp,20210801,34.91
cyp,20210808,34.91
cyp,20210815,34.91
cyp,20210822,21.396
cyp,20210829,12.387
cyp,20210905,10.135
cyp,20210912,15.766
cyp,20210919,14.64
cyp,20210926,16.892
cyp,20211003,5.631
cyp,20211010,4.504
cyp,20211017,6.757
cyp,20211024,7.883
cyp,20211031,10.135
cyp,20211107,5.631
cyp,20211114,13.513
cyp,20211121,11.261
cyp,20211128,14.64
cyp,20211205,18.018
cyp,20211212,19.144
cyp,20211219,24.775
cyp,20211226,22.522
cyp,20220102,22.522
cyp,20220109,21.396
cyp,20220116,34.91
cze,20200307,0.0
cze,20200308,0.0
cze,20200309,0.0
cze,20200310,0.0
cze,20200311,0.0
cze,20200312,0.0
cze,20200313,0.0
cze,20200314,0.0
cze,20200315,0.0
cze,20200316,0.28
cze,20200317,0.653
cze,20200318,0.746
cze,20200319,0.839
cze,20200320,1.305
cze,20200321,1.492
cze,20200322,2.331
cze,20200323,2.518
cze,20200324,2.797
cze,20200325,3.73
cze,20200326,4.196
cze,20200327,4.103
cze,20200328,4.755
cze,20200329,4.289
cze,20200330,4.849
cze,20200331,4.849
cze,20200401,4.569
cze,20200402,4.476
cze,20200403,4.755
cze,20200404,4.009
cze,20200405,4.009
cze,20200406,3.637
cze,20200407,3.916
cze,20200408,3.543
cze,20200409,3.45
cze,20200410,3.077
cze,20200411,3.357
cze,20200412,3.357
cze,20200413,2.704
cze,20200414,1.772
cze,20200415,1.678
cze,20200416,1.772
cze,20200417,1.865
cze,20200418,1.772
cze,20200419,1.958
cze,20200420,2.518
cze,20200421,2.984
cze,20200422,2.891
cze,20200423,2.704
cze,20200424,2.518
cze,20200425,2.331
cze,20200426,1.958
cze,20200427,1.585
cze,20200428,1.119
cze,20200429,1.026
cze,20200430,0.839
cze,20200501,0.746
cze,20200502,0.839
cze,20200503,0.653
cze,20200504,0.746
cze,20200505,0.746
cze,20200506,0.653
cze,20200507,0.839
cze,20200508,1.026
cze,20200509,0.839
cze,20200510,0.932
cze,20200511,0.746
cze,20200512,0.932
cze,20200513,1.119
cze,20200514,0.839
cze,20200515,0.653
cze,20200516,0.839
cze,20200517,0.746
cze,20200518,0.839
cze,20200519,0.653
cze,20200520,0.559
cze,20200521,0.559
cze,20200522,0.466
cze,20200523,0.373
cze,20200524,0.466
cze,20200525,0.373
cze,20200526,0.373
cze,20200527,0.28
cze,20200528,0.28
cze,20200529,0.373
cze,20200530,0.373
cze,20200531,0.28
cze,20200601,0.186
cze,20200602,0.186
cze,20200603,0.186
cze,20200604,0.28
cze,20200605,0.186
cze,20200606,0.186
cze,20200607,0.28
cze,20200608,0.28
cze,20200609,0.373
cze,20200610,0.466
cze,20200611,0.466
cze,20200612,0.466
cze,20200613,0.373
cze,20200614,0.373
cze,20200615,0.373
cze,20200616,0.28
cze,20200617,0.373
cze,20200618,0.466
cze,20200619,0.466
cze,20200620,0.466
cze,20200621,0.373
cze,20200622,0.466
cze,20200623,0.466
cze,20200624,0.373
cze,20200625,0.373
cze,20200626,0.373
cze,20200627,0.466
cze,20200628,0.466
cze,20200629,0.559
cze,20200630,0.559
cze,20200701,0.653
cze,20200702,0.466
cze,20200703,0.559
cze,20200704,0.559
cze,20200705,0.653
cze,20200706,0.466
cze,20200707,0.746
cze,20200708,0.746
cze,20200709,0.839
cze,20200710,0.839
cze,20200711,0.746
cze,20200712,0.653
cze,20200713,0.653
cze,20200714,0.373
cze,20200715,0.186
cze,20200716,0.28
cze,20200717,0.186
cze,20200718,0.186
cze,20200719,0.28
cze,20200720,0.28
cze,20200721,0.28
cze,20200722,0.28
cze,20200723,0.186
cze,20200724,0.28
cze,20200725,0.28
cze,20200726,0.28
cze,20200727,0.466
cze,20200728,0.466
cze,20200729,0.559
cze,20200730,0.559
cze,20200731,0.559
cze,20200801,0.559
cze,20200802,0.466
cze,20200803,0.373
cze,20200804,0.559
cze,20200805,0.559
cze,20200806,0.466
cze,20200807,0.559
cze,20200808,0.653
cze,20200809,1.119
cze,20200810,1.119
cze,20200811,1.026
cze,20200812,1.119
cze,20200813,1.305
cze,20200814,1.212
cze,20200815,1.212
cze,20200816,0.746
cze,20200817,0.746
cze,20200818,0.746
cze,20200819,0.653
cze,20200820,0.559
cze,20200821,0.746
cze,20200822,0.653
cze,20200823,0.653
cze,20200824,0.932
cze,20200825,0.839
cze,20200826,0.932
cze,20200827,0.932
cze,20200828,0.839
cze,20200829,1.305
cze,20200830,1.585
cze,20200831,1.492
cze,20200901,1.958
cze,20200902,2.051
cze,20200903,2.518
cze,20200904,2.704
cze,20200905,2.424
cze,20200906,2.518
cze,20200907,2.611
cze,20200908,2.424
cze,20200909,2.797
cze,20200910,2.331
cze,20200911,2.518
cze,20200912,2.797
cze,20200913,3.077
cze,20200914,3.264
cze,20200915,4.009
cze,20200916,3.916
cze,20200917,4.942
cze,20200918,5.595
cze,20200919,6.434
cze,20200920,6.9
cze,20200921,7.646
cze,20200922,8.205
cze,20200923,9.138
cze,20200924,9.791
cze,20200925,10.07
cze,20200926,10.07
cze,20200927,10.07
cze,20200928,10.91
cze,20200929,10.723
cze,20200930,11.376
cze,20201001,12.122
cze,20201002,12.308
cze,20201003,13.987
cze,20201004,15.385
cze,20201005,16.691
cze,20201006,19.395
cze,20201007,21.819
cze,20201008,22.192
cze,20201009,24.43
cze,20201010,25.176
cze,20201011,25.642
cze,20201012,27.227
cze,20201013,27.88
cze,20201014,28.439
cze,20201015,30.491
cze,20201016,31.516
cze,20201017,31.516
cze,20201018,34.314
cze,20201019,35.526
cze,20201020,37.857
cze,20201021,40.934
cze,20201022,44.104
cze,20201023,45.876
cze,20201024,49.606
cze,20201025,51.75
cze,20201026,56.133
cze,20201027,56.972
cze,20201028,55.014
cze,20201029,57.438
cze,20201030,58.184
cze,20201031,57.438
cze,20201101,56.879
cze,20201102,55.387
cze,20201103,56.226
cze,20201104,56.04
cze,20201105,53.709
cze,20201106,54.734
cze,20201107,52.683
cze,20201108,51.284
cze,20201109,48.673
cze,20201110,45.876
cze,20201111,44.571
cze,20201112,42.799
cze,20201113,39.629
cze,20201114,39.256
cze,20201115,36.365
cze,20201116,36.552
cze,20201117,34.594
cze,20201118,35.339
cze,20201119,34.034
cze,20201120,32.635
cze,20201121,32.822
cze,20201122,33.102
cze,20201123,30.771
cze,20201124,31.05
cze,20201125,30.304
cze,20201126,28.906
cze,20201127,27.973
cze,20201128,27.041
cze,20201129,26.388
cze,20201130,26.388
cze,20201201,25.176
cze,20201202,25.362
cze,20201203,26.202
cze,20201204,27.227
cze,20201205,26.202
cze,20201206,27.32
cze,20201207,28.16
cze,20201208,27.88
cze,20201209,26.668
cze,20201210,26.761
cze,20201211,26.854
cze,20201212,28.346
cze,20201213,28.439
cze,20201214,27.973
cze,20201215,28.626
cze,20201216,30.677
cze,20201217,30.211
cze,20201218,29.652
cze,20201219,30.025
cze,20201220,30.025
cze,20201221,29.838
cze,20201222,32.169
cze,20201223,32.356
cze,20201224,32.915
cze,20201225,34.127
cze,20201226,35.806
cze,20201227,38.23
cze,20201228,42.24
cze,20201229,44.664
cze,20201230,46.063
cze,20201231,49.419
cze,20210101,50.259
cze,20210102,51.004
cze,20210103,51.377
cze,20210104,53.149
cze,20210105,52.776
cze,20210106,53.336
cze,20210107,51.564
cze,20210108,52.31
cze,20210109,52.31
cze,20210110,52.59
cze,20210111,49.046
cze,20210112,47.741
cze,20210113,46.249
cze,20210114,46.622
cze,20210115,46.808
cze,20210116,45.969
cze,20210117,43.731
cze,20210118,42.985
cze,20210119,42.612
cze,20210120,42.24
cze,20210121,40.561
cze,20210122,40.654
cze,20210123,38.976
cze,20210124,38.696
cze,20210125,37.764
cze,20210126,37.764
cze,20210127,36.458
cze,20210128,37.111
cze,20210129,37.95
cze,20210130,39.162
cze,20210131,40.281
cze,20210201,40.654
cze,20210202,40.375
cze,20210203,40.748
cze,20210204,41.773
cze,20210205,40.841
cze,20210206,41.773
cze,20210207,41.773
cze,20210208,43.172
cze,20210209,42.24
cze,20210210,44.85
cze,20210211,45.596
cze,20210212,45.13
cze,20210213,42.799
cze,20210214,42.892
cze,20210215,42.519
cze,20210216,45.783
cze,20210217,45.317
cze,20210218,44.757
cze,20210219,46.249
cze,20210220,47.927
cze,20210221,48.767
cze,20210222,52.59
cze,20210223,53.056
cze,20210224,54.734
cze,20210225,57.718
cze,20210226,57.532
cze,20210227,60.982
cze,20210228,62.38
cze,20210301,62.94
cze,20210302,64.805
cze,20210303,66.017
cze,20210304,64.991
cze,20210305,66.203
cze,20210306,64.898
cze,20210307,65.178
cze,20210308,65.923
cze,20210309,63.592
cze,20210310,64.338
cze,20210311,62.753
cze,20210312,62.473
cze,20210313,62.567
cze,20210314,61.075
cze,20210315,59.023
cze,20210316,60.795
cze,20210317,58.557
cze,20210318,58.464
cze,20210319,57.625
cze,20210320,54.641
cze,20210321,54.268
cze,20210322,54.921
cze,20210323,52.217
cze,20210324,51.564
cze,20210325,51.657
cze,20210326,49.979
cze,20210327,50.818
cze,20210328,49.886
cze,20210329,47.554
cze,20210330,46.063
cze,20210331,44.104
cze,20210401,42.799
cze,20210402,42.24
cze,20210403,41.027
cze,20210404,39.535
cze,20210405,35.246
cze,20210406,40.468
cze,20210407,39.349
cze,20210408,38.23
cze,20210409,35.899
cze,20210410,34.873
cze,20210411,34.314
cze,20210412,36.272
cze,20210413,28.626
cze,20210414,27.88
cze,20210415,26.015
cze,20210416,27.134
cze,20210417,26.854
cze,20210418,25.735
cze,20210419,25.456
cze,20210420,25.922
cze,20210421,24.71
cze,20210422,24.71
cze,20210423,23.684
cze,20210424,22.006
cze,20210425,22.285
cze,20210426,19.674
cze,20210427,18.183
cze,20210428,18.556
cze,20210429,18.462
cze,20210430,18.183
cze,20210501,18.089
cze,20210502,16.97
cze,20210503,17.437
cze,20210504,17.343
cze,20210505,15.945
cze,20210506,14.639
cze,20210507,13.334
cze,20210508,13.054
cze,20210509,13.241
cze,20210510,12.495
cze,20210511,12.122
cze,20210512,11.655
cze,20210513,11.189
cze,20210514,10.723
cze,20210515,10.35
cze,20210516,9.324
cze,20210517,7.832
cze,20210518,7.273
cze,20210519,6.434
cze,20210520,5.968
cze,20210521,6.527
cze,20210522,6.62
cze,20210523,6.434
cze,20210524,6.714
cze,20210525,5.688
cze,20210526,5.968
cze,20210527,6.061
cze,20210528,4.849
cze,20210529,4.103
cze,20210530,4.382
cze,20210531,4.196
cze,20210601,4.289
cze,20210602,4.009
cze,20210603,3.45
cze,20210604,3.637
cze,20210605,3.45
cze,20210606,2.891
cze,20210607,2.238
cze,20210608,2.238
cze,20210609,1.958
cze,20210610,2.145
cze,20210611,1.678
cze,20210612,1.865
cze,20210613,1.772
cze,20210614,1.772
cze,20210615,1.492
cze,20210616,1.305
cze,20210617,1.119
cze,20210618,1.305
cze,20210619,1.119
cze,20210620,1.212
cze,20210621,0.839
cze,20210622,0.746
cze,20210623,0.559
cze,20210624,0.559
cze,20210625,0.559
cze,20210626,0.466
cze,20210627,0.373
cze,20210628,0.653
cze,20210629,0.839
cze,20210630,1.026
cze,20210701,0.932
cze,20210702,0.746
cze,20210703,0.746
cze,20210704,0.746
cze,20210705,0.932
cze,20210706,0.746
cze,20210707,0.653
cze,20210708,0.653
cze,20210709,0.746
cze,20210710,0.839
cze,20210711,0.932
cze,20210712,0.559
cze,20210713,0.559
cze,20210714,0.746
cze,20210715,0.746
cze,20210716,0.746
cze,20210717,0.653
cze,20210718,0.653
cze,20210719,0.746
cze,20210720,0.932
cze,20210721,0.746
cze,20210722,0.746
cze,20210723,0.746
cze,20210724,0.746
cze,20210725,0.746
cze,20210726,0.746
cze,20210727,0.653
cze,20210728,0.653
cze,20210729,0.839
cze,20210730,0.932
cze,20210731,0.932
cze,20210801,0.932
cze,20210802,0.839
cze,20210803,0.932
cze,20210804,0.932
cze,20210805,0.653
cze,20210806,0.746
cze,20210807,0.839
cze,20210808,0.839
cze,20210809,1.026
cze,20210810,1.119
cze,20210811,1.212
cze,20210812,1.305
cze,20210813,1.026
cze,20210814,0.932
cze,20210815,0.932
cze,20210816,0.932
cze,20210817,0.653
cze,20210818,0.653
cze,20210819,0.746
cze,20210820,0.932
cze,20210821,1.026
cze,20210822,1.026
cze,20210823,0.932
cze,20210824,1.119
cze,20210825,1.305
cze,20210826,1.212
cze,20210827,1.119
cze,20210828,1.119
cze,20210829,1.026
cze,20210830,1.026
cze,20210831,0.839
cze,20210901,0.653
cze,20210902,0.746
cze,20210903,1.026
cze,20210904,1.026
cze,20210905,1.212
cze,20210906,1.585
cze,20210907,1.772
cze,20210908,1.678
cze,20210909,1.585
cze,20210910,1.399
cze,20210911,1.399
cze,20210912,1.492
cze,20210913,1.492
cze,20210914,1.772
cze,20210915,1.865
cze,20210916,2.145
cze,20210917,2.145
cze,20210918,2.051
cze,20210919,2.145
cze,20210920,2.051
cze,20210921,1.865
cze,20210922,1.772
cze,20210923,1.678
cze,20210924,1.958
cze,20210925,2.611
cze,20210926,2.331
cze,20210927,2.238
cze,20210928,2.331
cze,20210929,2.424
cze,20210930,2.611
cze,20211001,2.424
cze,20211002,2.051
cze,20211003,2.518
cze,20211004,2.891
cze,20211005,3.45
cze,20211006,5.035
cze,20211007,4.942
cze,20211008,5.035
cze,20211009,5.315
cze,20211010,5.128
cze,20211011,6.341
cze,20211012,6.434
cze,20211013,5.315
cze,20211014,5.874
cze,20211015,6.154
cze,20211016,5.968
cze,20211017,6.154
cze,20211018,5.874
cze,20211019,6.061
cze,20211020,6.993
cze,20211021,7.18
cze,20211022,8.205
cze,20211023,9.604
cze,20211024,10.723
cze,20211025,10.63
cze,20211026,10.816
cze,20211027,12.028
cze,20211028,12.308
cze,20211029,13.054
cze,20211030,13.334
cze,20211031,13.334
cze,20211101,15.106
cze,20211102,17.064
cze,20211103,16.504
cze,20211104,17.81
cze,20211105,19.022
cze,20211106,20.047
cze,20211107,21.353
cze,20211108,22.192
cze,20211109,23.218
cze,20211110,24.523
cze,20211111,25.083
cze,20211112,25.176
cze,20211113,26.015
cze,20211114,26.948
cze,20211115,27.041
cze,20211116,26.761
cze,20211117,29.652
cze,20211118,32.356
cze,20211119,33.381
cze,20211120,34.407
cze,20211121,35.899
cze,20211122,37.671
cze,20211123,39.908
cze,20211124,38.23
cze,20211125,37.95
cze,20211126,40.468
cze,20211127,41.214
cze,20211128,39.442
cze,20211129,41.494
cze,20211130,40.841
cze,20211201,41.214
cze,20211202,40.561
cze,20211203,39.069
cze,20211204,37.111
cze,20211205,37.764
cze,20211206,34.873
cze,20211207,33.288
cze,20211208,32.729
cze,20211209,32.076
cze,20211210,30.304
cze,20211211,30.491
cze,20211212,29.838
cze,20211213,30.584
cze,20211214,30.584
cze,20211215,29.652
cze,20211216,27.973
cze,20211217,28.719
cze,20211218,26.575
cze,20211219,25.922
cze,20211220,24.803
cze,20211221,24.523
cze,20211222,24.523
cze,20211223,25.269
cze,20211224,22.006
cze,20211225,22.099
cze,20211226,22.099
cze,20211227,22.845
cze,20211228,22.845
cze,20211229,22.752
cze,20211230,22.006
cze,20211231,22.565
cze,20220101,23.497
cze,20220102,22.192
cze,20220103,19.581
cze,20220104,18.742
cze,20220105,16.784
cze,20220106,16.411
cze,20220107,16.597
cze,20220108,15.665
cze,20220109,14.826
cze,20220110,14.08
cze,20220111,13.334
cze,20220112,13.054
cze,20220113,11.562
cze,20220114,10.07
cze,20220115,8.205
est,20200329,39.128
est,20200426,6.02
est,20200503,6.02
est,20200510,3.762
est,20200517,3.762
est,20200524,0.752
est,20200531,0.752
est,20200607,0.0
est,20200614,0.0
est,20200628,0.752
est,20200705,0.752
est,20200712,1.505
est,20200719,0.752
est,20200726,0.0
est,20200802,0.0
est,20200809,0.752
est,20200816,0.0
est,20200823,0.0
est,20200830,0.0
est,20200906,0.0
est,20200913,0.752
est,20200920,2.257
est,20200927,2.257
est,20201004,3.01
est,20201011,3.01
est,20201018,1.505
est,20201025,3.01
est,20201101,2.257
est,20201108,3.01
est,20201115,6.02
est,20201122,6.02
est,20201129,9.03
est,20201206,11.287
est,20201213,14.297
est,20201220,15.049
est,20201227,21.821
est,20210103,24.831
est,20210110,23.326
est,20210117,21.821
est,20210124,24.079
est,20210131,19.564
est,20210207,15.802
est,20210214,16.554
est,20210221,21.069
est,20210228,21.069
est,20210307,30.098
est,20210314,39.128
est,20210321,42.89
est,20210328,38.375
est,20210411,39.88
est,20210418,30.098
est,20210425,30.851
est,20210502,31.603
est,20210509,23.326
est,20210516,21.821
est,20210523,15.049
est,20210530,6.02
est,20210606,5.267
est,20210613,3.762
est,20210620,2.257
est,20210627,3.01
est,20210704,3.01
est,20210711,1.505
est,20210718,0.752
est,20210725,1.505
est,20210801,1.505
est,20210808,0.752
est,20210815,4.515
est,20210822,8.277
est,20210829,7.525
est,20210905,8.277
est,20210912,7.525
est,20210919,9.782
est,20210926,10.534
est,20211003,9.782
est,20211010,15.049
est,20211017,12.792
est,20211024,24.831
est,20211031,27.841
est,20211114,25.584
est,20211121,20.316
est,20211128,18.059
est,20211205,14.297
est,20211212,12.792
est,20211219,15.802
est,20211226,11.287
est,20220102,12.039
est,20220109,9.03
est,20220116,12.039
fra,20200325,43.205
fra,20200326,45.786
fra,20200327,51.215
fra,20200328,57.103
fra,20200329,60.574
fra,20200330,64.222
fra,20200331,67.129
fra,20200401,69.562
fra,20200402,71.282
fra,20200403,71.757
fra,20200404,68.894
fra,20200405,66.625
fra,20200406,63.421
fra,20200407,59.728
fra,20200408,55.442
fra,20200409,50.117
fra,20200410,47.017
fra,20200411,43.354
fra,20200412,40.832
fra,20200413,37.11
fra,20200414,33.505
fra,20200415,30.569
fra,20200416,29.1
fra,20200417,26.297
fra,20200418,25.57
fra,20200419,24.339
fra,20200420,24.057
fra,20200421,22.797
fra,20200422,21.299
fra,20200423,19.934
fra,20200424,18.644
fra,20200425,17.428
fra,20200426,16.567
fra,20200427,15.336
fra,20200428,14.787
fra,20200429,13.705
fra,20200430,12.859
fra,20200501,11.643
fra,20200502,10.753
fra,20200503,10.768
fra,20200504,10.16
fra,20200505,9.537
fra,20200506,8.929
fra,20200507,8.603
fra,20200508,8.84
fra,20200509,8.454
fra,20200510,7.831
fra,20200511,7.802
fra,20200512,7.52
fra,20200513,7.52
fra,20200514,6.823
fra,20200515,6.452
fra,20200516,6.571
fra,20200517,6.363
fra,20200518,5.71
fra,20200519,5.369
fra,20200520,4.984
fra,20200521,4.628
fra,20200522,4.212
fra,20200523,3.975
fra,20200524,3.975
fra,20200525,4.079
fra,20200526,3.604
fra,20200527,3.441
fra,20200528,3.56
fra,20200529,3.456
fra,20200530,3.441
fra,20200531,3.352
fra,20200601,2.818
fra,20200602,2.759
fra,20200603,2.67
fra,20200604,2.477
fra,20200605,2.329
fra,20200606,2.121
fra,20200607,1.913
fra,20200608,2.121
fra,20200609,1.854
fra,20200610,1.809
fra,20200611,1.854
fra,20200612,1.839
fra,20200613,1.824
fra,20200614,1.854
fra,20200615,1.691
fra,20200616,1.676
fra,20200617,1.543
fra,20200618,1.379
fra,20200619,1.261
fra,20200620,1.157
fra,20200621,1.142
fra,20200622,1.201
fra,20200623,1.216
fra,20200624,1.127
fra,20200625,1.127
fra,20200626,1.201
fra,20200627,1.231
fra,20200628,1.216
fra,20200629,1.201
fra,20200630,1.098
fra,20200701,1.231
fra,20200702,1.187
fra,20200703,1.142
fra,20200704,1.068
fra,20200705,1.083
fra,20200706,1.009
fra,20200707,1.201
fra,20200708,1.216
fra,20200709,1.157
fra,20200710,1.112
fra,20200711,1.157
fra,20200712,1.157
fra,20200713,1.157
fra,20200714,0.949
fra,20200715,0.92
fra,20200716,1.142
fra,20200717,1.261
fra,20200718,1.246
fra,20200719,1.231
fra,20200720,1.35
fra,20200721,1.424
fra,20200722,1.439
fra,20200723,1.29
fra,20200724,1.276
fra,20200725,1.305
fra,20200726,1.261
fra,20200727,1.365
fra,20200728,1.513
fra,20200729,1.468
fra,20200730,1.483
fra,20200731,1.483
fra,20200801,1.528
fra,20200802,1.557
fra,20200803,1.617
fra,20200804,1.602
fra,20200805,1.617
fra,20200806,1.721
fra,20200807,1.78
fra,20200808,1.795
fra,20200809,1.809
fra,20200810,1.795
fra,20200811,1.795
fra,20200812,1.824
fra,20200813,1.884
fra,20200814,1.884
fra,20200815,1.928
fra,20200816,1.898
fra,20200817,1.987
fra,20200818,2.091
fra,20200819,2.299
fra,20200820,2.343
fra,20200821,2.596
fra,20200822,2.521
fra,20200823,2.581
fra,20200824,2.714
fra,20200825,3.026
fra,20200826,2.877
fra,20200827,2.937
fra,20200828,2.863
fra,20200829,3.13
fra,20200830,3.115
fra,20200831,3.144
fra,20200901,3.219
fra,20200902,3.752
fra,20200903,4.094
fra,20200904,4.301
fra,20200905,4.227
fra,20200906,4.272
fra,20200907,4.835
fra,20200908,5.31
fra,20200909,5.517
fra,20200910,5.503
fra,20200911,5.77
fra,20200912,6.185
fra,20200913,6.333
fra,20200914,6.645
fra,20200915,7.105
fra,20200916,7.535
fra,20200917,7.935
fra,20200918,8.469
fra,20200919,8.795
fra,20200920,8.884
fra,20200921,9.463
fra,20200922,9.656
fra,20200923,10.012
fra,20200924,10.649
fra,20200925,11.079
fra,20200926,11.317
fra,20200927,11.658
fra,20200928,11.569
fra,20200929,12.088
fra,20200930,12.251
fra,20201001,12.518
fra,20201002,12.385
fra,20201003,12.592
fra,20201004,13.245
fra,20201005,13.467
fra,20201006,13.512
fra,20201007,13.631
fra,20201008,13.215
fra,20201009,13.66
fra,20201010,13.764
fra,20201011,13.497
fra,20201012,13.779
fra,20201013,14.639
fra,20201014,15.381
fra,20201015,16.938
fra,20201016,17.858
fra,20201017,18.822
fra,20201018,19.919
fra,20201019,21.373
fra,20201020,22.144
fra,20201021,23.494
fra,20201022,24.132
fra,20201023,25.422
fra,20201024,26.282
fra,20201025,26.935
fra,20201026,28.24
fra,20201027,30.509
fra,20201028,31.815
fra,20201029,33.787
fra,20201030,35.612
fra,20201031,37.184
fra,20201101,38.637
fra,20201102,39.72
fra,20201103,40.284
fra,20201104,42.775
fra,20201105,43.547
fra,20201106,43.725
fra,20201107,44.54
fra,20201108,45.045
fra,20201109,45.846
fra,20201110,45.89
fra,20201111,43.087
fra,20201112,42.182
fra,20201113,42.761
fra,20201114,41.767
fra,20201115,40.981
fra,20201116,39.231
fra,20201117,37.896
fra,20201118,38.044
fra,20201119,36.932
fra,20201120,33.832
fra,20201121,32.245
fra,20201122,30.776
fra,20201123,28.967
fra,20201124,27.306
fra,20201125,25.778
fra,20201126,24.013
fra,20201127,23.153
fra,20201128,21.699
fra,20201129,20.676
fra,20201130,19.964
fra,20201201,19.43
fra,20201202,17.991
fra,20201203,17.873
fra,20201204,17.264
fra,20201205,17.309
fra,20201206,17.294
fra,20201207,17.398
fra,20201208,17.101
fra,20201209,17.235
fra,20201210,17.339
fra,20201211,17.561
fra,20201212,17.591
fra,20201213,17.413
fra,20201214,17.517
fra,20201215,17.472
fra,20201216,18.214
fra,20201217,17.62
fra,20201218,17.561
fra,20201219,17.502
fra,20201220,17.531
fra,20201221,17.072
fra,20201222,17.739
fra,20201223,17.442
fra,20201224,17.976
fra,20201225,17.027
fra,20201226,16.701
fra,20201227,16.938
fra,20201228,17.68
fra,20201229,17.606
fra,20201230,17.739
fra,20201231,17.591
fra,20210101,17.398
fra,20210102,17.398
fra,20210103,17.309
fra,20210104,17.561
fra,20210105,17.472
fra,20210106,17.843
fra,20210107,17.902
fra,20210108,20.068
fra,20210109,20.691
fra,20210110,20.943
fra,20210111,20.379
fra,20210112,20.572
fra,20210113,20.186
fra,20210114,20.557
fra,20210115,20.616
fra,20210116,21.284
fra,20210117,21.551
fra,20210118,22.233
fra,20210119,23.079
fra,20210120,24.324
fra,20210121,25.022
fra,20210122,25.333
fra,20210123,25.096
fra,20210124,25.674
fra,20210125,26.342
fra,20210126,26.757
fra,20210127,27.142
fra,20210128,27.424
fra,20210129,27.439
fra,20210130,27.736
fra,20210131,27.335
fra,20210201,27.617
fra,20210202,28.003
fra,20210203,27.365
fra,20210204,27.409
fra,20210205,27.172
fra,20210206,26.816
fra,20210207,26.994
fra,20210208,27.558
fra,20210209,27.039
fra,20210210,27.142
fra,20210211,27.053
fra,20210212,27.187
fra,20210213,27.528
fra,20210214,26.831
fra,20210215,26.089
fra,20210216,25.926
fra,20210217,26.356
fra,20210218,26.253
fra,20210219,26.92
fra,20210220,26.979
fra,20210221,27.395
fra,20210222,26.92
fra,20210223,27.246
fra,20210224,27.365
fra,20210225,27.943
fra,20210226,27.854
fra,20210227,28.047
fra,20210228,28.388
fra,20210301,29.471
fra,20210302,29.783
fra,20210303,29.827
fra,20210304,29.708
fra,20210305,30.02
fra,20210306,30.391
fra,20210307,30.732
fra,20210308,31.236
fra,20210309,32.052
fra,20210310,32.363
fra,20210311,33.728
fra,20210312,33.461
fra,20210313,33.906
fra,20210314,33.921
fra,20210315,34.217
fra,20210316,34.425
fra,20210317,34.633
fra,20210318,34.588
fra,20210319,35.73
fra,20210320,36.531
fra,20210321,36.65
fra,20210322,37.688
fra,20210323,38.474
fra,20210324,38.875
fra,20210325,39.26
fra,20210326,40.64
fra,20210327,40.862
fra,20210328,41.485
fra,20210329,41.678
fra,20210330,42.879
fra,20210331,44.184
fra,20210401,45.252
fra,20210402,45.682
fra,20210403,46.676
fra,20210404,47.151
fra,20210405,44.184
fra,20210406,45.119
fra,20210407,48.1
fra,20210408,48.367
fra,20210409,48.263
fra,20210410,48.1
fra,20210411,48.337
fra,20210412,51.422
fra,20210413,50.28
fra,20210414,46.839
fra,20210415,46.884
fra,20210416,46.365
fra,20210417,45.935
fra,20210418,45.148
fra,20210419,45.297
fra,20210420,45.979
fra,20210421,46.498
fra,20210422,46.157
fra,20210423,45.757
fra,20210424,45.593
fra,20210425,45.371
fra,20210426,44.896
fra,20210427,43.161
fra,20210428,41.277
fra,20210429,40.002
fra,20210430,38.326
fra,20210501,37.762
fra,20210502,37.095
fra,20210503,35.849
fra,20210504,33.936
fra,20210505,33.387
fra,20210506,31.622
fra,20210507,30.821
fra,20210508,29.056
fra,20210509,28.329
fra,20210510,26.534
fra,20210511,25.496
fra,20210512,24.087
fra,20210513,22.1
fra,20210514,20.364
fra,20210515,19.519
fra,20210516,19.193
fra,20210517,18.288
fra,20210518,17.724
fra,20210519,16.997
fra,20210520,17.932
fra,20210521,17.739
fra,20210522,17.457
fra,20210523,17.027
fra,20210524,14.98
fra,20210525,14.357
fra,20210526,14.55
fra,20210527,13.438
fra,20210528,13.675
fra,20210529,13.349
fra,20210530,12.904
fra,20210531,14.001
fra,20210601,13.111
fra,20210602,11.999
fra,20210603,11.51
fra,20210604,10.56
fra,20210605,10.101
fra,20210606,10.234
fra,20210607,9.596
fra,20210608,9.018
fra,20210609,8.84
fra,20210610,8.543
fra,20210611,8.172
fra,20210612,7.965
fra,20210613,7.579
fra,20210614,7.193
fra,20210615,6.645
fra,20210616,5.829
fra,20210617,5.414
fra,20210618,5.221
fra,20210619,4.865
fra,20210620,4.702
fra,20210621,4.361
fra,20210622,4.034
fra,20210623,4.079
fra,20210624,3.797
fra,20210625,3.589
fra,20210626,3.441
fra,20210627,3.411
fra,20210628,3.308
fra,20210629,3.041
fra,20210630,2.877
fra,20210701,2.922
fra,20210702,2.596
fra,20210703,2.64
fra,20210704,2.625
fra,20210705,2.462
fra,20210706,2.477
fra,20210707,2.462
fra,20210708,2.403
fra,20210709,2.596
fra,20210710,2.477
fra,20210711,2.358
fra,20210712,2.729
fra,20210713,2.833
fra,20210714,2.67
fra,20210715,2.818
fra,20210716,2.863
fra,20210717,3.041
fra,20210718,3.115
fra,20210719,3.426
fra,20210720,3.782
fra,20210721,4.45
fra,20210722,4.791
fra,20210723,5.325
fra,20210724,5.532
fra,20210725,5.636
fra,20210726,6.511
fra,20210727,7.401
fra,20210728,7.802
fra,20210729,8.276
fra,20210730,9.7
fra,20210731,10.531
fra,20210801,11.317
fra,20210802,11.836
fra,20210803,13.275
fra,20210804,14.254
fra,20210805,15.129
fra,20210806,15.129
fra,20210807,15.796
fra,20210808,16.508
fra,20210809,17.398
fra,20210810,17.294
fra,20210811,17.309
fra,20210812,17.917
fra,20210813,18.258
fra,20210814,17.991
fra,20210815,17.339
fra,20210816,16.567
fra,20210817,17.072
fra,20210818,19.163
fra,20210819,19.089
fra,20210820,19.474
fra,20210821,20.171
fra,20210822,20.616
fra,20210823,21.462
fra,20210824,21.002
fra,20210825,19.267
fra,20210826,19.341
fra,20210827,19.044
fra,20210828,18.362
fra,20210829,17.887
fra,20210830,16.76
fra,20210831,16.819
fra,20210901,16.894
fra,20210902,16.182
fra,20210903,15.663
fra,20210904,15.737
fra,20210905,15.574
fra,20210906,15.989
fra,20210907,15.722
fra,20210908,15.529
fra,20210909,15.47
fra,20210910,15.114
fra,20210911,14.624
fra,20210912,14.239
fra,20210913,13.186
fra,20210914,12.251
fra,20210915,11.435
fra,20210916,10.901
fra,20210917,10.101
fra,20210918,9.759
fra,20210919,9.745
fra,20210920,9.715
fra,20210921,9.7
fra,20210922,8.944
fra,20210923,8.469
fra,20210924,8.336
fra,20210925,8.128
fra,20210926,8.158
fra,20210927,7.861
fra,20210928,7.016
fra,20210929,6.778
fra,20210930,6.585
fra,20211001,6.229
fra,20211002,5.918
fra,20211003,5.681
fra,20211004,5.34
fra,20211005,5.28
fra,20211006,5.102
fra,20211007,4.939
fra,20211008,4.998
fra,20211009,4.895
fra,20211010,4.865
fra,20211011,4.672
fra,20211012,4.568
fra,20211013,4.835
fra,20211014,4.791
fra,20211015,4.657
fra,20211016,4.642
fra,20211017,4.657
fra,20211018,4.791
fra,20211019,4.717
fra,20211020,4.509
fra,20211021,4.731
fra,20211022,4.954
fra,20211023,5.206
fra,20211024,5.251
fra,20211025,5.354
fra,20211026,6.081
fra,20211027,6.333
fra,20211028,6.318
fra,20211029,6.452
fra,20211030,6.482
fra,20211031,6.467
fra,20211101,5.784
fra,20211102,5.992
fra,20211103,6.496
fra,20211104,6.838
fra,20211105,7.06
fra,20211106,7.223
fra,20211107,7.223
fra,20211108,8.603
fra,20211109,8.202
fra,20211110,8.172
fra,20211111,7.49
fra,20211112,7.727
fra,20211113,7.861
fra,20211114,7.95
fra,20211115,8.291
fra,20211116,8.825
fra,20211117,9.033
fra,20211118,10.279
fra,20211119,10.738
fra,20211120,10.382
fra,20211121,10.397
fra,20211122,11.05
fra,20211123,11.895
fra,20211124,12.34
fra,20211125,12.637
fra,20211126,13.334
fra,20211127,14.254
fra,20211128,14.476
fra,20211129,15.44
fra,20211130,16.612
fra,20211201,17.769
fra,20211202,18.57
fra,20211203,20.127
fra,20211204,20.379
fra,20211205,20.794
fra,20211206,21.595
fra,20211207,23.627
fra,20211208,24.532
fra,20211209,25.274
fra,20211210,24.814
fra,20211211,25.659
fra,20211212,26.267
fra,20211213,27.335
fra,20211214,26.653
fra,20211215,26.623
fra,20211216,26.698
fra,20211217,27.454
fra,20211218,27.662
fra,20211219,27.365
fra,20211220,26.787
fra,20211221,26.712
fra,20211222,27.424
fra,20211223,28.537
fra,20211224,28.759
fra,20211225,28.314
fra,20211226,28.344
fra,20211227,28.166
fra,20211228,29.056
fra,20211229,29.664
fra,20211230,29.308
fra,20211231,29.367
fra,20220101,29.916
fra,20220102,30.035
fra,20220103,30.391
fra,20220104,31.028
fra,20220105,31.518
fra,20220106,33.164
fra,20220107,33.728
fra,20220108,34.41
fra,20220109,35.152
fra,20220110,35.567
fra,20220111,36.042
fra,20220112,35.819
fra,20220113,34.692
fra,20220114,33.98
fra,20220115,33.609
fra,20220116,33.135
fra,20220117,32.764
fra,20220118,30.91
fra,20220119,30.153
fra,20220120,29.664
fra,20220121,29.946
deu,20210804,2.038
deu,20210805,2.145
deu,20210806,2.086
deu,20210807,2.062
deu,20210808,2.133
deu,20210809,2.277
deu,20210810,2.348
deu,20210811,2.574
deu,20210812,2.741
deu,20210813,2.908
deu,20210814,3.111
deu,20210815,3.302
deu,20210816,3.552
deu,20210817,3.766
deu,20210818,3.921
deu,20210819,4.1
deu,20210820,4.338
deu,20210821,4.446
deu,20210822,4.803
deu,20210823,5.03
deu,20210824,5.209
deu,20210825,5.352
deu,20210826,5.816
deu,20210827,5.995
deu,20210828,6.162
deu,20210829,6.257
deu,20210830,6.532
deu,20210831,6.889
deu,20210901,7.282
deu,20210902,7.39
deu,20210903,7.64
deu,20210904,7.819
deu,20210905,8.117
deu,20210906,8.403
deu,20210907,8.594
deu,20210908,8.498
deu,20210909,8.391
deu,20210910,8.367
deu,20210911,8.462
deu,20210912,8.45
deu,20210913,8.582
deu,20210914,8.248
deu,20210915,8.45
deu,20210916,8.462
deu,20210917,8.224
deu,20210918,8.164
deu,20210919,7.747
deu,20210920,7.151
deu,20210921,7.092
deu,20210922,6.615
deu,20210923,6.496
deu,20210924,6.555
deu,20210925,6.365
deu,20210926,6.615
deu,20210927,6.734
deu,20210928,6.675
deu,20210929,6.818
deu,20210930,6.71
deu,20211001,6.615
deu,20211002,6.448
deu,20211003,6.281
deu,20211004,6.162
deu,20211005,6.245
deu,20211006,6.281
deu,20211007,6.472
deu,20211008,6.412
deu,20211009,6.508
deu,20211010,6.746
deu,20211011,7.02
deu,20211012,6.865
deu,20211013,7.02
deu,20211014,6.865
deu,20211015,7.139
deu,20211016,7.259
deu,20211017,7.342
deu,20211018,7.568
deu,20211019,8.176
deu,20211020,8.212
deu,20211021,8.713
deu,20211022,9.07
deu,20211023,9.332
deu,20211024,9.726
deu,20211025,10.0
deu,20211026,10.548
deu,20211027,11.049
deu,20211028,11.502
deu,20211029,11.871
deu,20211030,12.193
deu,20211031,12.455
deu,20211101,12.932
deu,20211102,13.361
deu,20211103,14.04
deu,20211104,14.458
deu,20211105,15.054
deu,20211106,15.721
deu,20211107,16.901
deu,20211108,17.652
deu,20211109,18.295
deu,20211110,18.903
deu,20211111,19.189
deu,20211112,20.107
deu,20211113,20.846
deu,20211114,21.001
deu,20211115,21.537
deu,20211116,22.145
deu,20211117,22.574
deu,20211118,23.599
deu,20211119,23.623
deu,20211120,23.54
deu,20211121,23.981
deu,20211122,24.732
deu,20211123,25.494
deu,20211124,26.46
deu,20211125,27.747
deu,20211126,28.176
deu,20211127,28.772
deu,20211128,29.142
deu,20211129,29.13
deu,20211130,28.593
deu,20211201,28.653
deu,20211202,27.568
deu,20211203,27.402
deu,20211204,26.77
deu,20211205,26.436
deu,20211206,26.305
deu,20211207,26.543
deu,20211208,26.317
deu,20211209,26.639
deu,20211210,26.424
deu,20211211,26.722
deu,20211212,26.651
deu,20211213,26.579
deu,20211214,26.591
deu,20211215,26.46
deu,20211216,25.971
deu,20211217,25.935
deu,20211218,25.28
deu,20211219,24.589
deu,20211220,24.1
deu,20211221,23.337
deu,20211222,22.574
deu,20211223,21.835
deu,20211224,21.085
deu,20211225,21.156
deu,20211226,20.822
deu,20211227,20.334
deu,20211228,19.595
deu,20211229,18.939
deu,20211230,18.45
deu,20211231,17.902
deu,20220101,17.771
deu,20220102,17.545
deu,20220103,17.056
deu,20220104,16.901
deu,20220105,16.698
deu,20220106,16.627
deu,20220107,16.984
deu,20220108,16.377
deu,20220109,15.959
deu,20220110,15.423
deu,20220111,14.922
deu,20220112,14.279
deu,20220113,14.052
deu,20220114,13.349
deu,20220115,13.051
deu,20220116,13.004
deu,20220117,12.634
deu,20220118,12.443
deu,20220119,12.324
deu,20220120,12.014
grc,20200106,0.0
grc,20200118,0.0
grc,20200212,0.0
grc,20200301,0.0
grc,20200308,0.187
grc,20200315,1.213
grc,20200322,4.012
grc,20200329,5.131
grc,20200405,3.732
grc,20200412,1.866
grc,20200419,1.586
grc,20200426,0.933
grc,20200503,0.373
grc,20200510,0.373
grc,20200517,0.466
grc,20200524,0.373
grc,20200531,0.187
grc,20200607,0.28
grc,20200614,0.746
grc,20200621,0.187
grc,20200628,0.28
grc,20200705,0.28
grc,20200712,0.373
grc,20200719,0.187
grc,20200726,0.653
grc,20200802,1.026
grc,20200809,1.493
grc,20200816,1.12
grc,20200823,1.773
grc,20200830,1.679
grc,20200906,2.053
grc,20200913,3.359
grc,20200920,4.198
grc,20200927,2.706
grc,20201004,4.478
grc,20201011,3.732
grc,20201018,3.172
grc,20201025,5.318
grc,20201101,9.236
grc,20201108,14.647
grc,20201115,26.869
grc,20201122,33.307
grc,20201129,29.202
grc,20201206,26.123
grc,20201213,22.764
grc,20201220,18.379
grc,20201227,16.047
grc,20210103,11.755
grc,20210110,9.983
grc,20210117,9.796
grc,20210124,8.303
grc,20210131,6.251
grc,20210207,10.356
grc,20210214,14.554
grc,20210221,13.341
grc,20210228,18.659
grc,20210307,20.525
grc,20210314,28.735
grc,20210321,31.814
grc,20210328,31.534
grc,20210404,31.907
grc,20210411,32.654
grc,20210418,36.572
grc,20210425,30.974
grc,20210502,30.974
grc,20210509,21.645
grc,20210516,19.965
grc,20210523,14.834
grc,20210530,12.968
grc,20210606,9.703
grc,20210613,6.064
grc,20210620,5.038
grc,20210627,3.079
grc,20210704,1.679
grc,20210711,1.213
grc,20210718,2.706
grc,20210725,5.131
grc,20210801,9.05
grc,20210808,9.05
grc,20210815,10.916
grc,20210822,15.114
grc,20210829,13.621
grc,20210905,16.7
grc,20210912,12.595
grc,20210919,11.942
grc,20210926,11.942
grc,20211003,12.315
grc,20211010,13.621
grc,20211017,14.088
grc,20211024,14.181
grc,20211031,19.685
grc,20211107,21.365
grc,20211114,24.91
grc,20211121,30.788
grc,20211128,32.747
grc,20211205,34.613
grc,20211212,30.415
grc,20211219,26.496
grc,20211226,26.496
grc,20220102,23.417
grc,20220109,25.563
grc,20220116,29.108
isl,20210228,0.0
isl,20210307,0.0
isl,20210314,0.0
isl,20210321,0.0
isl,20210328,0.0
isl,20210404,0.0
isl,20210411,0.0
isl,20210418,2.746
isl,20210425,0.0
isl,20210502,0.0
isl,20210509,5.492
isl,20210516,0.0
isl,20210523,0.0
isl,20210530,0.0
isl,20210606,0.0
isl,20210613,0.0
isl,20210620,0.0
isl,20210627,0.0
isl,20210704,0.0
isl,20210711,0.0
isl,20210718,0.0
isl,20210725,0.0
isl,20210801,2.746
isl,20210808,2.746
isl,20210815,13.731
isl,20210822,5.492
isl,20210829,0.0
isl,20210905,0.0
isl,20210912,0.0
isl,20210919,0.0
isl,20210926,8.239
isl,20211003,2.746
isl,20211010,0.0
isl,20211024,0.0
isl,20211031,8.239
isl,20211107,10.985
isl,20211114,5.492
isl,20211121,5.492
isl,20211219,0.0
irl,20200412,9.467
irl,20200419,11.885
irl,20200426,9.064
irl,20200517,3.827
irl,20200524,2.014
irl,20200531,3.021
irl,20200607,0.604
irl,20200621,2.82
irl,20200628,0.806
irl,20200705,1.209
irl,20200712,0.201
irl,20200719,0.403
irl,20200726,0.604
irl,20200802,0.201
irl,20200809,0.201
irl,20200816,0.0
irl,20200823,0.403
irl,20200830,0.403
irl,20200906,0.201
irl,20200913,0.0
irl,20200920,1.209
irl,20200927,0.806
irl,20201004,1.813
irl,20201011,0.806
irl,20201018,1.813
irl,20201025,2.417
irl,20201101,2.014
irl,20201108,3.827
irl,20201115,3.223
irl,20201122,2.014
irl,20201129,1.007
irl,20201206,2.014
irl,20201213,2.216
irl,20201220,3.626
irl,20201227,3.223
irl,20210103,3.021
irl,20210110,5.842
irl,20210117,11.885
irl,20210124,13.295
irl,20210131,13.496
irl,20210207,10.877
irl,20210214,9.467
irl,20210221,7.654
irl,20210228,6.446
irl,20210307,6.849
irl,20210314,5.64
irl,20210321,4.834
irl,20210328,4.23
irl,20210404,5.237
irl,20210411,3.021
irl,20210418,3.626
irl,20210425,3.223
irl,20210502,2.82
irl,20210509,1.813
irl,20210516,0.806
irl,20210523,1.41
irl,20210530,3.021
irl,20210606,2.82
irl,20210613,1.611
irl,20210620,1.611
irl,20210627,0.604
irl,20210704,0.806
irl,20210711,0.403
irl,20210718,0.806
irl,20210725,2.216
irl,20210801,2.216
irl,20210808,1.813
irl,20210815,2.82
irl,20210822,3.223
irl,20210829,5.842
irl,20210905,5.237
irl,20210912,5.439
irl,20210919,3.626
irl,20210926,4.432
irl,20211003,4.834
irl,20211010,4.23
irl,20211017,5.439
irl,20211024,2.619
irl,20211031,7.856
irl,20211107,6.849
irl,20211114,4.029
irl,20211121,6.446
irl,20211128,8.46
irl,20211205,6.647
irl,20211212,7.453
irl,20211219,6.849
irl,20211226,7.252
irl,20220102,5.439
irl,20220109,7.654
irl,20220116,7.856
isr,20200308,0.538
isr,20200309,0.538
isr,20200310,0.646
isr,20200311,0.753
isr,20200312,0.646
isr,20200313,0.538
isr,20200314,0.538
isr,20200315,0.646
isr,20200316,0.861
isr,20200317,0.861
isr,20200318,1.184
isr,20200319,1.722
isr,20200320,2.045
isr,20200321,2.368
isr,20200322,3.229
isr,20200323,3.767
isr,20200324,4.413
isr,20200325,4.521
isr,20200326,5.059
isr,20200327,6.135
isr,20200328,6.243
isr,20200329,6.565
isr,20200330,7.211
isr,20200331,8.072
isr,20200401,9.794
isr,20200402,10.01
isr,20200403,11.194
isr,20200404,12.485
isr,20200405,11.624
isr,20200406,12.485
isr,20200407,12.808
isr,20200408,12.916
isr,20200409,13.669
isr,20200410,12.485
isr,20200411,13.454
isr,20200412,15.068
isr,20200413,16.468
isr,20200414,15.391
isr,20200415,15.822
isr,20200416,15.822
isr,20200417,15.822
isr,20200418,16.037
isr,20200419,14.638
isr,20200420,12.162
isr,20200421,12.162
isr,20200422,10.44
isr,20200423,9.579
isr,20200424,9.149
isr,20200425,6.888
isr,20200426,7.104
isr,20200427,6.243
isr,20200428,6.027
isr,20200429,5.597
isr,20200430,4.951
isr,20200501,4.521
isr,20200502,4.521
isr,20200503,3.659
isr,20200504,3.552
isr,20200505,2.906
isr,20200506,2.583
isr,20200507,2.368
isr,20200508,2.153
isr,20200509,1.937
isr,20200510,2.153
isr,20200511,2.26
isr,20200512,2.583
isr,20200513,2.476
isr,20200514,2.368
isr,20200515,2.045
isr,20200516,1.507
isr,20200517,1.399
isr,20200518,1.184
isr,20200519,1.184
isr,20200520,1.076
isr,20200521,1.076
isr,20200522,1.076
isr,20200523,1.076
isr,20200524,0.861
isr,20200525,0.969
isr,20200526,0.753
isr,20200527,1.184
isr,20200528,0.969
isr,20200529,1.399
isr,20200530,1.399
isr,20200531,1.614
isr,20200601,1.507
isr,20200602,1.614
isr,20200603,1.184
isr,20200604,1.614
isr,20200605,1.184
isr,20200606,1.722
isr,20200607,1.937
isr,20200608,2.045
isr,20200609,2.153
isr,20200610,2.26
isr,20200611,2.476
isr,20200612,2.798
isr,20200613,2.476
isr,20200614,2.045
isr,20200615,2.583
isr,20200616,2.691
isr,20200617,2.798
isr,20200618,2.798
isr,20200619,3.121
isr,20200620,3.337
isr,20200621,4.198
isr,20200622,3.982
isr,20200623,3.982
isr,20200624,4.305
isr,20200625,4.198
isr,20200626,4.413
isr,20200627,4.09
isr,20200628,3.552
isr,20200629,3.767
isr,20200630,5.059
isr,20200701,5.489
isr,20200702,7.427
isr,20200703,7.965
isr,20200704,9.041
isr,20200705,10.333
isr,20200706,10.44
isr,20200707,11.086
isr,20200708,12.916
isr,20200709,14.1
isr,20200710,14.207
isr,20200711,15.068
isr,20200712,17.006
isr,20200713,21.634
isr,20200714,23.033
isr,20200715,25.293
isr,20200716,25.509
isr,20200717,26.908
isr,20200718,28.307
isr,20200719,32.827
isr,20200720,31.751
isr,20200721,32.289
isr,20200722,33.796
isr,20200723,36.917
isr,20200724,38.747
isr,20200725,38.317
isr,20200726,34.872
isr,20200727,36.272
isr,20200728,37.671
isr,20200729,37.348
isr,20200730,34.55
isr,20200731,33.15
isr,20200801,35.841
isr,20200802,37.133
isr,20200803,36.056
isr,20200804,37.025
isr,20200805,35.088
isr,20200806,35.949
isr,20200807,37.671
isr,20200808,37.563
isr,20200809,37.025
isr,20200810,37.778
isr,20200811,35.841
isr,20200812,36.487
isr,20200813,37.994
isr,20200814,37.778
isr,20200815,37.24
isr,20200816,37.348
isr,20200817,38.532
isr,20200818,40.685
isr,20200819,40.254
isr,20200820,40.254
isr,20200821,40.685
isr,20200822,39.823
isr,20200823,40.9
isr,20200824,41.868
isr,20200825,41.33
isr,20200826,42.407
isr,20200827,42.73
isr,20200828,43.483
isr,20200829,44.129
isr,20200830,44.667
isr,20200831,44.021
isr,20200901,43.052
isr,20200902,44.559
isr,20200903,42.299
isr,20200904,43.16
isr,20200905,45.42
isr,20200906,46.82
isr,20200907,46.712
isr,20200908,48.219
isr,20200909,50.909
isr,20200910,54.354
isr,20200911,53.816
isr,20200912,55.107
isr,20200913,55.107
isr,20200914,56.829
isr,20200915,58.874
isr,20200916,59.628
isr,20200917,64.579
isr,20200918,69.314
isr,20200919,69.96
isr,20200920,71.575
isr,20200921,76.31
isr,20200922,78.033
isr,20200923,81.046
isr,20200924,80.508
isr,20200925,83.629
isr,20200926,85.89
isr,20200927,89.764
isr,20200928,87.289
isr,20200929,92.24
isr,20200930,93.854
isr,20201001,96.222
isr,20201002,95.576
isr,20201003,95.146
isr,20201004,98.375
isr,20201005,100.097
isr,20201006,95.361
isr,20201007,91.594
isr,20201008,89.441
isr,20201009,85.244
isr,20201010,81.8
isr,20201011,77.602
isr,20201012,74.158
isr,20201013,72.005
isr,20201014,69.422
isr,20201015,64.902
isr,20201016,61.673
isr,20201017,59.412
isr,20201018,58.228
isr,20201019,56.937
isr,20201020,54.031
isr,20201021,51.125
isr,20201022,48.757
isr,20201023,46.712
isr,20201024,45.958
isr,20201025,38.747
isr,20201026,36.272
isr,20201027,35.303
isr,20201028,33.366
isr,20201029,30.782
isr,20201030,29.383
isr,20201031,28.092
isr,20201101,27.661
isr,20201102,27.015
isr,20201103,26.908
isr,20201104,25.186
isr,20201105,23.894
isr,20201106,24.002
isr,20201107,23.786
isr,20201108,23.464
isr,20201109,21.203
isr,20201110,18.943
isr,20201111,20.342
isr,20201112,21.741
isr,20201113,21.634
isr,20201114,21.311
isr,20201115,21.419
isr,20201116,23.033
isr,20201117,24.325
isr,20201118,23.679
isr,20201119,23.679
isr,20201120,23.248
isr,20201121,23.464
isr,20201122,23.141
isr,20201123,22.71
isr,20201124,21.311
isr,20201125,21.957
isr,20201126,21.741
isr,20201127,22.818
isr,20201128,21.634
isr,20201129,21.849
isr,20201130,21.634
isr,20201201,24.97
isr,20201202,26.37
isr,20201203,28.737
isr,20201204,30.137
isr,20201205,32.397
isr,20201206,32.827
isr,20201207,34.011
isr,20201208,31.644
isr,20201209,30.89
isr,20201210,29.921
isr,20201211,31.105
isr,20201212,32.289
isr,20201213,35.303
isr,20201214,36.81
isr,20201215,39.823
isr,20201216,42.299
isr,20201217,46.066
isr,20201218,47.25
isr,20201219,49.51
isr,20201220,49.618
isr,20201221,51.771
isr,20201222,54.999
isr,20201223,57.044
isr,20201224,57.69
isr,20201225,60.381
isr,20201226,62.211
isr,20201227,65.332
isr,20201228,67.7
isr,20201229,69.853
isr,20201230,72.543
isr,20201231,77.064
isr,20210101,79.432
isr,20210102,79.432
isr,20210103,83.306
isr,20210104,88.473
isr,20210105,93.639
isr,20210106,99.021
isr,20210107,101.281
isr,20210108,103.003
isr,20210109,109.461
isr,20210110,112.69
isr,20210111,115.811
isr,20210112,115.919
isr,20210113,118.071
isr,20210114,121.838
isr,20210115,125.283
isr,20210116,123.453
isr,20210117,124.96
isr,20210118,123.453
isr,20210119,127.112
isr,20210120,123.668
isr,20210121,121.3
isr,20210122,119.578
isr,20210123,121.193
isr,20210124,118.394
isr,20210125,120.87
isr,20210126,118.609
isr,20210127,118.071
isr,20210128,117.103
isr,20210129,113.766
isr,20210130,109.784
isr,20210131,108.6
isr,20210201,104.617
isr,20210202,102.142
isr,20210203,106.555
isr,20210204,106.77
isr,20210205,109.891
isr,20210206,110.645
isr,20210207,110.537
isr,20210208,110.968
isr,20210209,107.093
isr,20210210,102.68
isr,20210211,97.729
isr,20210212,91.809
isr,20210213,92.24
isr,20210214,92.347
isr,20210215,89.657
isr,20210216,87.612
isr,20210217,83.306
isr,20210218,80.723
isr,20210219,78.355
isr,20210220,73.297
isr,20210221,67.377
isr,20210222,65.332
isr,20210223,66.516
isr,20210224,66.193
isr,20210225,67.592
isr,20210226,69.314
isr,20210227,69.099
isr,20210228,69.422
isr,20210301,69.53
isr,20210302,68.023
isr,20210303,68.991
isr,20210304,68.346
isr,20210305,67.915
isr,20210306,71.252
isr,20210307,69.314
isr,20210308,67.485
isr,20210309,64.579
isr,20210310,61.457
isr,20210311,58.874
isr,20210312,57.69
isr,20210313,52.632
isr,20210314,53.708
isr,20210315,50.371
isr,20210316,50.264
isr,20210317,46.927
isr,20210318,46.82
isr,20210319,44.667
isr,20210320,43.268
isr,20210321,39.931
isr,20210322,36.917
isr,20210323,34.657
isr,20210324,34.334
isr,20210325,32.827
isr,20210326,30.998
isr,20210327,28.415
isr,20210328,25.724
isr,20210329,24.217
isr,20210330,22.064
isr,20210331,19.912
isr,20210401,16.575
isr,20210402,14.745
isr,20210403,14.961
isr,20210404,13.992
isr,20210405,13.562
isr,20210406,12.7
isr,20210407,11.947
isr,20210408,11.301
isr,20210409,12.162
isr,20210410,11.624
isr,20210411,11.517
isr,20210412,11.409
isr,20210413,11.624
isr,20210414,10.117
isr,20210415,9.149
isr,20210416,7.749
isr,20210417,7.211
isr,20210418,6.996
isr,20210419,6.781
isr,20210420,5.704
isr,20210421,6.243
isr,20210422,6.35
isr,20210423,6.35
isr,20210424,5.92
isr,20210425,4.951
isr,20210426,5.059
isr,20210427,4.951
isr,20210428,4.413
isr,20210429,4.305
isr,20210430,4.198
isr,20210501,4.413
isr,20210502,4.305
isr,20210503,3.552
isr,20210504,3.552
isr,20210505,3.552
isr,20210506,3.337
isr,20210507,2.798
isr,20210508,2.691
isr,20210509,2.368
isr,20210510,1.83
isr,20210511,1.722
isr,20210512,1.399
isr,20210513,1.292
isr,20210514,1.399
isr,20210515,1.184
isr,20210516,1.507
isr,20210517,1.507
isr,20210518,1.399
isr,20210519,1.614
isr,20210520,2.045
isr,20210521,1.722
isr,20210522,1.614
isr,20210523,1.399
isr,20210524,1.507
isr,20210525,1.292
isr,20210526,1.076
isr,20210527,0.753
isr,20210528,0.861
isr,20210529,0.753
isr,20210530,0.646
isr,20210531,0.538
isr,20210601,0.861
isr,20210602,0.969
isr,20210603,0.861
isr,20210604,0.861
isr,20210605,0.969
isr,20210606,1.184
isr,20210607,1.076
isr,20210608,0.861
isr,20210609,0.753
isr,20210610,0.753
isr,20210611,0.646
isr,20210612,0.538
isr,20210613,0.215
isr,20210614,0.323
isr,20210615,0.215
isr,20210616,0.215
isr,20210617,0.215
isr,20210618,0.215
isr,20210619,0.215
isr,20210620,0.431
isr,20210621,0.323
isr,20210622,0.646
isr,20210623,0.646
isr,20210624,0.538
isr,20210625,0.646
isr,20210626,0.753
isr,20210627,0.646
isr,20210628,0.646
isr,20210629,0.323
isr,20210630,0.861
isr,20210701,0.969
isr,20210702,1.184
isr,20210703,1.507
isr,20210704,1.83
isr,20210705,2.368
isr,20210706,3.121
isr,20210707,3.552
isr,20210708,4.198
isr,20210709,4.413
isr,20210710,4.521
isr,20210711,5.489
isr,20210712,5.704
isr,20210713,5.597
isr,20210714,5.704
isr,20210715,6.135
isr,20210716,6.243
isr,20210717,7.427
isr,20210718,7.857
isr,20210719,8.288
isr,20210720,8.933
isr,20210721,9.256
isr,20210722,9.902
isr,20210723,11.517
isr,20210724,11.517
isr,20210725,12.055
isr,20210726,15.068
isr,20210727,18.62
isr,20210728,19.912
isr,20210729,21.634
isr,20210730,23.786
isr,20210731,26.262
isr,20210801,27.015
isr,20210802,27.661
isr,20210803,28.522
isr,20210804,31.105
isr,20210805,34.334
isr,20210806,35.841
isr,20210807,40.254
isr,20210808,46.497
isr,20210809,49.833
isr,20210810,52.416
isr,20210811,55.538
isr,20210812,58.336
isr,20210813,63.61
isr,20210814,64.256
isr,20210815,66.624
isr,20210816,67.7
isr,20210817,70.175
isr,20210818,73.297
isr,20210819,72.866
isr,20210820,72.22
isr,20210821,73.835
isr,20210822,73.943
isr,20210823,77.064
isr,20210824,77.171
isr,20210825,77.279
isr,20210826,78.571
isr,20210827,78.786
isr,20210828,77.064
isr,20210829,77.925
isr,20210830,77.064
isr,20210831,76.418
isr,20210901,75.019
isr,20210902,73.512
isr,20210903,71.467
isr,20210904,70.498
isr,20210905,66.624
isr,20210906,61.35
isr,20210907,59.95
isr,20210908,56.829
isr,20210909,55.645
isr,20210910,56.506
isr,20210911,56.399
isr,20210912,57.044
isr,20210913,59.197
isr,20210914,59.305
isr,20210915,60.704
isr,20210916,59.628
isr,20210917,57.905
isr,20210918,61.78
isr,20210919,61.673
isr,20210920,62.641
isr,20210921,63.395
isr,20210922,64.579
isr,20210923,67.054
isr,20210924,66.516
isr,20210925,61.995
isr,20210926,60.596
isr,20210927,58.013
isr,20210928,54.892
isr,20210929,51.232
isr,20210930,48.542
isr,20211001,46.82
isr,20211002,44.129
isr,20211003,40.792
isr,20211004,38.209
isr,20211005,35.411
isr,20211006,33.689
isr,20211007,30.89
isr,20211008,30.029
isr,20211009,29.06
isr,20211010,27.876
isr,20211011,27.446
isr,20211012,26.477
isr,20211013,25.401
isr,20211014,24.432
isr,20211015,22.925
isr,20211016,21.526
isr,20211017,20.773
isr,20211018,19.051
isr,20211019,18.728
isr,20211020,17.329
isr,20211021,16.037
isr,20211022,14.853
isr,20211023,13.669
isr,20211024,11.839
isr,20211025,11.194
isr,20211026,9.579
isr,20211027,9.472
isr,20211028,9.902
isr,20211029,8.718
isr,20211030,8.503
isr,20211031,9.149
isr,20211101,9.149
isr,20211102,9.364
isr,20211103,8.288
isr,20211104,6.781
isr,20211105,6.673
isr,20211106,6.35
isr,20211107,5.059
isr,20211108,4.413
isr,20211109,4.09
isr,20211110,4.305
isr,20211111,4.843
isr,20211112,4.843
isr,20211113,4.736
isr,20211114,5.059
isr,20211115,4.951
isr,20211116,4.843
isr,20211117,4.736
isr,20211118,4.413
isr,20211119,3.982
isr,20211120,4.305
isr,20211121,4.521
isr,20211122,4.521
isr,20211123,4.521
isr,20211124,4.305
isr,20211125,4.628
isr,20211126,5.166
isr,20211127,5.274
isr,20211128,5.274
isr,20211129,4.951
isr,20211130,4.951
isr,20211201,4.628
isr,20211202,4.413
isr,20211203,3.982
isr,20211204,3.552
isr,20211205,3.444
isr,20211206,3.767
isr,20211207,3.659
isr,20211208,3.767
isr,20211209,3.659
isr,20211210,4.413
isr,20211211,4.305
isr,20211212,3.875
isr,20211213,3.982
isr,20211214,3.767
isr,20211215,3.552
isr,20211216,3.444
isr,20211217,2.906
isr,20211218,2.906
isr,20211219,3.337
isr,20211220,3.552
isr,20211221,4.09
isr,20211222,4.521
isr,20211223,5.059
isr,20211224,5.704
isr,20211225,6.565
isr,20211226,7.319
isr,20211227,6.996
isr,20211228,7.427
isr,20211229,8.18
isr,20211230,7.965
isr,20211231,7.749
isr,20220101,7.749
isr,20220102,8.503
isr,20220103,9.149
isr,20220104,9.902
isr,20220105,11.839
isr,20220106,13.777
isr,20220107,16.575
isr,20220108,18.835
isr,20220109,22.064
isr,20220110,26.477
isr,20220111,31.966
isr,20220112,32.827
isr,20220113,39.608
isr,20220114,45.636
isr,20220115,52.309
isr,20220116,61.134
isr,20220117,68.346
isr,20220118,75.019
isr,20220119,84.706
isr,20220120,92.025
ita,20201209,20.673
ita,20201210,21.237
ita,20201211,21.353
ita,20201212,21.402
ita,20201213,21.435
ita,20201214,21.336
ita,20201215,21.452
ita,20201216,22.098
ita,20201217,20.972
ita,20201218,20.657
ita,20201219,20.077
ita,20201220,19.564
ita,20201221,19.945
ita,20201222,19.978
ita,20201223,20.392
ita,20201224,19.829
ita,20201225,19.431
ita,20201226,18.984
ita,20201227,19.431
ita,20201228,19.53
ita,20201229,20.441
ita,20201230,19.762
ita,20201231,20.64
ita,20210101,20.309
ita,20210102,20.326
ita,20210103,20.425
ita,20210104,19.911
ita,20210105,19.017
ita,20210106,19.149
ita,20210107,18.387
ita,20210108,19.083
ita,20210109,19.895
ita,20210110,20.342
ita,20210111,20.872
ita,20210112,20.773
ita,20210113,20.475
ita,20210114,20.607
ita,20210115,20.094
ita,20210116,19.878
ita,20210117,18.934
ita,20210118,18.503
ita,20210119,18.172
ita,20210120,17.957
ita,20210121,17.808
ita,20210122,17.609
ita,20210123,17.675
ita,20210124,17.609
ita,20210125,17.741
ita,20210126,17.509
ita,20210127,16.897
ita,20210128,16.019
ita,20210129,16.085
ita,20210130,15.389
ita,20210131,15.008
ita,20210201,14.925
ita,20210202,14.859
ita,20210203,15.157
ita,20210204,15.903
ita,20210205,15.638
ita,20210206,15.836
ita,20210207,15.969
ita,20210208,15.869
ita,20210209,15.671
ita,20210210,16.035
ita,20210211,16.101
ita,20210212,16.449
ita,20210213,16.019
ita,20210214,16.366
ita,20210215,16.085
ita,20210216,16.217
ita,20210217,15.522
ita,20210218,15.952
ita,20210219,15.919
ita,20210220,16.234
ita,20210221,16.217
ita,20210222,16.88
ita,20210223,17.592
ita,20210224,18.669
ita,20210225,18.686
ita,20210226,19.298
ita,20210227,19.729
ita,20210228,19.829
ita,20210301,19.978
ita,20210302,20.392
ita,20210303,21.121
ita,20210304,22.015
ita,20210305,22.578
ita,20210306,23.423
ita,20210307,23.92
ita,20210308,24.914
ita,20210309,25.842
ita,20210310,26.355
ita,20210311,26.918
ita,20210312,26.985
ita,20210313,27.912
ita,20210314,29.271
ita,20210315,29.47
ita,20210316,30.149
ita,20210317,31.325
ita,20210318,31.043
ita,20210319,31.341
ita,20210320,30.894
ita,20210321,30.712
ita,20210322,30.447
ita,20210323,30.414
ita,20210324,30.016
ita,20210325,30.198
ita,20210326,30.927
ita,20210327,31.275
ita,20210328,31.027
ita,20210329,30.447
ita,20210330,29.652
ita,20210331,29.37
ita,20210401,29.105
ita,20210402,28.177
ita,20210403,27.68
ita,20210404,27.316
ita,20210405,27.316
ita,20210406,26.521
ita,20210407,26.405
ita,20210408,26.653
ita,20210409,25.991
ita,20210410,25.196
ita,20210411,24.864
ita,20210412,24.45
ita,20210413,24.798
ita,20210414,23.804
ita,20210415,23.009
ita,20210416,23.125
ita,20210417,22.744
ita,20210418,22.545
ita,20210419,22.115
ita,20210420,21.121
ita,20210421,20.11
ita,20210422,19.497
ita,20210423,18.735
ita,20210424,18.404
ita,20210425,17.592
ita,20210426,17.443
ita,20210427,17.36
ita,20210428,17.576
ita,20210429,16.83
ita,20210430,16.565
ita,20210501,16.565
ita,20210502,16.482
ita,20210503,16.3
ita,20210504,15.621
ita,20210505,15.19
ita,20210506,15.157
ita,20210507,14.693
ita,20210508,14.147
ita,20210509,14.047
ita,20210510,13.368
ita,20210511,12.772
ita,20210512,11.927
ita,20210513,11.165
ita,20210514,10.999
ita,20210515,10.221
ita,20210516,9.508
ita,20210517,9.326
ita,20210518,9.094
ita,20210519,8.746
ita,20210520,8.548
ita,20210521,7.753
ita,20210522,7.769
ita,20210523,7.57
ita,20210524,7.222
ita,20210525,6.56
ita,20210526,6.046
ita,20210527,5.533
ita,20210528,5.367
ita,20210529,4.787
ita,20210530,4.439
ita,20210531,4.274
ita,20210601,4.191
ita,20210602,4.092
ita,20210603,3.86
ita,20210604,3.545
ita,20210605,3.396
ita,20210606,3.28
ita,20210607,3.065
ita,20210608,2.667
ita,20210609,2.518
ita,20210610,2.617
ita,20210611,2.601
ita,20210612,2.684
ita,20210613,2.684
ita,20210614,2.452
ita,20210615,2.601
ita,20210616,2.352
ita,20210617,2.104
ita,20210618,1.938
ita,20210619,1.69
ita,20210620,1.557
ita,20210621,1.524
ita,20210622,1.259
ita,20210623,1.176
ita,20210624,1.126
ita,20210625,1.077
ita,20210626,1.06
ita,20210627,1.027
ita,20210628,0.961
ita,20210629,0.944
ita,20210630,0.944
ita,20210701,0.861
ita,20210702,0.779
ita,20210703,0.663
ita,20210704,0.613
ita,20210705,0.563
ita,20210706,0.596
ita,20210707,0.663
ita,20210708,0.679
ita,20210709,0.762
ita,20210710,0.828
ita,20210711,0.812
ita,20210712,0.845
ita,20210713,0.779
ita,20210714,0.762
ita,20210715,0.812
ita,20210716,0.895
ita,20210717,0.944
ita,20210718,0.895
ita,20210719,1.093
ita,20210720,1.16
ita,20210721,1.193
ita,20210722,1.209
ita,20210723,1.16
ita,20210724,1.358
ita,20210725,1.574
ita,20210726,1.491
ita,20210727,1.574
ita,20210728,1.574
ita,20210729,1.706
ita,20210730,1.872
ita,20210731,1.938
ita,20210801,2.038
ita,20210802,2.269
ita,20210803,2.435
ita,20210804,2.518
ita,20210805,2.601
ita,20210806,2.8
ita,20210807,2.866
ita,20210808,2.899
ita,20210809,3.131
ita,20210810,3.131
ita,20210811,3.562
ita,20210812,3.76
ita,20210813,3.81
ita,20210814,3.943
ita,20210815,4.025
ita,20210816,3.909
ita,20210817,4.29
ita,20210818,4.456
ita,20210819,4.506
ita,20210820,4.357
ita,20210821,4.406
ita,20210822,4.473
ita,20210823,4.688
ita,20210824,4.638
ita,20210825,4.373
ita,20210826,4.34
ita,20210827,4.605
ita,20210828,4.638
ita,20210829,4.82
ita,20210830,4.903
ita,20210831,4.953
ita,20210901,5.052
ita,20210902,5.235
ita,20210903,5.235
ita,20210904,5.417
ita,20210905,5.301
ita,20210906,5.003
ita,20210907,4.854
ita,20210908,4.82
ita,20210909,4.638
ita,20210910,4.555
ita,20210911,4.34
ita,20210912,4.324
ita,20210913,4.373
ita,20210914,4.191
ita,20210915,4.092
ita,20210916,3.959
ita,20210917,3.909
ita,20210918,3.76
ita,20210919,3.827
ita,20210920,3.595
ita,20210921,3.744
ita,20210922,3.876
ita,20210923,3.876
ita,20210924,3.893
ita,20210925,3.81
ita,20210926,3.512
ita,20210927,3.644
ita,20210928,3.33
ita,20210929,3.048
ita,20210930,2.982
ita,20211001,2.733
ita,20211002,2.75
ita,20211003,2.733
ita,20211004,2.617
ita,20211005,2.601
ita,20211006,2.617
ita,20211007,2.584
ita,20211008,2.534
ita,20211009,2.352
ita,20211010,2.22
ita,20211011,2.153
ita,20211012,2.203
ita,20211013,2.12
ita,20211014,2.087
ita,20211015,2.137
ita,20211016,2.071
ita,20211017,2.104
ita,20211018,2.236
ita,20211019,2.336
ita,20211020,2.435
ita,20211021,2.435
ita,20211022,2.468
ita,20211023,2.601
ita,20211024,2.65
ita,20211025,2.485
ita,20211026,2.65
ita,20211027,2.684
ita,20211028,2.849
ita,20211029,2.783
ita,20211030,2.783
ita,20211031,2.766
ita,20211101,3.048
ita,20211102,2.998
ita,20211103,3.065
ita,20211104,3.131
ita,20211105,3.446
ita,20211106,3.495
ita,20211107,3.644
ita,20211108,3.677
ita,20211109,3.976
ita,20211110,4.025
ita,20211111,4.042
ita,20211112,4.208
ita,20211113,4.473
ita,20211114,4.522
ita,20211115,4.622
ita,20211116,4.439
ita,20211117,4.522
ita,20211118,4.82
ita,20211119,4.688
ita,20211120,4.87
ita,20211121,4.97
ita,20211122,5.185
ita,20211123,5.516
ita,20211124,5.682
ita,20211125,5.715
ita,20211126,6.03
ita,20211127,6.328
ita,20211128,6.394
ita,20211129,6.46
ita,20211130,6.51
ita,20211201,6.725
ita,20211202,6.692
ita,20211203,6.725
ita,20211204,6.576
ita,20211205,6.676
ita,20211206,6.46
ita,20211207,6.875
ita,20211208,6.875
ita,20211209,7.106
ita,20211210,7.372
ita,20211211,7.653
ita,20211212,7.802
ita,20211213,8.051
ita,20211214,8.117
ita,20211215,8.481
ita,20211216,9.011
ita,20211217,8.912
ita,20211218,9.227
ita,20211219,9.624
ita,20211220,9.84
ita,20211221,9.889
ita,20211222,10.022
ita,20211223,9.889
ita,20211224,10.42
ita,20211225,10.602
ita,20211226,10.718
ita,20211227,11.165
ita,20211228,11.546
ita,20211229,12.109
ita,20211230,12.788
ita,20211231,13.07
ita,20220101,13.55
ita,20220102,13.865
ita,20220103,13.915
ita,20220104,14.478
ita,20220105,14.577
ita,20220106,15.29
ita,20220107,15.306
ita,20220108,15.621
ita,20220109,16.25
ita,20220110,16.433
ita,20220111,16.963
ita,20220112,17.36
ita,20220113,17.012
ita,20220114,17.278
ita,20220115,17.062
ita,20220116,16.83
ita,20220117,16.963
ita,20220118,16.383
ita,20220119,16.019
ita,20220120,16.002
ita,20220121,16.201
lva,20200106,0.0
lva,20200118,0.0
lva,20200212,0.0
lva,20200301,0.0
lva,20200308,0.0
lva,20200315,0.0
lva,20200322,0.0
lva,20200329,1.573
lva,20200405,2.097
lva,20200412,0.0
lva,20200419,1.573
lva,20200426,2.097
lva,20200503,1.048
lva,20200510,0.0
lva,20200517,0.524
lva,20200524,0.0
lva,20200531,0.524
lva,20200607,1.048
lva,20200614,0.0
lva,20200621,0.0
lva,20200628,0.0
lva,20200705,0.0
lva,20200712,0.0
lva,20200719,0.0
lva,20200726,0.0
lva,20200802,0.0
lva,20200809,0.0
lva,20200816,0.0
lva,20200823,0.0
lva,20200830,0.0
lva,20200906,0.0
lva,20200913,0.0
lva,20200920,0.0
lva,20200927,0.0
lva,20201004,2.097
lva,20201011,1.573
lva,20201018,3.145
lva,20201025,4.194
lva,20201101,9.96
lva,20201108,11.532
lva,20201115,13.105
lva,20201122,21.492
lva,20201129,42.984
lva,20201206,49.799
lva,20201213,56.089
lva,20201220,48.226
lva,20201227,48.226
lva,20210103,58.186
lva,20210110,62.38
lva,20210117,79.154
lva,20210124,84.396
lva,20210131,85.444
lva,20210207,81.251
lva,20210214,81.775
lva,20210221,66.049
lva,20210228,64.476
lva,20210307,62.38
lva,20210314,66.573
lva,20210321,55.565
lva,20210328,62.38
lva,20210404,68.146
lva,20210411,71.291
lva,20210418,68.146
lva,20210425,66.573
lva,20210502,73.912
lva,20210509,70.243
lva,20210516,69.194
lva,20210523,64.476
lva,20210530,60.807
lva,20210606,46.129
lva,20210613,45.081
lva,20210620,40.887
lva,20210627,27.783
lva,20210704,25.162
lva,20210711,12.581
lva,20210718,12.581
lva,20210725,7.339
lva,20210801,6.815
lva,20210808,9.96
lva,20210815,9.96
lva,20210822,8.387
lva,20210829,15.726
lva,20210905,22.541
lva,20210912,22.016
lva,20210919,33.549
lva,20210926,46.654
lva,20211003,57.662
lva,20211010,69.718
lva,20211017,102.743
lva,20211024,123.711
lva,20211031,158.832
lva,20211107,221.212
lva,20211114,209.155
lva,20211121,167.219
lva,20211128,142.058
lva,20211205,110.606
lva,20211212,90.162
lva,20211219,86.493
lva,20211226,70.243
lva,20220102,68.67
lva,20220109,83.872
lva,20220116,71.291
mlt,20200920,9.717
mlt,20200927,7.774
mlt,20201004,7.774
mlt,20201011,7.774
mlt,20201018,11.66
mlt,20201025,17.491
mlt,20201101,9.717
mlt,20201108,5.83
mlt,20201115,13.604
mlt,20201122,7.774
mlt,20201129,17.491
mlt,20201206,7.774
mlt,20201213,7.774
mlt,20201220,7.774
mlt,20201227,7.774
mlt,20210103,15.547
mlt,20210110,1.943
mlt,20210117,11.66
mlt,20210124,7.774
mlt,20210131,9.717
mlt,20210207,11.66
mlt,20210214,9.717
mlt,20210221,19.434
mlt,20210228,17.491
mlt,20210307,11.66
mlt,20210314,27.207
mlt,20210321,13.604
mlt,20210328,1.943
mlt,20210411,13.604
mlt,20210425,5.83
mlt,20210502,1.943
mlt,20210509,3.887
mlt,20210516,3.887
mlt,20210704,1.943
mlt,20210711,1.943
mlt,20210801,9.717
mlt,20210808,1.943
mlt,20210815,7.774
mlt,20210822,3.887
mlt,20210829,3.887
mlt,20210905,3.887
mlt,20210912,3.887
mlt,20210919,1.943
mlt,20210926,5.83
mlt,20211010,1.943
mlt,20211024,7.774
mlt,20211114,1.943
mlt,20211121,1.943
mlt,20211205,3.887
mlt,20211212,5.83
mlt,20211219,1.943
mlt,20211226,5.83
mlt,20220102,7.774
mlt,20220109,7.774
nld,20201023,18.284
nld,20201024,18.867
nld,20201025,18.867
nld,20201026,19.507
nld,20201027,19.391
nld,20201028,19.682
nld,20201029,19.158
nld,20201030,18.808
nld,20201031,20.206
nld,20201101,21.953
nld,20201102,21.836
nld,20201103,22.186
nld,20201104,21.778
nld,20201105,21.079
nld,20201106,20.847
nld,20201107,18.576
nld,20201108,17.294
nld,20201109,16.887
nld,20201110,15.722
nld,20201111,14.907
nld,20201112,14.674
nld,20201113,14.616
nld,20201114,14.325
nld,20201115,13.51
nld,20201116,12.869
nld,20201117,12.811
nld,20201118,12.287
nld,20201119,12.636
nld,20201120,12.811
nld,20201121,13.568
nld,20201122,13.801
nld,20201123,13.451
nld,20201124,13.102
nld,20201125,13.801
nld,20201126,13.568
nld,20201127,12.869
nld,20201128,11.355
nld,20201129,10.889
nld,20201130,10.598
nld,20201201,9.899
nld,20201202,9.084
nld,20201203,8.385
nld,20201204,8.676
nld,20201205,9.375
nld,20201206,9.55
nld,20201207,9.899
nld,20201208,10.016
nld,20201209,10.656
nld,20201210,10.947
nld,20201211,11.064
nld,20201212,11.413
nld,20201213,12.287
nld,20201214,12.985
nld,20201215,14.383
nld,20201216,13.917
nld,20201217,14.616
nld,20201218,15.897
nld,20201219,16.363
nld,20201220,16.363
nld,20201221,16.421
nld,20201222,15.664
nld,20201223,17.294
nld,20201224,17.294
nld,20201225,16.654
nld,20201226,16.479
nld,20201227,16.829
nld,20201228,17.819
nld,20201229,20.09
nld,20201230,20.555
nld,20201231,20.555
nld,20210101,20.322
nld,20210102,20.031
nld,20210103,19.274
nld,20210104,18.517
nld,20210105,17.003
nld,20210106,15.548
nld,20210107,15.024
nld,20210108,15.024
nld,20210109,15.431
nld,20210110,15.198
nld,20210111,14.208
nld,20210112,14.034
nld,20210113,14.441
nld,20210114,15.548
nld,20210115,14.791
nld,20210116,14.267
nld,20210117,15.024
nld,20210118,15.256
nld,20210119,15.198
nld,20210120,14.092
nld,20210121,13.393
nld,20210122,13.801
nld,20210123,13.684
nld,20210124,13.917
nld,20210125,13.684
nld,20210126,14.267
nld,20210127,14.907
nld,20210128,14.499
nld,20210129,14.791
nld,20210130,14.558
nld,20210131,13.859
nld,20210201,13.859
nld,20210202,12.52
nld,20210203,11.763
nld,20210204,11.763
nld,20210205,10.947
nld,20210206,10.54
nld,20210207,9.899
nld,20210208,10.016
nld,20210209,9.841
nld,20210210,9.55
nld,20210211,9.2
nld,20210212,9.783
nld,20210213,10.365
nld,20210214,10.365
nld,20210215,10.132
nld,20210216,10.482
nld,20210217,11.297
nld,20210218,11.879
nld,20210219,11.18
nld,20210220,10.482
nld,20210221,11.355
nld,20210222,12.228
nld,20210223,12.17
nld,20210224,11.355
nld,20210225,11.122
nld,20210226,11.821
nld,20210227,11.937
nld,20210228,11.18
nld,20210301,10.773
nld,20210302,11.996
nld,20210303,13.684
nld,20210304,13.801
nld,20210305,14.208
nld,20210306,15.024
nld,20210307,16.072
nld,20210308,16.246
nld,20210309,15.256
nld,20210310,14.034
nld,20210311,15.14
nld,20210312,15.14
nld,20210313,15.606
nld,20210314,15.489
nld,20210315,16.246
nld,20210316,16.421
nld,20210317,16.887
nld,20210318,15.664
nld,20210319,16.072
nld,20210320,16.654
nld,20210321,16.305
nld,20210322,16.537
nld,20210323,16.188
nld,20210324,16.246
nld,20210325,16.537
nld,20210326,16.421
nld,20210327,16.246
nld,20210328,16.829
nld,20210329,16.013
nld,20210330,17.062
nld,20210331,17.353
nld,20210401,18.925
nld,20210402,19.158
nld,20210403,19.333
nld,20210404,20.031
nld,20210405,21.312
nld,20210406,20.963
nld,20210407,21.836
nld,20210408,21.604
nld,20210409,21.429
nld,20210410,21.371
nld,20210411,20.905
nld,20210412,20.148
nld,20210413,20.206
nld,20210414,19.565
nld,20210415,18.517
nld,20210416,18.867
nld,20210417,19.274
nld,20210418,19.915
nld,20210419,19.857
nld,20210420,20.614
nld,20210421,20.672
nld,20210422,20.555
nld,20210423,20.439
nld,20210424,19.798
nld,20210425,19.333
nld,20210426,18.808
nld,20210427,18.75
nld,20210428,18.459
nld,20210429,18.75
nld,20210430,18.692
nld,20210501,19.333
nld,20210502,18.867
nld,20210503,19.565
nld,20210504,18.983
nld,20210505,19.274
nld,20210506,19.216
nld,20210507,18.983
nld,20210508,17.644
nld,20210509,16.712
nld,20210510,16.188
nld,20210511,15.14
nld,20210512,14.732
nld,20210513,14.383
nld,20210514,13.102
nld,20210515,13.277
nld,20210516,13.393
nld,20210517,12.52
nld,20210518,12.753
nld,20210519,12.112
nld,20210520,11.297
nld,20210521,11.413
nld,20210522,10.482
nld,20210523,10.54
nld,20210524,10.307
nld,20210525,9.433
nld,20210526,8.618
nld,20210527,8.211
nld,20210528,8.385
nld,20210529,7.978
nld,20210530,7.221
nld,20210531,6.697
nld,20210601,5.998
nld,20210602,5.59
nld,20210603,5.357
nld,20210604,4.6
nld,20210605,4.018
nld,20210606,3.843
nld,20210607,3.669
nld,20210608,3.494
nld,20210609,3.377
nld,20210610,3.436
nld,20210611,3.086
nld,20210612,2.97
nld,20210613,2.795
nld,20210614,2.853
nld,20210615,3.028
nld,20210616,3.144
nld,20210617,2.795
nld,20210618,2.562
nld,20210627,1.339
nld,20210628,1.281
nld,20210629,1.048
nld,20210630,0.757
nld,20210701,0.757
nld,20210702,0.641
nld,20210703,0.466
nld,20210704,0.291
nld,20210705,0.233
nld,20210706,0.349
nld,20210707,0.349
nld,20210708,0.349
nld,20210709,0.408
nld,20210710,0.466
nld,20210711,0.699
nld,20210712,0.699
nld,20210713,0.699
nld,20210714,0.873
nld,20210715,0.99
nld,20210716,1.223
nld,20210717,1.456
nld,20210718,1.339
nld,20210719,1.689
nld,20210720,2.737
nld,20210721,3.319
nld,20210722,3.785
nld,20210723,3.901
nld,20210724,4.6
nld,20210725,5.415
nld,20210726,5.881
nld,20210727,5.707
nld,20210728,6.347
nld,20210729,7.104
nld,20210730,7.512
nld,20210731,7.279
nld,20210801,7.454
nld,20210802,7.686
nld,20210803,7.279
nld,20210804,6.638
nld,20210805,6.638
nld,20210806,7.221
nld,20210807,7.454
nld,20210808,7.395
nld,20210809,7.279
nld,20210810,7.686
nld,20210811,8.094
nld,20210812,7.803
nld,20210813,7.162
nld,20210814,6.929
nld,20210815,6.638
nld,20210816,6.114
nld,20210817,5.648
nld,20210818,5.299
nld,20210819,5.008
nld,20210820,5.474
nld,20210821,5.532
nld,20210822,5.357
nld,20210823,5.474
nld,20210824,6.114
nld,20210825,6.405
nld,20210826,6.231
nld,20210827,5.998
nld,20210828,6.464
nld,20210829,6.755
nld,20210830,6.813
nld,20210831,6.114
nld,20210901,5.532
nld,20210902,5.94
nld,20210903,5.707
nld,20210904,5.008
nld,20210905,4.658
nld,20210906,4.891
nld,20210907,4.95
nld,20210908,5.707
nld,20210909,5.59
nld,20210910,5.532
nld,20210911,5.998
nld,20210912,5.881
nld,20210913,5.474
nld,20210914,5.357
nld,20210915,4.775
nld,20210916,4.717
nld,20210917,4.6
nld,20210918,3.901
nld,20210919,3.96
nld,20210920,4.018
nld,20210921,4.251
nld,20210922,4.6
nld,20210923,4.134
nld,20210924,4.193
nld,20210925,4.309
nld,20210926,4.367
nld,20210927,4.076
nld,20210928,3.61
nld,20210929,2.97
nld,20210930,3.028
nld,20211001,2.795
nld,20211002,2.853
nld,20211003,2.737
nld,20211004,2.97
nld,20211005,3.785
nld,20211006,4.076
nld,20211007,4.134
nld,20211008,4.076
nld,20211009,3.901
nld,20211010,4.018
nld,20211011,4.251
nld,20211012,3.843
nld,20211013,3.669
nld,20211014,4.076
nld,20211015,4.367
nld,20211016,4.95
nld,20211017,5.183
nld,20211018,5.066
nld,20211019,5.707
nld,20211020,6.231
nld,20211021,6.347
nld,20211022,6.929
nld,20211023,6.871
nld,20211024,7.104
nld,20211025,7.512
nld,20211026,7.104
nld,20211027,7.279
nld,20211028,7.046
nld,20211029,7.337
nld,20211030,7.221
nld,20211031,7.046
nld,20211101,6.988
nld,20211102,7.454
nld,20211103,8.152
nld,20211104,8.793
nld,20211105,8.909
nld,20211106,9.666
nld,20211107,10.365
nld,20211108,11.355
nld,20211109,11.122
nld,20211110,10.714
nld,20211111,10.889
nld,20211112,11.239
nld,20211113,11.996
nld,20211114,12.345
nld,20211115,11.821
nld,20211116,13.044
nld,20211117,13.626
nld,20211118,15.024
nld,20211119,15.897
nld,20211120,15.489
nld,20211121,15.664
nld,20211122,16.13
nld,20211123,16.829
nld,20211124,17.469
nld,20211125,17.294
nld,20211126,17.12
nld,20211127,18.226
nld,20211128,18.867
nld,20211129,19.682
nld,20211130,19.449
nld,20211201,19.158
nld,20211202,19.682
nld,20211203,19.1
nld,20211204,17.819
nld,20211205,17.062
nld,20211206,17.236
nld,20211207,16.596
nld,20211208,16.829
nld,20211209,15.373
nld,20211210,16.305
nld,20211211,17.003
nld,20211212,17.003
nld,20211213,15.722
nld,20211214,16.363
nld,20211215,15.664
nld,20211216,15.722
nld,20211217,14.907
nld,20211218,14.208
nld,20211219,13.801
nld,20211220,13.801
nld,20211221,12.869
nld,20211222,12.52
nld,20211223,11.996
nld,20211224,11.18
nld,20211225,10.773
nld,20211226,10.598
nld,20211227,10.54
nld,20211228,10.598
nld,20211229,10.656
nld,20211230,10.307
nld,20211231,10.19
nld,20220101,9.899
nld,20220102,9.55
nld,20220103,9.084
nld,20220104,8.851
nld,20220105,7.919
nld,20220106,7.512
nld,20220107,7.162
nld,20220108,7.104
nld,20220109,6.871
nld,20220110,6.929
nld,20220111,6.522
nld,20220112,6.405
nld,20220113,6.405
nld,20220114,6.172
nld,20220115,5.881
nld,20220116,5.998
nld,20220117,5.415
nld,20220118,4.6
nld,20220119,4.367
nld,20220120,4.6
nld,20220121,4.542
nor,20200212,0.0
nor,20200301,0.0
nor,20200308,0.0
nor,20200315,2.049
nor,20200322,8.197
nor,20200329,14.345
nor,20200405,6.707
nor,20200412,2.236
nor,20200419,2.795
nor,20200426,2.422
nor,20200503,0.559
nor,20200510,0.745
nor,20200517,0.559
nor,20200524,0.186
nor,20200531,0.186
nor,20200607,0.0
nor,20200614,0.745
nor,20200621,0.373
nor,20200628,0.0
nor,20200705,0.186
nor,20200712,0.186
nor,20200719,0.186
nor,20200726,0.186
nor,20200802,0.0
nor,20200809,0.186
nor,20200816,0.186
nor,20200823,0.186
nor,20200830,0.186
nor,20200906,0.186
nor,20200913,0.373
nor,20200920,0.373
nor,20200927,0.559
nor,20201004,0.559
nor,20201011,0.373
nor,20201018,1.118
nor,20201025,0.745
nor,20201101,0.932
nor,20201108,3.167
nor,20201115,3.167
nor,20201122,4.471
nor,20201129,2.608
nor,20201206,3.54
nor,20201213,3.726
nor,20201220,2.608
nor,20201227,2.608
nor,20210103,2.049
nor,20210110,4.099
nor,20210117,2.795
nor,20210124,2.236
nor,20210131,1.677
nor,20210207,1.863
nor,20210214,1.49
nor,20210221,1.49
nor,20210228,2.236
nor,20210307,3.353
nor,20210314,5.589
nor,20210321,8.756
nor,20210328,10.06
nor,20210404,10.433
nor,20210411,5.962
nor,20210418,6.148
nor,20210425,5.403
nor,20210502,2.422
nor,20210509,2.236
nor,20210516,2.422
nor,20210523,2.422
nor,20210530,1.863
nor,20210606,1.49
nor,20210613,0.559
nor,20210620,0.0
nor,20210627,0.932
nor,20210704,0.373
nor,20210711,0.932
nor,20210718,0.932
nor,20210725,0.559
nor,20210801,0.559
nor,20210808,0.932
nor,20210815,0.559
nor,20210822,1.118
nor,20210829,1.49
nor,20210905,3.353
nor,20210912,4.285
nor,20210919,2.049
nor,20210926,3.167
nor,20211003,1.863
nor,20211010,2.795
nor,20211017,3.167
nor,20211024,2.236
nor,20211031,4.099
nor,20211107,7.266
nor,20211114,5.03
nor,20211121,4.285
nor,20211128,8.384
nor,20211205,8.57
nor,20211212,13.228
nor,20211219,11.737
nor,20211226,9.688
nor,20220102,7.638
nor,20220109,5.775
nor,20220116,3.353
svn,20200322,3.817
svn,20200329,8.588
svn,20200405,6.203
svn,20200412,6.203
svn,20200419,3.817
svn,20200426,1.909
svn,20200503,1.909
svn,20200510,0.0
svn,20200517,0.0
svn,20200524,0.477
svn,20200531,0.0
svn,20200607,0.0
svn,20200614,0.0
svn,20200621,0.477
svn,20200628,1.431
svn,20200705,0.0
svn,20200712,0.477
svn,20200719,1.431
svn,20200726,0.954
svn,20200802,0.954
svn,20200809,1.431
svn,20200816,0.477
svn,20200823,0.0
svn,20200830,1.431
svn,20200906,0.954
svn,20200913,1.909
svn,20200920,5.248
svn,20200927,6.68
svn,20201004,2.863
svn,20201011,12.883
svn,20201018,20.039
svn,20201025,27.196
svn,20201101,53.916
svn,20201108,60.596
svn,20201115,61.073
svn,20201122,59.164
svn,20201129,57.256
svn,20201206,57.733
svn,20201213,64.413
svn,20201220,52.007
svn,20201227,52.962
svn,20210103,50.576
svn,20210110,52.962
svn,20210117,47.236
svn,20210124,45.327
svn,20210131,38.17
svn,20210207,33.876
svn,20210214,26.719
svn,20210221,21.948
svn,20210228,27.196
svn,20210307,17.654
svn,20210314,25.288
svn,20210321,24.811
svn,20210328,29.582
svn,20210404,44.85
svn,20210411,38.648
svn,20210418,35.308
svn,20210425,37.216
svn,20210502,31.491
svn,20210509,30.059
svn,20210516,20.039
svn,20210523,23.379
svn,20210530,12.405
svn,20210606,6.68
svn,20210613,9.065
svn,20210620,6.68
svn,20210627,1.431
svn,20210704,0.954
svn,20210711,1.431
svn,20210718,0.954
svn,20210725,0.954
svn,20210801,1.431
svn,20210808,1.909
svn,20210815,2.386
svn,20210822,7.157
svn,20210829,8.111
svn,20210905,14.791
svn,20210912,22.902
svn,20210919,27.196
svn,20210926,27.196
svn,20211003,31.968
svn,20211010,29.105
svn,20211017,26.719
svn,20211024,31.491
svn,20211031,43.419
svn,20211107,59.164
svn,20211114,69.184
svn,20211121,76.818
svn,20211128,76.818
svn,20211205,64.89
svn,20211212,49.144
svn,20211219,42.942
svn,20211226,35.785
svn,20220102,35.785
svn,20220109,34.831
svn,20220116,31.968
esp,20200807,5.712
esp,20200808,6.033
esp,20200809,5.969
esp,20200810,6.097
esp,20200811,6.439
esp,20200812,6.803
esp,20200813,6.953
esp,20200814,7.209
esp,20200815,7.402
esp,20200816,7.68
esp,20200817,8.086
esp,20200818,8.536
esp,20200819,9.028
esp,20200820,9.156
esp,20200821,9.434
esp,20200822,9.669
esp,20200823,10.354
esp,20200824,10.932
esp,20200825,10.803
esp,20200826,11.017
esp,20200827,11.146
esp,20200828,11.402
esp,20200829,11.745
esp,20200830,11.381
esp,20200831,11.424
esp,20200901,12.215
esp,20200902,12.429
esp,20200903,13.306
esp,20200904,13.242
esp,20200905,13.178
esp,20200906,13.606
esp,20200907,13.82
esp,20200908,13.67
esp,20200909,13.713
esp,20200910,13.349
esp,20200911,13.905
esp,20200912,14.205
esp,20200913,14.354
esp,20200914,14.547
esp,20200915,14.654
esp,20200916,15.125
esp,20200917,15.06
esp,20200918,14.953
esp,20200919,15.103
esp,20200920,15.424
esp,20200921,15.274
esp,20200922,15.51
esp,20200923,15.21
esp,20200924,15.724
esp,20200925,16.237
esp,20200926,16.601
esp,20200927,16.216
esp,20200928,16.665
esp,20200929,16.408
esp,20200930,16.964
esp,20201001,16.857
esp,20201002,16.408
esp,20201003,15.852
esp,20201004,15.659
esp,20201005,14.996
esp,20201006,15.018
esp,20201007,14.697
esp,20201008,14.868
esp,20201009,14.633
esp,20201010,14.44
esp,20201011,14.611
esp,20201012,14.761
esp,20201013,15.189
esp,20201014,15.788
esp,20201015,16.066
esp,20201016,17.349
esp,20201017,18.783
esp,20201018,19.638
esp,20201019,21.029
esp,20201020,21.863
esp,20201021,22.334
esp,20201022,23.339
esp,20201023,23.917
esp,20201024,24.537
esp,20201025,25.307
esp,20201026,25.949
esp,20201027,27.062
esp,20201028,27.939
esp,20201029,28.837
esp,20201030,29.992
esp,20201031,31.212
esp,20201101,32.11
esp,20201102,32.773
esp,20201103,33.009
esp,20201104,33.287
esp,20201105,33.415
esp,20201106,33.351
esp,20201107,32.987
esp,20201108,32.816
esp,20201109,33.18
esp,20201110,33.265
esp,20201111,33.009
esp,20201112,32.731
esp,20201113,31.939
esp,20201114,31.725
esp,20201115,31.169
esp,20201116,30.035
esp,20201117,28.901
esp,20201118,28.195
esp,20201119,26.933
esp,20201120,25.842
esp,20201121,24.452
esp,20201122,23.575
esp,20201123,22.676
esp,20201124,22.484
esp,20201125,21.713
esp,20201126,21.564
esp,20201127,20.751
esp,20201128,19.916
esp,20201129,19.531
esp,20201130,18.825
esp,20201201,17.328
esp,20201202,17.028
esp,20201203,16.258
esp,20201204,15.617
esp,20201205,15.018
esp,20201206,14.269
esp,20201207,13.563
esp,20201208,13.691
esp,20201209,13.541
esp,20201210,13.413
esp,20201211,13.584
esp,20201212,13.606
esp,20201213,13.263
esp,20201214,13.862
esp,20201215,13.606
esp,20201216,13.606
esp,20201217,13.691
esp,20201218,14.226
esp,20201219,14.889
esp,20201220,15.445
esp,20201221,15.574
esp,20201222,16.344
esp,20201223,16.151
esp,20201224,16.194
esp,20201225,16.216
esp,20201226,16.151
esp,20201227,16.922
esp,20201228,17.221
esp,20201229,17.264
esp,20201230,17.521
esp,20201231,17.627
esp,20210101,18.098
esp,20210102,18.59
esp,20210103,19.531
esp,20210104,20.687
esp,20210105,21.713
esp,20210106,22.484
esp,20210107,23.767
esp,20210108,24.067
esp,20210109,24.708
esp,20210110,25.158
esp,20210111,26.206
esp,20210112,27.575
esp,20210113,29.586
esp,20210114,31.597
esp,20210115,33.971
esp,20210116,36.004
esp,20210117,37.736
esp,20210118,39.448
esp,20210119,41.202
esp,20210120,43.448
esp,20210121,45.695
esp,20210122,47.534
esp,20210123,49.224
esp,20210124,48.968
esp,20210125,49.93
esp,20210126,49.781
esp,20210127,49.716
esp,20210128,49.524
esp,20210129,48.968
esp,20210130,48.689
esp,20210131,49.438
esp,20210201,48.048
esp,20210202,47.278
esp,20210203,45.759
esp,20210204,43.812
esp,20210205,43.192
esp,20210206,42.421
esp,20210207,40.988
esp,20210208,39.426
esp,20210209,38.25
esp,20210210,36.068
esp,20210211,34.335
esp,20210212,31.511
esp,20210213,28.687
esp,20210214,26.783
esp,20210215,26.099
esp,20210216,24.516
esp,20210217,24.216
esp,20210218,23.125
esp,20210219,22.462
esp,20210220,21.97
esp,20210221,21.414
esp,20210222,20.323
esp,20210223,19.703
esp,20210224,18.74
esp,20210225,18.162
esp,20210226,17.713
esp,20210227,17.307
esp,20210228,16.9
esp,20210301,16.087
esp,20210302,15.702
esp,20210303,15.681
esp,20210304,15.724
esp,20210305,15.852
esp,20210306,15.681
esp,20210307,15.338
esp,20210308,15.253
esp,20210309,15.232
esp,20210310,15.039
esp,20210311,14.269
esp,20210312,13.392
esp,20210313,12.643
esp,20210314,12.686
esp,20210315,12.814
esp,20210316,12.857
esp,20210317,13.156
esp,20210318,13.52
esp,20210319,14.44
esp,20210320,15.424
esp,20210321,15.724
esp,20210322,15.83
esp,20210323,15.745
esp,20210324,15.574
esp,20210325,15.873
esp,20210326,15.809
esp,20210327,15.445
esp,20210328,15.253
esp,20210329,15.595
esp,20210330,15.83
esp,20210331,16.173
esp,20210401,16.515
esp,20210402,16.429
esp,20210403,16.643
esp,20210404,17.285
esp,20210405,17.799
esp,20210406,18.419
esp,20210407,18.676
esp,20210408,19.018
esp,20210409,19.981
esp,20210410,20.901
esp,20210411,21.157
esp,20210412,21.628
esp,20210413,21.735
esp,20210414,21.82
esp,20210415,22.227
esp,20210416,22.291
esp,20210417,22.526
esp,20210418,22.89
esp,20210419,22.976
esp,20210420,23.232
esp,20210421,23.425
esp,20210422,23.104
esp,20210423,22.847
esp,20210424,22.419
esp,20210425,21.906
esp,20210426,21.221
esp,20210427,20.687
esp,20210428,20.558
esp,20210429,20.13
esp,20210430,19.916
esp,20210501,19.66
esp,20210502,19.959
esp,20210503,19.467
esp,20210504,19.146
esp,20210505,18.419
esp,20210506,18.291
esp,20210507,17.906
esp,20210508,17.435
esp,20210509,16.323
esp,20210510,16.151
esp,20210511,15.488
esp,20210512,14.846
esp,20210513,14.119
esp,20210514,13.114
esp,20210515,11.98
esp,20210516,11.83
esp,20210517,11.402
esp,20210518,11.21
esp,20210519,11.06
esp,20210520,10.953
esp,20210521,10.782
esp,20210522,10.846
esp,20210523,10.675
esp,20210524,10.033
esp,20210525,9.669
esp,20210526,9.691
esp,20210527,9.199
esp,20210528,9.006
esp,20210529,8.899
esp,20210530,8.3
esp,20210531,8.429
esp,20210601,8.129
esp,20210602,7.552
esp,20210603,7.231
esp,20210604,6.974
esp,20210605,6.76
esp,20210606,6.867
esp,20210607,6.589
esp,20210608,6.546
esp,20210609,6.396
esp,20210610,6.311
esp,20210611,6.375
esp,20210612,6.332
esp,20210613,6.14
esp,20210614,6.097
esp,20210615,6.054
esp,20210616,5.926
esp,20210617,5.883
esp,20210618,5.541
esp,20210619,5.156
esp,20210620,5.049
esp,20210621,4.813
esp,20210622,4.492
esp,20210623,4.279
esp,20210624,3.958
esp,20210625,3.936
esp,20210626,3.979
esp,20210627,3.786
esp,20210628,3.68
esp,20210629,3.872
esp,20210630,3.872
esp,20210701,4.279
esp,20210702,4.685
esp,20210703,5.027
esp,20210704,5.22
esp,20210705,5.455
esp,20210706,5.605
esp,20210707,6.075
esp,20210708,6.311
esp,20210709,6.461
esp,20210710,6.653
esp,20210711,7.701
esp,20210712,8.45
esp,20210713,9.691
esp,20210714,10.29
esp,20210715,11.488
esp,20210716,12.793
esp,20210717,14.034
esp,20210718,14.825
esp,20210719,16.258
esp,20210720,17.521
esp,20210721,18.718
esp,20210722,19.467
esp,20210723,20.002
esp,20210724,20.687
esp,20210725,22.099
esp,20210726,22.569
esp,20210727,22.719
esp,20210728,23.361
esp,20210729,23.874
esp,20210730,24.238
esp,20210731,24.601
esp,20210801,24.601
esp,20210802,24.452
esp,20210803,24.559
esp,20210804,24.623
esp,20210805,24.045
esp,20210806,23.767
esp,20210807,23.339
esp,20210808,22.184
esp,20210809,21.564
esp,20210810,20.387
esp,20210811,19.189
esp,20210812,18.975
esp,20210813,18.868
esp,20210814,18.847
esp,20210815,18.89
esp,20210816,18.783
esp,20210817,18.612
esp,20210818,18.697
esp,20210819,18.098
esp,20210820,17.178
esp,20210821,16.258
esp,20210822,15.83
esp,20210823,15.039
esp,20210824,14.761
esp,20210825,14.14
esp,20210826,13.606
esp,20210827,13.285
esp,20210828,12.943
esp,20210829,12.365
esp,20210830,12.087
esp,20210831,11.402
esp,20210901,11.039
esp,20210902,10.996
esp,20210903,10.632
esp,20210904,10.375
esp,20210905,9.712
esp,20210906,9.391
esp,20210907,8.921
esp,20210908,8.471
esp,20210909,8.001
esp,20210910,7.851
esp,20210911,7.53
esp,20210912,7.38
esp,20210913,7.167
esp,20210914,7.124
esp,20210915,7.167
esp,20210916,6.824
esp,20210917,6.461
esp,20210918,6.268
esp,20210919,6.054
esp,20210920,5.519
esp,20210921,5.498
esp,20210922,5.07
esp,20210923,4.942
esp,20210924,4.664
esp,20210925,4.364
esp,20210926,4.129
esp,20210927,4.236
esp,20210928,3.701
esp,20210929,3.444
esp,20210930,3.23
esp,20211001,3.145
esp,20211002,2.995
esp,20211003,2.867
esp,20211004,2.695
esp,20211005,2.717
esp,20211006,2.717
esp,20211007,2.824
esp,20211008,2.909
esp,20211009,2.995
esp,20211010,3.038
esp,20211011,2.888
esp,20211012,2.995
esp,20211013,3.123
esp,20211014,3.016
esp,20211015,2.931
esp,20211016,2.824
esp,20211017,2.931
esp,20211018,3.123
esp,20211019,3.508
esp,20211020,3.487
esp,20211021,3.701
esp,20211022,3.893
esp,20211023,4.107
esp,20211024,3.958
esp,20211025,4.086
esp,20211026,3.68
esp,20211027,3.637
esp,20211028,3.359
esp,20211029,3.187
esp,20211030,3.081
esp,20211031,3.081
esp,20211101,2.888
esp,20211102,3.102
esp,20211103,3.209
esp,20211104,3.059
esp,20211105,2.952
esp,20211106,2.802
esp,20211107,3.059
esp,20211108,3.145
esp,20211109,3.359
esp,20211110,3.551
esp,20211111,3.851
esp,20211112,4.129
esp,20211113,4.407
esp,20211114,4.514
esp,20211115,4.792
esp,20211116,4.942
esp,20211117,4.899
esp,20211118,5.177
esp,20211119,5.412
esp,20211120,5.562
esp,20211121,5.904
esp,20211122,6.311
esp,20211123,6.503
esp,20211124,6.974
esp,20211125,7.402
esp,20211126,7.894
esp,20211127,8.407
esp,20211128,8.429
esp,20211129,8.835
esp,20211130,9.135
esp,20211201,9.734
esp,20211202,10.247
esp,20211203,10.825
esp,20211204,11.509
esp,20211205,12.344
esp,20211206,12.279
esp,20211207,12.429
esp,20211208,12.301
esp,20211209,12.365
esp,20211210,12.023
esp,20211211,11.638
esp,20211212,12.023
esp,20211213,12.878
esp,20211214,13.606
esp,20211215,14.483
esp,20211216,14.739
esp,20211217,15.617
esp,20211218,16.429
esp,20211219,16.686
esp,20211220,16.986
esp,20211221,17.028
esp,20211222,17.478
esp,20211223,18.291
esp,20211224,18.654
esp,20211225,19.104
esp,20211226,19.895
esp,20211227,20.537
esp,20211228,21.521
esp,20211229,21.542
esp,20211230,21.521
esp,20211231,21.542
esp,20220101,21.778
esp,20220102,21.82
esp,20220103,22.505
esp,20220104,23.254
esp,20220105,24.195
esp,20220106,25.65
esp,20220107,26.805
esp,20220108,27.682
esp,20220109,28.067
esp,20220110,27.917
esp,20220111,27.789
esp,20220112,27.661
esp,20220113,27.276
esp,20220114,27.447
esp,20220115,27.468
esp,20220116,27.104
esp,20220117,26.783
esp,20220118,26.826
esp,20220119,26.698
esp,20220120,26.719
