location,date,weekly_hosp_admissions
bel,20200322,1513.0
bel,20200329,3532.0
bel,20200405,3605.0
bel,20200412,2857.0
bel,20200419,1943.0
bel,20200426,1434.0
bel,20200503,919.0
bel,20200510,670.0
bel,20200517,447.0
bel,20200524,379.0
bel,20200531,257.0
bel,20200607,200.0
bel,20200614,148.0
bel,20200621,131.0
bel,20200628,105.0
bel,20200705,83.0
bel,20200712,72.0
bel,20200719,108.0
bel,20200726,154.0
bel,20200802,213.0
bel,20200809,228.0
bel,20200816,282.0
bel,20200823,202.0
bel,20200830,113.0
bel,20200906,141.0
bel,20200913,230.0
bel,20200920,348.0
bel,20200927,488.0
bel,20201004,595.0
bel,20201011,946.0
bel,20201018,1867.0
bel,20201025,3448.0
bel,20201101,4777.0
bel,20201108,4341.0
bel,20201115,3364.0
bel,20201122,2206.0
bel,20201129,1682.0
bel,20201206,1374.0
bel,20201213,1322.0
bel,20201220,1303.0
bel,20201227,1174.0
bel,20210103,1069.0
bel,20210110,932.0
bel,20210117,848.0
bel,20210124,1000.0
bel,20210131,845.0
bel,20210207,937.0
bel,20210214,842.0
bel,20210221,845.0
bel,20210228,1059.0
bel,20210307,1031.0
bel,20210314,1143.0
bel,20210321,1396.0
bel,20210328,1709.0
bel,20210404,1861.0
bel,20210411,1797.0
bel,20210418,1659.0
bel,20210425,1615.0
bel,20210502,1363.0
bel,20210509,1150.0
bel,20210516,976.0
bel,20210523,838.0
bel,20210530,617.0
bel,20210606,505.0
bel,20210613,348.0
bel,20210620,237.0
bel,20210627,163.0
bel,20210704,110.0
bel,20210711,119.0
bel,20210718,171.0
bel,20210725,203.0
bel,20210801,253.0
bel,20210808,306.0
bel,20210815,388.0
bel,20210822,416.0
bel,20210829,425.0
bel,20210905,488.0
bel,20210912,430.0
bel,20210919,434.0
bel,20210926,358.0
bel,20211003,430.0
bel,20211010,395.0
bel,20211017,490.0
bel,20211024,771.0
bel,20211031,1062.0
bel,20211107,1245.0
bel,20211114,1622.0
bel,20211121,1949.0
bel,20211128,2199.0
hrv,20200426,103.0
hrv,20200503,24.0
hrv,20200510,40.0
hrv,20200517,15.0
hrv,20200524,15.0
hrv,20200531,1.0
hrv,20200607,0.0
hrv,20200614,3.0
hrv,20200621,6.0
hrv,20200628,57.0
hrv,20200705,67.0
hrv,20200712,96.0
hrv,20200719,101.0
hrv,20200726,82.0
hrv,20200802,76.0
hrv,20200809,64.0
hrv,20200816,70.0
hrv,20200823,99.0
hrv,20200830,190.0
hrv,20200906,235.0
hrv,20200913,220.0
hrv,20200920,172.0
hrv,20200927,206.0
hrv,20201004,233.0
hrv,20201011,341.0
hrv,20201018,526.0
hrv,20201025,826.0
hrv,20201101,1090.0
hrv,20201108,1308.0
hrv,20201115,1524.0
hrv,20201122,1616.0
hrv,20201129,1813.0
hrv,20201206,2205.0
hrv,20201213,2348.0
hrv,20201220,2180.0
hrv,20201227,1695.0
hrv,20210103,1529.0
hrv,20210110,1210.0
hrv,20210117,978.0
hrv,20210124,825.0
hrv,20210131,719.0
hrv,20210207,650.0
hrv,20210214,470.0
hrv,20210221,469.0
hrv,20210228,467.0
hrv,20210307,521.0
hrv,20210314,610.0
hrv,20210321,713.0
hrv,20210328,941.0
hrv,20210404,1262.0
hrv,20210411,1524.0
hrv,20210418,1627.0
hrv,20210425,1727.0
hrv,20210502,1547.0
hrv,20210509,1252.0
hrv,20210516,998.0
hrv,20210523,638.0
hrv,20210530,462.0
hrv,20210606,270.0
hrv,20210613,206.0
hrv,20210620,160.0
hrv,20210627,95.0
hrv,20210704,85.0
hrv,20210711,80.0
hrv,20210718,89.0
hrv,20210725,94.0
hrv,20210801,127.0
hrv,20210808,147.0
hrv,20210815,176.0
hrv,20210822,242.0
hrv,20210829,340.0
hrv,20210905,406.0
hrv,20210912,442.0
hrv,20210919,518.0
hrv,20210926,510.0
hrv,20211003,564.0
hrv,20211010,624.0
hrv,20211017,659.0
hrv,20211024,816.0
hrv,20211031,1126.0
hrv,20211107,1621.0
hrv,20211114,1686.0
cyp,20200308,1.0
cyp,20200315,8.0
cyp,20200322,23.0
cyp,20200329,53.0
cyp,20200405,37.0
cyp,20200412,20.0
cyp,20200419,11.0
cyp,20200426,6.0
cyp,20200503,6.0
cyp,20200510,6.0
cyp,20200517,1.0
cyp,20200524,1.0
cyp,20200531,1.0
cyp,20200607,1.0
cyp,20200614,1.0
cyp,20200621,1.0
cyp,20200628,2.0
cyp,20200719,1.0
cyp,20200726,1.0
cyp,20200802,8.0
cyp,20200809,4.0
cyp,20200816,2.0
cyp,20200823,4.0
cyp,20200830,5.0
cyp,20200906,1.0
cyp,20200913,2.0
cyp,20200920,6.0
cyp,20200927,15.0
cyp,20201004,4.0
cyp,20201011,7.0
cyp,20201018,29.0
cyp,20201025,33.0
cyp,20201101,40.0
cyp,20201108,65.0
cyp,20201115,61.0
cyp,20201122,73.0
cyp,20201129,84.0
cyp,20201206,77.0
cyp,20201213,80.0
cyp,20201220,106.0
cyp,20201227,103.0
cyp,20210103,125.0
cyp,20210110,138.0
cyp,20210117,118.0
cyp,20210124,96.0
cyp,20210131,71.0
cyp,20210207,71.0
cyp,20210214,54.0
cyp,20210221,67.0
cyp,20210228,61.0
cyp,20210307,108.0
cyp,20210314,179.0
cyp,20210321,169.0
cyp,20210328,147.0
cyp,20210404,152.0
cyp,20210411,178.0
cyp,20210418,206.0
cyp,20210425,251.0
cyp,20210502,228.0
cyp,20210509,188.0
cyp,20210516,112.0
cyp,20210523,68.0
cyp,20210530,35.0
cyp,20210606,22.0
cyp,20210613,20.0
cyp,20210620,35.0
cyp,20210627,33.0
cyp,20210704,78.0
cyp,20210711,132.0
cyp,20210718,203.0
cyp,20210725,236.0
cyp,20210801,233.0
cyp,20210808,205.0
cyp,20210815,149.0
cyp,20210822,126.0
cyp,20210829,93.0
cyp,20210905,93.0
cyp,20210912,74.0
cyp,20210919,55.0
cyp,20210926,40.0
cyp,20211003,32.0
cyp,20211010,29.0
cyp,20211017,35.0
cyp,20211024,36.0
cyp,20211031,42.0
cyp,20211107,39.0
cyp,20211114,60.0
cyp,20211121,66.0
cyp,20211128,67.0
cze,20200106,0.0
cze,20200118,0.0
cze,20200124,0.0
cze,20200202,0.0
cze,20200209,0.0
cze,20200215,0.0
cze,20200223,0.0
cze,20200301,0.0
cze,20200308,0.0
cze,20200315,8.0
cze,20200322,120.0
cze,20200329,351.0
cze,20200405,518.0
cze,20200412,581.0
cze,20200419,516.0
cze,20200426,478.0
cze,20200503,372.0
cze,20200510,285.0
cze,20200517,195.0
cze,20200524,146.0
cze,20200531,120.0
cze,20200607,100.0
cze,20200614,91.0
cze,20200621,114.0
cze,20200628,107.0
cze,20200705,106.0
cze,20200712,107.0
cze,20200719,109.0
cze,20200726,131.0
cze,20200802,170.0
cze,20200809,177.0
cze,20200816,192.0
cze,20200823,204.0
cze,20200830,233.0
cze,20200906,325.0
cze,20200913,498.0
cze,20200920,846.0
cze,20200927,1363.0
cze,20201004,1975.0
cze,20201011,3394.0
cze,20201018,5637.0
cze,20201025,9032.0
cze,20201101,11788.0
cze,20201108,12865.0
cze,20201115,11610.0
cze,20201122,9454.0
cze,20201129,8323.0
cze,20201206,7411.0
cze,20201213,7270.0
cze,20201220,7660.0
cze,20201227,8244.0
cze,20210103,10253.0
cze,20210110,12218.0
cze,20210117,11545.0
cze,20210124,10591.0
cze,20210131,9775.0
cze,20210207,9668.0
cze,20210214,9932.0
cze,20210221,10772.0
cze,20210228,12232.0
cze,20210307,13792.0
cze,20210314,14645.0
cze,20210321,14346.0
cze,20210328,13218.0
cze,20210404,11689.0
cze,20210411,9588.0
cze,20210418,7630.0
cze,20210425,5985.0
cze,20210502,4680.0
cze,20210509,3665.0
cze,20210516,2687.0
cze,20210523,1835.0
cze,20210530,1181.0
cze,20210606,719.0
cze,20210613,401.0
cze,20210620,236.0
cze,20210627,128.0
cze,20210704,95.0
cze,20210711,63.0
cze,20210718,63.0
cze,20210725,87.0
cze,20210801,100.0
cze,20210808,101.0
cze,20210815,109.0
cze,20210822,124.0
cze,20210829,122.0
cze,20210905,127.0
cze,20210912,183.0
cze,20210919,277.0
cze,20210926,310.0
cze,20211003,402.0
cze,20211010,556.0
cze,20211017,824.0
cze,20211024,1460.0
cze,20211031,2538.0
cze,20211107,4225.0
cze,20211114,6252.0
cze,20211121,8328.0
cze,20211128,9942.0
dnk,20200308,9.0
dnk,20200315,135.0
dnk,20200322,328.0
dnk,20200329,562.0
dnk,20200405,325.0
dnk,20200412,279.0
dnk,20200419,197.0
dnk,20200426,210.0
dnk,20200503,137.0
dnk,20200510,95.0
dnk,20200517,64.0
dnk,20200524,65.0
dnk,20200531,52.0
dnk,20200607,34.0
dnk,20200614,27.0
dnk,20200621,27.0
dnk,20200628,30.0
dnk,20200705,22.0
dnk,20200712,17.0
dnk,20200719,18.0
dnk,20200726,19.0
dnk,20200802,22.0
dnk,20200809,32.0
dnk,20200816,20.0
dnk,20200823,28.0
dnk,20200830,22.0
dnk,20200906,29.0
dnk,20200913,59.0
dnk,20200920,88.0
dnk,20200927,125.0
dnk,20201004,117.0
dnk,20201011,104.0
dnk,20201018,122.0
dnk,20201025,143.0
dnk,20201101,196.0
dnk,20201108,250.0
dnk,20201115,279.0
dnk,20201122,275.0
dnk,20201129,264.0
dnk,20201206,316.0
dnk,20201213,479.0
dnk,20201220,820.0
dnk,20201227,945.0
dnk,20210103,997.0
dnk,20210110,884.0
dnk,20210117,709.0
dnk,20210124,608.0
dnk,20210131,380.0
dnk,20210207,251.0
dnk,20210214,209.0
dnk,20210221,161.0
dnk,20210228,190.0
dnk,20210307,199.0
dnk,20210314,179.0
dnk,20210321,166.0
dnk,20210328,211.0
dnk,20210404,223.0
dnk,20210411,206.0
dnk,20210418,189.0
dnk,20210425,190.0
dnk,20210502,175.0
dnk,20210509,146.0
dnk,20210516,229.0
dnk,20210523,162.0
dnk,20210530,168.0
dnk,20210606,148.0
dnk,20210613,106.0
dnk,20210620,70.0
dnk,20210627,54.0
dnk,20210704,36.0
dnk,20210711,38.0
dnk,20210718,74.0
dnk,20210725,76.0
dnk,20210801,88.0
dnk,20210808,93.0
dnk,20210815,138.0
dnk,20210822,189.0
dnk,20210829,178.0
dnk,20210905,182.0
dnk,20210912,148.0
dnk,20210919,89.0
dnk,20210926,81.0
dnk,20211003,92.0
dnk,20211010,90.0
dnk,20211017,124.0
dnk,20211024,188.0
dnk,20211031,266.0
dnk,20211107,313.0
dnk,20211114,388.0
dnk,20211121,436.0
dnk,20211128,487.0
est,20200308,0.0
est,20200315,7.0
est,20200322,41.0
est,20200329,79.0
est,20200405,92.0
est,20200412,66.0
est,20200419,36.0
est,20200426,24.0
est,20200503,22.0
est,20200510,7.0
est,20200517,16.0
est,20200524,17.0
est,20200531,7.0
est,20200607,6.0
est,20200614,8.0
est,20200621,4.0
est,20200628,2.0
est,20200705,1.0
est,20200712,2.0
est,20200719,0.0
est,20200726,0.0
est,20200802,6.0
est,20200809,3.0
est,20200816,2.0
est,20200823,8.0
est,20200830,6.0
est,20200906,5.0
est,20200913,16.0
est,20200920,24.0
est,20200927,29.0
est,20201004,27.0
est,20201011,13.0
est,20201018,24.0
est,20201025,23.0
est,20201101,29.0
est,20201108,58.0
est,20201115,77.0
est,20201122,139.0
est,20201129,169.0
est,20201206,178.0
est,20201213,196.0
est,20201220,233.0
est,20201227,278.0
est,20210103,242.0
est,20210110,272.0
est,20210117,291.0
est,20210124,277.0
est,20210131,301.0
est,20210207,280.0
est,20210214,315.0
est,20210221,328.0
est,20210228,418.0
est,20210307,527.0
est,20210314,529.0
est,20210321,537.0
est,20210328,551.0
est,20210404,472.0
est,20210411,348.0
est,20210418,276.0
est,20210425,244.0
est,20210502,203.0
est,20210509,171.0
est,20210516,158.0
est,20210523,109.0
est,20210530,69.0
est,20210606,44.0
est,20210613,43.0
est,20210620,33.0
est,20210627,18.0
est,20210704,21.0
est,20210711,17.0
est,20210718,12.0
est,20210725,34.0
est,20210801,40.0
est,20210808,52.0
est,20210815,72.0
est,20210822,73.0
est,20210829,113.0
est,20210905,104.0
est,20210912,127.0
est,20210919,142.0
est,20210926,151.0
est,20211003,197.0
est,20211010,245.0
est,20211017,336.0
est,20211024,428.0
est,20211031,447.0
est,20211107,409.0
est,20211114,323.0
est,20211121,232.0
est,20211128,188.0
fra,20200301,0.0
fra,20200308,0.0
fra,20200315,1164.0
fra,20200322,7722.0
fra,20200329,17064.0
fra,20200405,20062.0
fra,20200412,16448.0
fra,20200419,10273.0
fra,20200426,7646.0
fra,20200503,4916.0
fra,20200510,3649.0
fra,20200517,2684.0
fra,20200524,1772.0
fra,20200531,1418.0
fra,20200607,979.0
fra,20200614,706.0
fra,20200621,618.0
fra,20200628,553.0
fra,20200705,537.0
fra,20200712,505.0
fra,20200719,511.0
fra,20200726,566.0
fra,20200802,630.0
fra,20200809,667.0
fra,20200816,825.0
fra,20200823,949.0
fra,20200830,1072.0
fra,20200906,1550.0
fra,20200913,2177.0
fra,20200920,3188.0
fra,20200927,3856.0
fra,20201004,3975.0
fra,20201011,4650.0
fra,20201018,7096.0
fra,20201025,11557.0
fra,20201101,16215.0
fra,20201108,18570.0
fra,20201115,16075.0
fra,20201122,12682.0
fra,20201129,8657.0
fra,20201206,8118.0
fra,20201213,8185.0
fra,20201220,8349.0
fra,20201227,7280.0
fra,20210103,7184.0
fra,20210110,8502.0
fra,20210117,9264.0
fra,20210124,10672.0
fra,20210131,10562.0
fra,20210207,10634.0
fra,20210214,9348.0
fra,20210221,8903.0
fra,20210228,9220.0
fra,20210307,9047.0
fra,20210314,9365.0
fra,20210321,10498.0
fra,20210328,12194.0
fra,20210404,13115.0
fra,20210411,13215.0
fra,20210418,12617.0
fra,20210425,11853.0
fra,20210502,10271.0
fra,20210509,7714.0
fra,20210516,5239.0
fra,20210523,4402.0
fra,20210530,3079.0
fra,20210606,2641.0
fra,20210613,1902.0
fra,20210620,1273.0
fra,20210627,896.0
fra,20210704,751.0
fra,20210711,712.0
fra,20210718,1056.0
fra,20210725,1674.0
fra,20210801,3273.0
fra,20210808,4327.0
fra,20210815,4731.0
fra,20210822,5669.0
fra,20210829,4892.0
fra,20210905,3955.0
fra,20210912,3336.0
fra,20210919,2391.0
fra,20210926,1917.0
fra,20211003,1449.0
fra,20211010,1293.0
fra,20211017,1211.0
fra,20211024,1460.0
fra,20211031,1641.0
fra,20211107,1813.0
fra,20211114,2162.0
fra,20211121,3136.0
fra,20211128,4286.0
deu,20200322,2251.0
deu,20200329,5190.0
deu,20200405,6155.0
deu,20200412,4776.0
deu,20200419,3415.0
deu,20200426,2259.0
deu,20200503,1373.0
deu,20200510,1091.0
deu,20200517,768.0
deu,20200524,517.0
deu,20200531,425.0
deu,20200607,310.0
deu,20200614,293.0
deu,20200621,327.0
deu,20200628,300.0
deu,20200705,265.0
deu,20200712,260.0
deu,20200719,324.0
deu,20200726,338.0
deu,20200802,389.0
deu,20200809,408.0
deu,20200816,450.0
deu,20200823,442.0
deu,20200830,377.0
deu,20200906,411.0
deu,20200913,480.0
deu,20200920,690.0
deu,20200927,788.0
deu,20201004,900.0
deu,20201011,1636.0
deu,20201018,2381.0
deu,20201025,4225.0
deu,20201101,6063.0
deu,20201108,6979.0
deu,20201115,7687.0
deu,20201122,8231.0
deu,20201129,8479.0
deu,20201206,9336.0
deu,20201213,11459.0
deu,20201220,12756.0
deu,20201227,11219.0
deu,20210103,11155.0
deu,20210110,11356.0
deu,20210117,10057.0
deu,20210124,9007.0
deu,20210131,7643.0
deu,20210207,6561.0
deu,20210214,5280.0
deu,20210221,5200.0
deu,20210228,4891.0
deu,20210307,4486.0
deu,20210314,4969.0
deu,20210321,5851.0
deu,20210328,6958.0
deu,20210404,7007.0
deu,20210411,7680.0
deu,20210418,7907.0
deu,20210425,8078.0
deu,20210502,6826.0
deu,20210509,5573.0
deu,20210516,4102.0
deu,20210523,2815.0
deu,20210530,1734.0
deu,20210606,1153.0
deu,20210613,819.0
deu,20210620,529.0
deu,20210627,364.0
deu,20210704,320.0
deu,20210711,365.0
deu,20210718,416.0
deu,20210725,592.0
deu,20210801,790.0
deu,20210808,1022.0
deu,20210815,1675.0
deu,20210822,2366.0
deu,20210829,3206.0
deu,20210905,3261.0
deu,20210912,3286.0
deu,20210919,2772.0
deu,20210926,2472.0
deu,20211003,2537.0
deu,20211010,2590.0
deu,20211017,3041.0
deu,20211024,4630.0
deu,20211031,5670.0
deu,20211107,6422.0
deu,20211114,7157.0
deu,20211121,6070.0
grc,20200906,202.0
grc,20200913,252.0
grc,20200920,331.0
grc,20200927,324.0
grc,20201004,385.0
grc,20201011,358.0
grc,20201018,405.0
grc,20201025,571.0
grc,20201101,924.0
grc,20201108,1661.0
grc,20201115,2669.0
grc,20201122,3086.0
grc,20201129,2777.0
grc,20201206,2328.0
grc,20201213,1870.0
grc,20201220,1473.0
grc,20201227,986.0
grc,20210103,968.0
grc,20210110,828.0
grc,20210117,901.0
grc,20210124,701.0
grc,20210131,901.0
grc,20210207,1184.0
grc,20210214,1393.0
grc,20210221,1477.0
grc,20210228,1934.0
grc,20210307,2489.0
grc,20210314,3066.0
grc,20210321,3200.0
grc,20210328,3027.0
grc,20210404,3362.0
grc,20210411,3628.0
grc,20210418,3469.0
grc,20210425,3199.0
grc,20210502,2920.0
grc,20210509,2556.0
grc,20210516,2122.0
grc,20210523,1829.0
grc,20210530,1378.0
grc,20210606,1075.0
grc,20210613,715.0
grc,20210620,438.0
grc,20210627,332.0
grc,20210704,259.0
grc,20210711,425.0
grc,20210718,781.0
grc,20210725,1079.0
grc,20210801,1172.0
grc,20210808,1329.0
grc,20210815,1580.0
grc,20210822,1771.0
grc,20210829,1788.0
grc,20210905,1568.0
grc,20210912,1409.0
grc,20210919,1291.0
grc,20210926,1291.0
grc,20211003,1094.0
grc,20211010,1260.0
grc,20211017,1381.0
grc,20211024,1535.0
grc,20211031,1877.0
grc,20211107,2437.0
grc,20211114,2780.0
grc,20211121,3078.0
grc,20211128,3215.0
isl,20200209,0.0
isl,20201004,15.0
isl,20201011,22.0
isl,20201018,16.0
isl,20201025,50.0
isl,20201101,25.0
isl,20201108,21.0
isl,20201115,9.0
isl,20201122,4.0
isl,20201129,4.0
isl,20201206,1.0
isl,20201213,1.0
isl,20201220,3.0
isl,20210103,0.0
isl,20210110,0.0
isl,20210117,1.0
isl,20210124,4.0
isl,20210131,1.0
isl,20210207,2.0
isl,20210214,0.0
isl,20210221,1.0
isl,20210228,0.0
isl,20210307,0.0
isl,20210314,0.0
isl,20210321,3.0
isl,20210328,1.0
isl,20210404,0.0
isl,20210411,0.0
isl,20210418,1.0
isl,20210425,5.0
isl,20210502,4.0
isl,20210509,2.0
isl,20210516,1.0
isl,20210523,0.0
isl,20210530,1.0
isl,20210606,0.0
isl,20210613,0.0
isl,20210620,0.0
isl,20210627,1.0
isl,20210704,1.0
isl,20210711,0.0
isl,20210718,1.0
isl,20210725,4.0
isl,20210801,14.0
isl,20210808,26.0
isl,20210815,14.0
isl,20210822,8.0
isl,20210829,8.0
isl,20210905,1.0
isl,20210912,5.0
isl,20210919,8.0
isl,20210926,4.0
isl,20211003,3.0
isl,20211010,4.0
isl,20211017,6.0
isl,20211024,7.0
isl,20211031,17.0
isl,20211107,14.0
isl,20211114,14.0
isl,20211121,16.0
isl,20211128,8.0
irl,20200412,494.0
irl,20200419,349.0
irl,20200426,306.0
irl,20200503,262.0
irl,20200510,163.0
irl,20200517,109.0
irl,20200524,97.0
irl,20200531,58.0
irl,20200607,25.0
irl,20200614,30.0
irl,20200621,13.0
irl,20200628,13.0
irl,20200705,9.0
irl,20200712,4.0
irl,20200719,7.0
irl,20200726,14.0
irl,20200802,8.0
irl,20200809,13.0
irl,20200816,17.0
irl,20200823,10.0
irl,20200830,31.0
irl,20200906,32.0
irl,20200913,35.0
irl,20200920,55.0
irl,20200927,56.0
irl,20201004,85.0
irl,20201011,130.0
irl,20201018,120.0
irl,20201025,180.0
irl,20201101,124.0
irl,20201108,142.0
irl,20201115,149.0
irl,20201122,140.0
irl,20201129,113.0
irl,20201206,102.0
irl,20201213,81.0
irl,20201220,128.0
irl,20201227,186.0
irl,20210103,479.0
irl,20210110,866.0
irl,20210117,1078.0
irl,20210124,725.0
irl,20210131,553.0
irl,20210207,417.0
irl,20210214,309.0
irl,20210221,316.0
irl,20210228,196.0
irl,20210307,168.0
irl,20210314,156.0
irl,20210321,194.0
irl,20210328,146.0
irl,20210404,118.0
irl,20210411,81.0
irl,20210418,93.0
irl,20210425,102.0
irl,20210502,78.0
irl,20210509,84.0
irl,20210523,88.0
irl,20210530,71.0
irl,20210606,65.0
irl,20210613,50.0
irl,20210620,49.0
irl,20210627,43.0
irl,20210704,56.0
irl,20210711,60.0
irl,20210718,112.0
irl,20210725,142.0
irl,20210801,187.0
irl,20210808,173.0
irl,20210815,234.0
irl,20210822,277.0
irl,20210829,315.0
irl,20210905,293.0
irl,20210912,272.0
irl,20210919,241.0
irl,20210926,266.0
irl,20211003,258.0
irl,20211010,317.0
irl,20211017,386.0
irl,20211024,357.0
irl,20211031,407.0
irl,20211107,373.0
irl,20211114,510.0
irl,20211121,549.0
irl,20211128,443.0
isr,20200308,22.0
isr,20200315,187.0
isr,20200322,271.0
isr,20200329,532.0
isr,20200405,762.0
isr,20200412,473.0
isr,20200419,410.0
isr,20200426,210.0
isr,20200503,138.0
isr,20200510,92.0
isr,20200517,50.0
isr,20200524,30.0
isr,20200531,39.0
isr,20200607,73.0
isr,20200614,103.0
isr,20200621,203.0
isr,20200628,223.0
isr,20200705,442.0
isr,20200712,698.0
isr,20200719,868.0
isr,20200726,855.0
isr,20200802,847.0
isr,20200809,838.0
isr,20200816,834.0
isr,20200823,834.0
isr,20200830,923.0
isr,20200906,981.0
isr,20200913,1198.0
isr,20200920,1419.0
isr,20200927,1705.0
isr,20201004,1669.0
isr,20201011,1423.0
isr,20201018,932.0
isr,20201025,658.0
isr,20201101,444.0
isr,20201108,390.0
isr,20201115,384.0
isr,20201122,414.0
isr,20201129,426.0
isr,20201206,625.0
isr,20201213,721.0
isr,20201220,952.0
isr,20201227,1175.0
isr,20210103,1458.0
isr,20210110,1901.0
isr,20210117,1985.0
isr,20210124,1850.0
isr,20210131,1614.0
isr,20210207,1644.0
isr,20210214,1394.0
isr,20210221,1166.0
isr,20210228,1168.0
isr,20210307,1064.0
isr,20210314,860.0
isr,20210321,613.0
isr,20210328,370.0
isr,20210404,257.0
isr,20210411,197.0
isr,20210418,142.0
isr,20210425,86.0
isr,20210502,62.0
isr,20210509,58.0
isr,20210516,37.0
isr,20210523,42.0
isr,20210530,32.0
isr,20210606,28.0
isr,20210613,24.0
isr,20210620,19.0
isr,20210627,37.0
isr,20210704,67.0
isr,20210711,99.0
isr,20210718,178.0
isr,20210725,298.0
isr,20210801,514.0
isr,20210808,847.0
isr,20210815,1189.0
isr,20210822,1427.0
isr,20210829,1457.0
isr,20210905,1375.0
isr,20210912,1211.0
isr,20210919,1227.0
isr,20210926,995.0
isr,20211003,807.0
isr,20211010,523.0
isr,20211017,372.0
isr,20211024,242.0
isr,20211031,178.0
isr,20211107,107.0
isr,20211114,98.0
isr,20211121,85.0
isr,20211128,94.0
ita,20200223,478.0
ita,20200301,2272.0
ita,20200308,7169.0
ita,20200315,13086.0
ita,20200322,18445.0
ita,20200329,15351.0
ita,20200405,9437.0
ita,20200412,6508.0
ita,20200419,4636.0
ita,20200426,3754.0
ita,20200503,2318.0
ita,20200510,1716.0
ita,20200517,1224.0
ita,20200524,830.0
ita,20200531,643.0
ita,20200607,483.0
ita,20200614,459.0
ita,20200621,383.0
ita,20200628,392.0
ita,20200705,401.0
ita,20200712,347.0
ita,20200719,377.0
ita,20200726,403.0
ita,20200802,403.0
ita,20200809,451.0
ita,20200816,509.0
ita,20200823,688.0
ita,20200830,899.0
ita,20200906,1062.0
ita,20200913,1306.0
ita,20200920,1507.0
ita,20200927,1658.0
ita,20201004,2135.0
ita,20201011,3622.0
ita,20201018,6467.0
ita,20201025,10636.0
ita,20201101,14453.0
ita,20201108,17443.0
ita,20201115,17216.0
ita,20201122,15356.0
ita,20201129,12469.0
ita,20201206,10725.0
ita,20201213,9356.0
ita,20201220,8730.0
ita,20201227,8427.0
ita,20210103,9320.0
ita,20210110,9476.0
ita,20210117,8646.0
ita,20210124,7420.0
ita,20210131,6858.0
ita,20210207,6770.0
ita,20210214,6547.0
ita,20210221,7016.0
ita,20210228,8892.0
ita,20210307,11057.0
ita,20210314,12739.0
ita,20210321,13302.0
ita,20210328,12550.0
ita,20210404,11908.0
ita,20210411,9683.0
ita,20210418,7935.0
ita,20210425,7171.0
ita,20210502,6098.0
ita,20210509,4896.0
ita,20210516,3590.0
ita,20210523,2481.0
ita,20210530,1738.0
ita,20210606,1318.0
ita,20210613,992.0
ita,20210620,654.0
ita,20210627,510.0
ita,20210704,450.0
ita,20210711,524.0
ita,20210718,746.0
ita,20210725,1277.0
ita,20210801,1590.0
ita,20210808,2020.0
ita,20210815,2335.0
ita,20210822,2527.0
ita,20210829,2618.0
ita,20210905,2358.0
ita,20210912,2162.0
ita,20210919,1854.0
ita,20210926,1451.0
ita,20211003,1279.0
ita,20211010,1082.0
ita,20211017,1073.0
ita,20211024,1416.0
ita,20211031,1684.0
ita,20211107,1918.0
ita,20211114,2229.0
ita,20211121,2584.0
ita,20211128,2155.0
lva,20200106,0.0
lva,20200118,0.0
lva,20200124,0.0
lva,20200202,0.0
lva,20200209,0.0
lva,20200215,0.0
lva,20200223,0.0
lva,20200301,0.0
lva,20200308,3.0
lva,20200315,6.0
lva,20200322,16.0
lva,20200329,28.0
lva,20200405,27.0
lva,20200412,24.0
lva,20200419,18.0
lva,20200426,14.0
lva,20200503,9.0
lva,20200510,10.0
lva,20200517,10.0
lva,20200524,8.0
lva,20200531,4.0
lva,20200607,3.0
lva,20200614,3.0
lva,20200621,4.0
lva,20200628,2.0
lva,20200705,1.0
lva,20200712,1.0
lva,20200719,1.0
lva,20200726,1.0
lva,20200802,2.0
lva,20200809,5.0
lva,20200816,2.0
lva,20200823,5.0
lva,20200830,4.0
lva,20200906,5.0
lva,20200913,6.0
lva,20200920,7.0
lva,20200927,6.0
lva,20201004,25.0
lva,20201011,48.0
lva,20201018,51.0
lva,20201025,121.0
lva,20201101,192.0
lva,20201108,212.0
lva,20201115,275.0
lva,20201122,321.0
lva,20201129,473.0
lva,20201206,499.0
lva,20201213,636.0
lva,20201220,737.0
lva,20201227,784.0
lva,20210103,824.0
lva,20210110,918.0
lva,20210117,792.0
lva,20210124,732.0
lva,20210131,693.0
lva,20210207,630.0
lva,20210214,559.0
lva,20210221,486.0
lva,20210228,479.0
lva,20210307,508.0
lva,20210314,367.0
lva,20210321,410.0
lva,20210328,510.0
lva,20210404,422.0
lva,20210411,421.0
lva,20210418,427.0
lva,20210425,474.0
lva,20210502,451.0
lva,20210509,449.0
lva,20210516,450.0
lva,20210523,353.0
lva,20210530,263.0
lva,20210606,204.0
lva,20210613,180.0
lva,20210620,130.0
lva,20210627,87.0
lva,20210704,48.0
lva,20210711,47.0
lva,20210718,40.0
lva,20210725,24.0
lva,20210801,33.0
lva,20210808,44.0
lva,20210815,46.0
lva,20210822,43.0
lva,20210829,137.0
lva,20210905,139.0
lva,20210912,214.0
lva,20210919,282.0
lva,20210926,336.0
lva,20211003,458.0
lva,20211010,662.0
lva,20211017,955.0
lva,20211024,1181.0
lva,20211031,1161.0
lva,20211107,1142.0
lva,20211114,793.0
lva,20211121,596.0
lva,20211128,524.0
lie,20211114,4.0
lie,20211121,3.0
lie,20211128,8.0
lux,20200308,5.0
lux,20200315,8.0
lux,20200322,42.0
lux,20200329,112.0
lux,20200405,84.0
lux,20200412,40.0
lux,20200419,18.0
lux,20200426,7.0
lux,20200503,1.0
lux,20200510,1.0
lux,20200517,1.0
lux,20200607,1.0
lux,20200621,2.0
lux,20200628,1.0
lux,20200705,10.0
lux,20200712,20.0
lux,20200719,16.0
lux,20200726,26.0
lux,20200802,20.0
lux,20200809,19.0
lux,20200816,9.0
lux,20200823,9.0
lux,20200830,6.0
lux,20200906,5.0
lux,20200913,7.0
lux,20200920,6.0
lux,20200927,12.0
lux,20201004,15.0
lux,20201011,21.0
lux,20201018,25.0
lux,20201025,69.0
lux,20201101,128.0
lux,20201108,96.0
lux,20201115,100.0
lux,20201122,103.0
lux,20201129,99.0
lux,20201206,85.0
lux,20201213,110.0
lux,20201220,92.0
lux,20201227,74.0
lux,20210103,40.0
lux,20210110,35.0
lux,20210117,24.0
lux,20210124,20.0
lux,20210131,35.0
lux,20210207,26.0
lux,20210214,49.0
lux,20210221,47.0
lux,20210228,62.0
lux,20210307,72.0
lux,20210314,65.0
lux,20210321,72.0
lux,20210328,83.0
lux,20210404,73.0
lux,20210411,62.0
lux,20210418,48.0
lux,20210425,50.0
lux,20210502,51.0
lux,20210509,38.0
lux,20210516,22.0
lux,20210523,6.0
lux,20210530,11.0
lux,20210606,5.0
lux,20210613,7.0
lux,20210620,1.0
lux,20210627,3.0
lux,20210704,2.0
lux,20210711,11.0
lux,20210718,18.0
lux,20210725,15.0
lux,20210801,10.0
lux,20210808,7.0
lux,20210815,12.0
lux,20210822,15.0
lux,20210829,31.0
lux,20210905,21.0
lux,20210912,15.0
lux,20210919,15.0
lux,20210926,8.0
lux,20211003,10.0
lux,20211010,14.0
lux,20211017,9.0
lux,20211024,20.0
lux,20211031,27.0
lux,20211107,26.0
lux,20211114,24.0
lux,20211121,32.0
lux,20211128,40.0
mlt,20200308,0.0
mlt,20200315,7.0
mlt,20200322,4.0
mlt,20200329,4.0
mlt,20200405,7.0
mlt,20200412,14.0
mlt,20200419,2.0
mlt,20200426,0.0
mlt,20200503,1.0
mlt,20200510,1.0
mlt,20200517,1.0
mlt,20200524,4.0
mlt,20200531,3.0
mlt,20200607,0.0
mlt,20200614,1.0
mlt,20200621,1.0
mlt,20200628,1.0
mlt,20200705,0.0
mlt,20200712,0.0
mlt,20200719,0.0
mlt,20200726,0.0
mlt,20200802,5.0
mlt,20200809,8.0
mlt,20200816,12.0
mlt,20200823,14.0
mlt,20200830,4.0
mlt,20200906,18.0
mlt,20200913,20.0
mlt,20200920,24.0
mlt,20200927,16.0
mlt,20201004,21.0
mlt,20201011,31.0
mlt,20201018,46.0
mlt,20201025,40.0
mlt,20201101,74.0
mlt,20201108,75.0
mlt,20201115,103.0
mlt,20201122,104.0
mlt,20201129,87.0
mlt,20201206,89.0
mlt,20201213,42.0
mlt,20201220,34.0
mlt,20201227,26.0
mlt,20210103,29.0
mlt,20210110,39.0
mlt,20210117,48.0
mlt,20210124,21.0
mlt,20210131,26.0
mlt,20210207,28.0
mlt,20210214,42.0
mlt,20210221,40.0
mlt,20210228,22.0
mlt,20210307,68.0
mlt,20210314,67.0
mlt,20210321,41.0
mlt,20210328,20.0
mlt,20210404,32.0
mlt,20210411,30.0
mlt,20210418,30.0
mlt,20210425,13.0
mlt,20210502,22.0
mlt,20210509,7.0
mlt,20210516,4.0
mlt,20210523,2.0
mlt,20210530,2.0
mlt,20210606,1.0
mlt,20210613,0.0
mlt,20210620,0.0
mlt,20210627,0.0
mlt,20210704,5.0
mlt,20210711,10.0
mlt,20210718,17.0
mlt,20210725,12.0
mlt,20210801,17.0
mlt,20210808,26.0
mlt,20210815,25.0
mlt,20210822,18.0
mlt,20210829,15.0
mlt,20210905,13.0
mlt,20210912,6.0
mlt,20210919,7.0
mlt,20210926,6.0
mlt,20211003,3.0
mlt,20211010,3.0
mlt,20211017,0.0
mlt,20211024,7.0
mlt,20211031,4.0
mlt,20211107,3.0
mlt,20211114,4.0
mlt,20211121,6.0
mlt,20211128,8.0
nld,20200301,31.0
nld,20200308,107.0
nld,20200315,494.0
nld,20200322,1846.0
nld,20200329,3241.0
nld,20200405,2275.0
nld,20200412,1294.0
nld,20200419,744.0
nld,20200426,419.0
nld,20200503,250.0
nld,20200510,167.0
nld,20200517,90.0
nld,20200524,58.0
nld,20200531,55.0
nld,20200607,33.0
nld,20200614,24.0
nld,20200621,15.0
nld,20200628,14.0
nld,20200705,5.0
nld,20200712,9.0
nld,20200719,15.0
nld,20200726,26.0
nld,20200802,43.0
nld,20200809,58.0
nld,20200816,74.0
nld,20200823,45.0
nld,20200830,41.0
nld,20200906,117.0
nld,20200913,199.0
nld,20200920,396.0
nld,20200927,637.0
nld,20201004,836.0
nld,20201011,1218.0
nld,20201018,1607.0
nld,20201025,1947.0
nld,20201101,1970.0
nld,20201108,1682.0
nld,20201115,1487.0
nld,20201122,1305.0
nld,20201129,1120.0
nld,20201206,1168.0
nld,20201213,1385.0
nld,20201220,1715.0
nld,20201227,1956.0
nld,20210103,1959.0
nld,20210110,1681.0
nld,20210117,1471.0
nld,20210124,1399.0
nld,20210131,1275.0
nld,20210207,1170.0
nld,20210214,1172.0
nld,20210221,1181.0
nld,20210228,1171.0
nld,20210307,1187.0
nld,20210314,1305.0
nld,20210321,1492.0
nld,20210328,1613.0
nld,20210404,1709.0
nld,20210411,1763.0
nld,20210418,1657.0
nld,20210425,1823.0
nld,20210502,1776.0
nld,20210509,1473.0
nld,20210516,1235.0
nld,20210523,926.0
nld,20210530,554.0
nld,20210606,404.0
nld,20210613,242.0
nld,20210620,170.0
nld,20210627,94.0
nld,20210704,55.0
nld,20210711,91.0
nld,20210718,274.0
nld,20210725,570.0
nld,20210801,573.0
nld,20210808,436.0
nld,20210815,462.0
nld,20210822,423.0
nld,20210829,424.0
nld,20210905,421.0
nld,20210912,375.0
nld,20210919,309.0
nld,20210926,237.0
nld,20211003,274.0
nld,20211010,341.0
nld,20211017,463.0
nld,20211024,682.0
nld,20211031,997.0
nld,20211107,1268.0
nld,20211114,1552.0
nld,20211121,1937.0
nld,20211128,1969.0
nor,20200301,0.0
nor,20200308,2.0
nor,20200315,51.0
nor,20200322,191.0
nor,20200329,293.0
nor,20200405,201.0
nor,20200412,93.0
nor,20200419,67.0
nor,20200426,41.0
nor,20200503,16.0
nor,20200510,17.0
nor,20200517,11.0
nor,20200524,10.0
nor,20200531,10.0
nor,20200607,2.0
nor,20200614,8.0
nor,20200621,7.0
nor,20200628,13.0
nor,20200705,6.0
nor,20200712,2.0
nor,20200719,8.0
nor,20200726,3.0
nor,20200802,11.0
nor,20200809,16.0
nor,20200816,10.0
nor,20200823,12.0
nor,20200830,12.0
nor,20200906,12.0
nor,20200913,20.0
nor,20200920,23.0
nor,20200927,15.0
nor,20201004,23.0
nor,20201011,33.0
nor,20201018,22.0
nor,20201025,44.0
nor,20201101,55.0
nor,20201108,100.0
nor,20201115,112.0
nor,20201122,111.0
nor,20201129,97.0
nor,20201206,113.0
nor,20201213,82.0
nor,20201220,101.0
nor,20201227,79.0
nor,20210103,99.0
nor,20210110,93.0
nor,20210117,92.0
nor,20210124,93.0
nor,20210131,48.0
nor,20210207,35.0
nor,20210214,47.0
nor,20210221,62.0
nor,20210228,75.0
nor,20210307,107.0
nor,20210314,176.0
nor,20210321,232.0
nor,20210328,211.0
nor,20210404,213.0
nor,20210411,204.0
nor,20210418,174.0
nor,20210425,135.0
nor,20210502,70.0
nor,20210509,72.0
nor,20210516,67.0
nor,20210523,62.0
nor,20210530,52.0
nor,20210606,51.0
nor,20210613,30.0
nor,20210620,22.0
nor,20210627,20.0
nor,20210704,17.0
nor,20210711,18.0
nor,20210718,18.0
nor,20210725,19.0
nor,20210801,20.0
nor,20210808,35.0
nor,20210815,36.0
nor,20210822,49.0
nor,20210829,70.0
nor,20210905,69.0
nor,20210912,102.0
nor,20210919,78.0
nor,20210926,63.0
nor,20211003,61.0
nor,20211010,59.0
nor,20211017,63.0
nor,20211024,81.0
nor,20211031,116.0
nor,20211107,148.0
nor,20211114,166.0
nor,20211121,154.0
nor,20211128,156.0
prt,20200106,2.0
prt,20200118,9.0
prt,20200124,6.0
prt,20200202,10.0
prt,20200209,10.0
prt,20200215,16.0
prt,20200223,20.0
prt,20200301,29.0
prt,20200308,85.0
prt,20200315,178.0
prt,20200322,438.0
prt,20200329,703.0
prt,20200405,685.0
prt,20200412,466.0
prt,20200419,366.0
prt,20200426,270.0
prt,20200503,192.0
prt,20200510,167.0
prt,20200517,188.0
prt,20200524,171.0
prt,20200531,182.0
prt,20200607,135.0
prt,20200614,130.0
prt,20200621,151.0
prt,20200628,155.0
prt,20200705,124.0
prt,20200712,128.0
prt,20200719,123.0
prt,20200726,94.0
prt,20200802,88.0
prt,20200809,98.0
prt,20200816,76.0
prt,20200823,82.0
prt,20200830,99.0
prt,20200906,136.0
prt,20200913,160.0
prt,20200920,184.0
prt,20200927,171.0
prt,20201004,190.0
prt,20201011,210.0
prt,20201018,315.0
prt,20201025,412.0
prt,20201101,475.0
prt,20201108,502.0
prt,20201115,502.0
prt,20201122,549.0
prt,20201129,486.0
prt,20201206,501.0
prt,20201213,467.0
prt,20201220,416.0
prt,20201227,422.0
prt,20210103,685.0
prt,20210110,803.0
prt,20210117,889.0
prt,20210124,825.0
prt,20210131,783.0
prt,20210207,530.0
prt,20210214,425.0
prt,20210221,270.0
prt,20210228,175.0
prt,20210307,134.0
prt,20210314,103.0
prt,20210321,107.0
prt,20210328,77.0
prt,20210404,58.0
prt,20210411,52.0
prt,20210418,52.0
prt,20210425,47.0
prt,20210502,39.0
prt,20210509,44.0
prt,20210516,45.0
prt,20210523,41.0
prt,20210530,39.0
prt,20210606,39.0
prt,20210613,55.0
prt,20210620,89.0
prt,20210627,97.0
prt,20210704,95.0
prt,20210711,115.0
prt,20210718,121.0
prt,20210725,157.0
prt,20210801,147.0
prt,20210808,142.0
prt,20210815,135.0
prt,20210822,122.0
prt,20210829,128.0
prt,20210905,124.0
prt,20210912,91.0
prt,20210919,36.0
prt,20210926,61.0
prt,20211003,57.0
prt,20211010,68.0
prt,20211017,44.0
prt,20211024,70.0
prt,20211031,85.0
prt,20211107,64.0
prt,20211114,112.0
prt,20211121,105.0
prt,20211128,97.0
svn,20200322,41.0
svn,20200329,76.0
svn,20200405,52.0
svn,20200412,56.0
svn,20200419,45.0
svn,20200426,24.0
svn,20200503,18.0
svn,20200510,7.0
svn,20200517,4.0
svn,20200524,0.0
svn,20200531,1.0
svn,20200607,1.0
svn,20200614,1.0
svn,20200621,3.0
svn,20200628,3.0
svn,20200705,4.0
svn,20200712,15.0
svn,20200719,11.0
svn,20200726,19.0
svn,20200802,9.0
svn,20200809,13.0
svn,20200816,12.0
svn,20200823,11.0
svn,20200830,15.0
svn,20200906,17.0
svn,20200913,30.0
svn,20200920,54.0
svn,20200927,71.0
svn,20201004,84.0
svn,20201011,131.0
svn,20201018,233.0
svn,20201025,464.0
svn,20201101,696.0
svn,20201108,900.0
svn,20201115,882.0
svn,20201122,731.0
svn,20201129,853.0
svn,20201206,815.0
svn,20201213,847.0
svn,20201220,722.0
svn,20201227,683.0
svn,20210103,745.0
svn,20210110,738.0
svn,20210117,742.0
svn,20210124,690.0
svn,20210131,574.0
svn,20210207,494.0
svn,20210214,367.0
svn,20210221,277.0
svn,20210228,314.0
svn,20210307,314.0
svn,20210314,266.0
svn,20210321,323.0
svn,20210328,367.0
svn,20210404,395.0
svn,20210411,447.0
svn,20210418,426.0
svn,20210425,403.0
svn,20210502,363.0
svn,20210509,279.0
svn,20210516,233.0
svn,20210523,160.0
svn,20210530,121.0
svn,20210606,97.0
svn,20210613,83.0
svn,20210620,50.0
svn,20210627,27.0
svn,20210704,25.0
svn,20210711,18.0
svn,20210718,8.0
svn,20210725,15.0
svn,20210801,14.0
svn,20210808,20.0
svn,20210815,39.0
svn,20210822,58.0
svn,20210829,136.0
svn,20210905,182.0
svn,20210912,222.0
svn,20210919,259.0
svn,20210926,276.0
svn,20211003,303.0
svn,20211010,264.0
svn,20211017,256.0
svn,20211024,353.0
svn,20211031,523.0
svn,20211107,647.0
svn,20211114,716.0
svn,20211121,730.0
svn,20211128,681.0
zaf,20200502,269.0
zaf,20200509,390.0
zaf,20200516,462.0
zaf,20200523,1081.0
zaf,20200530,1426.0
zaf,20200606,1991.0
zaf,20200613,2328.0
zaf,20200620,3025.0
zaf,20200627,4344.0
zaf,20200704,5940.0
zaf,20200711,7241.0
zaf,20200718,8256.0
zaf,20200725,8864.0
zaf,20200801,8608.0
zaf,20200808,7342.0
zaf,20200815,6023.0
zaf,20200822,4482.0
zaf,20200829,3720.0
zaf,20200905,2912.0
zaf,20200912,2506.0
zaf,20200919,2271.0
zaf,20200926,1969.0
zaf,20201003,1863.0
zaf,20201010,1700.0
zaf,20201017,1912.0
zaf,20201024,1882.0
zaf,20201031,1998.0
zaf,20201107,2091.0
zaf,20201114,2172.0
zaf,20201121,2512.0
zaf,20201128,3131.0
zaf,20201205,3820.0
zaf,20201212,5022.0
zaf,20201219,7541.0
zaf,20201226,10079.0
zaf,20210102,12863.0
zaf,20210109,16077.0
zaf,20210116,16857.0
zaf,20210123,11889.0
zaf,20210130,7328.0
zaf,20210206,5284.0
zaf,20210213,3922.0
zaf,20210220,3025.0
zaf,20210227,2435.0
zaf,20210306,2133.0
zaf,20210313,1946.0
zaf,20210320,1912.0
zaf,20210327,1758.0
zaf,20210403,1666.0
zaf,20210410,1761.0
zaf,20210417,1971.0
zaf,20210424,2173.0
zaf,20210501,2246.0
zaf,20210508,2577.0
zaf,20210515,2970.0
zaf,20210522,3667.0
zaf,20210529,4418.0
zaf,20210605,4982.0
zaf,20210612,6530.0
zaf,20210619,8083.0
zaf,20210626,10635.0
zaf,20210703,12719.0
zaf,20210710,14728.0
zaf,20210717,14282.0
zaf,20210724,13144.0
zaf,20210731,11520.0
zaf,20210807,10402.0
zaf,20210814,9503.0
zaf,20210821,9825.0
zaf,20210828,8602.0
zaf,20210904,6894.0
zaf,20210911,5487.0
zaf,20210918,3836.0
zaf,20210925,2528.0
zaf,20211002,2035.0
zaf,20211009,1450.0
zaf,20211016,1139.0
zaf,20211023,826.0
zaf,20211030,592.0
zaf,20211106,547.0
zaf,20211113,528.0
zaf,20211120,602.0
zaf,20211127,1027.0
esp,20200106,41.0
esp,20200118,51.0
esp,20200124,59.0
esp,20200202,82.0
esp,20200209,89.0
esp,20200215,119.0
esp,20200223,222.0
esp,20200301,391.0
esp,20200308,1562.0
esp,20200315,6833.0
esp,20200322,21433.0
esp,20200329,30907.0
esp,20200405,19272.0
esp,20200412,11475.0
esp,20200419,6602.0
esp,20200426,3656.0
esp,20200503,2205.0
esp,20200510,1625.0
esp,20200517,836.0
esp,20200524,526.0
esp,20200531,440.0
esp,20200607,380.0
esp,20200614,273.0
esp,20200621,232.0
esp,20200628,239.0
esp,20200705,231.0
esp,20200712,293.0
esp,20200719,488.0
esp,20200726,710.0
esp,20200802,1257.0
esp,20200809,1839.0
esp,20200816,2881.0
esp,20200823,3889.0
esp,20200830,4748.0
esp,20200906,5193.0
esp,20200913,6090.0
esp,20200920,6506.0
esp,20200927,6120.0
esp,20201004,5591.0
esp,20201011,5999.0
esp,20201018,6875.0
esp,20201025,8828.0
esp,20201101,10019.0
esp,20201108,10065.0
esp,20201115,9399.0
esp,20201122,7540.0
esp,20201129,5751.0
esp,20201206,4624.0
esp,20201213,4387.0
esp,20201220,4863.0
esp,20201227,5077.0
esp,20210103,6201.0
esp,20210110,8818.0
esp,20210117,14057.0
esp,20210124,17579.0
esp,20210131,16004.0
esp,20210207,11712.0
esp,20210214,7534.0
esp,20210221,5025.0
esp,20210228,3905.0
esp,20210307,3342.0
esp,20210314,3225.0
esp,20210321,3064.0
esp,20210328,3501.0
esp,20210404,3971.0
esp,20210411,4728.0
esp,20210418,5099.0
esp,20210425,4837.0
esp,20210502,4345.0
esp,20210509,3527.0
esp,20210516,2773.0
esp,20210523,2229.0
esp,20210530,2068.0
esp,20210606,1758.0
esp,20210613,1517.0
esp,20210620,1192.0
esp,20210627,1130.0
esp,20210704,1459.0
esp,20210711,2463.0
esp,20210718,4342.0
esp,20210725,6213.0
esp,20210801,6275.0
esp,20210808,5644.0
esp,20210815,4762.0
esp,20210822,3778.0
esp,20210829,3016.0
esp,20210905,2254.0
esp,20210912,1563.0
esp,20210919,1152.0
esp,20210926,859.0
esp,20211003,677.0
esp,20211010,616.0
esp,20211017,744.0
esp,20211024,734.0
esp,20211031,790.0
esp,20211107,904.0
esp,20211114,1095.0
esp,20211121,1353.0
esp,20211128,1145.0
che,20200301,52.0
che,20200308,111.0
che,20200315,351.0
che,20200322,839.0
che,20200329,1174.0
che,20200405,673.0
che,20200412,378.0
che,20200419,224.0
che,20200426,107.0
che,20200503,66.0
che,20200510,31.0
che,20200517,25.0
che,20200524,15.0
che,20200531,19.0
che,20200607,5.0
che,20200614,8.0
che,20200621,17.0
che,20200628,17.0
che,20200705,38.0
che,20200712,55.0
che,20200719,36.0
che,20200726,59.0
che,20200802,62.0
che,20200809,49.0
che,20200816,53.0
che,20200823,51.0
che,20200830,44.0
che,20200906,75.0
che,20200913,100.0
che,20200920,107.0
che,20200927,114.0
che,20201004,164.0
che,20201011,286.0
che,20201018,649.0
che,20201025,1217.0
che,20201101,1632.0
che,20201108,1688.0
che,20201115,1536.0
che,20201122,1322.0
che,20201129,1204.0
che,20201206,1160.0
che,20201213,1216.0
che,20201220,1143.0
che,20201227,1096.0
che,20210103,1137.0
che,20210110,956.0
che,20210117,688.0
che,20210124,542.0
che,20210131,466.0
che,20210207,423.0
che,20210214,329.0
che,20210221,313.0
che,20210228,292.0
che,20210307,342.0
che,20210314,357.0
che,20210321,411.0
che,20210328,467.0
che,20210404,541.0
che,20210411,510.0
che,20210418,490.0
che,20210425,487.0
che,20210502,461.0
che,20210509,336.0
che,20210516,237.0
che,20210523,251.0
che,20210530,149.0
che,20210606,120.0
che,20210613,77.0
che,20210620,48.0
che,20210627,29.0
che,20210704,17.0
che,20210711,28.0
che,20210718,62.0
che,20210725,87.0
che,20210801,121.0
che,20210808,181.0
che,20210815,380.0
che,20210822,528.0
che,20210829,490.0
che,20210905,413.0
che,20210912,362.0
che,20210919,314.0
che,20210926,250.0
che,20211003,171.0
che,20211010,161.0
che,20211017,156.0
che,20211024,177.0
che,20211031,229.0
che,20211107,283.0
che,20211114,366.0
che,20211121,493.0
che,20211128,534.0
gbr,20200329,13917.0
gbr,20200405,21645.0
gbr,20200412,18483.0
gbr,20200419,13395.0
gbr,20200426,10623.0
gbr,20200503,9618.0
gbr,20200510,7537.0
gbr,20200517,6364.0
gbr,20200524,5393.0
gbr,20200531,4428.0
gbr,20200607,3761.0
gbr,20200614,3009.0
gbr,20200621,2614.0
gbr,20200628,2287.0
gbr,20200705,1616.0
gbr,20200712,1309.0
gbr,20200719,1084.0
gbr,20200726,1002.0
gbr,20200802,853.0
gbr,20200809,846.0
gbr,20200816,716.0
gbr,20200823,700.0
gbr,20200830,825.0
gbr,20200906,943.0
gbr,20200913,1432.0
gbr,20200920,1892.0
gbr,20200927,2650.0
gbr,20201004,3563.0
gbr,20201011,5019.0
gbr,20201018,7004.0
gbr,20201025,8836.0
gbr,20201101,10472.0
gbr,20201108,11051.0
gbr,20201115,12454.0
gbr,20201122,11469.0
gbr,20201129,10017.0
gbr,20201206,10168.0
gbr,20201213,12200.0
gbr,20201220,14276.0
gbr,20201227,16794.0
gbr,20210103,23060.0
gbr,20210110,28804.0
gbr,20210117,28595.0
gbr,20210124,25535.0
gbr,20210131,19755.0
gbr,20210207,15339.0
gbr,20210214,11553.0
gbr,20210221,9277.0
gbr,20210228,6608.0
gbr,20210307,4847.0
gbr,20210314,3645.0
gbr,20210321,2944.0
gbr,20210328,2261.0
gbr,20210404,1668.0
gbr,20210411,1501.0
gbr,20210418,1204.0
gbr,20210425,1028.0
gbr,20210502,845.0
gbr,20210509,786.0
gbr,20210516,707.0
gbr,20210523,848.0
gbr,20210530,892.0
gbr,20210606,944.0
gbr,20210613,1340.0
gbr,20210620,1591.0
gbr,20210627,1795.0
gbr,20210704,2716.0
gbr,20210711,3977.0
gbr,20210718,5221.0
gbr,20210725,6331.0
gbr,20210801,5707.0
gbr,20210808,5455.0
gbr,20210815,5744.0
gbr,20210822,6271.0
gbr,20210829,6616.0
gbr,20210905,6845.0
gbr,20210912,7013.0
gbr,20210919,5971.0
gbr,20210926,5215.0
gbr,20211003,5182.0
gbr,20211010,5530.0
gbr,20211017,6426.0
gbr,20211024,7096.0
gbr,20211031,7334.0
gbr,20211107,6575.0
gbr,20211114,6388.0
gbr,20211121,5652.0
gbr,20211128,5282.0
usa,20200726,33650.0
usa,20200802,38563.0
usa,20200809,33016.0
usa,20200816,31672.0
usa,20200823,30417.0
usa,20200830,29928.0
usa,20200906,27094.0
usa,20200913,28408.0
usa,20200920,24023.0
usa,20200927,24876.0
usa,20201004,27606.0
usa,20201011,33668.0
usa,20201018,36996.0
usa,20201025,41402.0
usa,20201101,47052.0
usa,20201108,57429.0
usa,20201115,71638.0
usa,20201122,82545.0
usa,20201129,87382.0
usa,20201206,94877.0
usa,20201213,101588.0
usa,20201220,104869.0
usa,20201227,106216.0
usa,20210103,112069.0
usa,20210110,116243.0
usa,20210117,108767.0
usa,20210124,94451.0
usa,20210131,80527.0
usa,20210207,69310.0
usa,20210214,55811.0
usa,20210221,46410.0
usa,20210228,41679.0
usa,20210307,35566.0
usa,20210314,33645.0
usa,20210321,32999.0
usa,20210328,34984.0
usa,20210404,36124.0
usa,20210411,39199.0
usa,20210418,39889.0
usa,20210425,37096.0
usa,20210502,33736.0
usa,20210509,30187.0
usa,20210516,25801.0
usa,20210523,22858.0
usa,20210530,19930.0
usa,20210606,16357.0
usa,20210613,14824.0
usa,20210620,13424.0
usa,20210627,13373.0
usa,20210704,14577.0
usa,20210711,17910.0
usa,20210718,24073.0
usa,20210725,35063.0
usa,20210801,50363.0
usa,20210808,66807.0
usa,20210815,79727.0
usa,20210822,86343.0
usa,20210829,86871.0
usa,20210905,85528.0
usa,20210912,80379.0
usa,20210919,72079.0
usa,20210926,62300.0
usa,20211003,53745.0
usa,20211010,49149.0
usa,20211017,44461.0
usa,20211024,39514.0
usa,20211031,36673.0
usa,20211107,35721.0
usa,20211114,38111.0
usa,20211121,41831.0
usa,20211128,44991.0
