location,date,excess_mortality_cumulative
alb,20200229,-4.34
alb,20200331,-2.59
alb,20200430,-1.17
alb,20200531,0.24
alb,20200630,1.65
alb,20200731,4.59
alb,20200831,9.33
alb,20200930,11.3
alb,20201031,14.44
alb,20201130,23.8
alb,20201231,26.67
alb,20210131,26.23
alb,20210228,31.05
alb,20210331,32.34
alb,20210430,32.72
alb,20210531,31.53
alb,20210630,29.68
alb,20210731,28.36
alb,20210831,28.03
alb,20210930,28.63
and,20200331,16.84
and,20200430,43.22
and,20200531,46.81
and,20200630,39.69
and,20200731,34.91
and,20200831,28.08
and,20200930,25.92
and,20201031,31.99
and,20201130,26.76
and,20201231,27.2
atg,20200331,-3.27
atg,20200430,-2.65
atg,20200531,-1.79
atg,20200630,-4.4
atg,20200731,-4.13
atg,20200831,-7.14
atg,20200930,-7.94
atg,20201031,-8.32
atg,20201130,-8.2
atg,20201231,-9.15
arg,20200131,-2.94
arg,20200229,-0.59
arg,20200331,-0.75
arg,20200430,-1.45
arg,20200531,-2.46
arg,20200630,-4.51
arg,20200731,-2.89
arg,20200831,-0.2
arg,20200930,3.98
arg,20201031,8.66
arg,20201130,11.2
arg,20201231,12.45
arm,20200331,2.2
arm,20200430,2.54
arm,20200531,1.98
arm,20200630,8.72
arm,20200731,12.22
arm,20200831,11.8
arm,20200930,12.72
arm,20201031,19.47
arm,20201130,34.5
arm,20201231,39.55
arm,20210131,37.69
arm,20210228,35.49
arm,20210331,34.59
arm,20210430,36.22
arm,20210531,35.55
arm,20210630,34.68
arm,20210731,33.55
arm,20210831,32.73
arm,20210930,33.5
arm,20211031,35.29
aus,20200126,-0.64
aus,20200202,-0.61
aus,20200209,-0.46
aus,20200216,0.06
aus,20200223,0.35
aus,20200301,0.85
aus,20200308,0.79
aus,20200315,0.85
aus,20200322,1.13
aus,20200329,1.6
aus,20200405,2.2
aus,20200412,2.42
aus,20200419,2.32
aus,20200426,2.33
aus,20200503,2.15
aus,20200510,2.05
aus,20200517,1.73
aus,20200524,1.53
aus,20200531,1.28
aus,20200607,0.88
aus,20200614,0.58
aus,20200621,0.18
aus,20200628,-0.25
aus,20200705,-0.61
aus,20200712,-0.9
aus,20200719,-1.27
aus,20200726,-1.49
aus,20200802,-1.6
aus,20200809,-1.72
aus,20200816,-1.75
aus,20200823,-1.99
aus,20200830,-2.23
aus,20200906,-2.38
aus,20200913,-2.53
aus,20200920,-2.72
aus,20200927,-2.74
aus,20201004,-2.76
aus,20201011,-2.84
aus,20201018,-2.9
aus,20201025,-2.94
aus,20201101,-2.94
aus,20201108,-2.89
aus,20201115,-2.75
aus,20201122,-2.73
aus,20201129,-2.73
aus,20201206,-2.6
aus,20201213,-2.57
aus,20201220,-2.5
aus,20201227,-2.38
aus,20210103,-2.32
aus,20210110,-2.32
aus,20210117,-2.34
aus,20210124,-2.23
aus,20210131,-2.21
aus,20210207,-2.13
aus,20210214,-2.09
aus,20210221,-2.12
aus,20210228,-1.98
aus,20210307,-1.93
aus,20210314,-1.81
aus,20210321,-1.75
aus,20210328,-1.72
aus,20210404,-1.68
aus,20210411,-1.61
aus,20210418,-1.52
aus,20210425,-1.43
aus,20210502,-1.28
aus,20210509,-1.08
aus,20210516,-0.99
aus,20210523,-0.94
aus,20210530,-0.83
aus,20210606,-0.8
aus,20210613,-0.72
aus,20210620,-0.61
aus,20210627,-0.58
aus,20210704,-0.53
aus,20210711,-0.54
aus,20210718,-0.53
aus,20210725,-0.51
aus,20210801,-0.47
aus,20210808,-0.51
aus,20210815,-0.55
aus,20210822,-0.59
aus,20210829,-0.6
aut,20200301,-4.55
aut,20200308,-4.26
aut,20200315,-3.96
aut,20200322,-2.65
aut,20200329,-2.03
aut,20200405,-1.0
aut,20200412,-0.08
aut,20200419,0.5
aut,20200426,0.81
aut,20200503,0.76
aut,20200510,0.92
aut,20200517,0.9
aut,20200524,0.97
aut,20200531,0.89
aut,20200607,1.01
aut,20200614,0.97
aut,20200621,0.9
aut,20200628,0.92
aut,20200705,1.13
aut,20200712,1.07
aut,20200719,0.93
aut,20200726,0.79
aut,20200802,0.77
aut,20200809,0.72
aut,20200816,0.95
aut,20200823,0.96
aut,20200830,1.04
aut,20200906,1.23
aut,20200913,1.41
aut,20200920,1.59
aut,20200927,1.62
aut,20201004,1.67
aut,20201011,1.76
aut,20201018,1.87
aut,20201025,2.2
aut,20201101,2.68
aut,20201108,3.29
aut,20201115,4.21
aut,20201122,5.28
aut,20201129,6.34
aut,20201206,7.41
aut,20201213,8.34
aut,20201220,8.9
aut,20201227,9.17
aut,20210103,9.28
aut,20210110,9.24
aut,20210117,9.13
aut,20210124,9.18
aut,20210131,9.2
aut,20210207,9.05
aut,20210214,8.77
aut,20210221,8.49
aut,20210228,8.16
aut,20210307,7.76
aut,20210314,7.61
aut,20210321,7.45
aut,20210328,7.37
aut,20210404,7.36
aut,20210411,7.31
aut,20210418,7.32
aut,20210425,7.36
aut,20210502,7.45
aut,20210509,7.5
aut,20210516,7.54
aut,20210523,7.48
aut,20210530,7.43
aut,20210606,7.49
aut,20210613,7.51
aut,20210620,7.53
aut,20210627,7.63
aut,20210704,7.62
aut,20210711,7.54
aut,20210718,7.51
aut,20210725,7.5
aut,20210801,7.43
aut,20210808,7.3
aut,20210815,7.36
aut,20210822,7.39
aut,20210829,7.4
aut,20210905,7.4
aut,20210912,7.49
aut,20210919,7.51
aut,20210926,7.53
aut,20211003,7.58
aut,20211010,7.56
aut,20211017,7.54
aut,20211024,7.6
aut,20211031,7.76
aut,20211107,7.95
aut,20211114,8.21
aut,20211121,8.48
aze,20200331,6.69
aze,20200430,2.78
aze,20200531,0.38
aze,20200630,7.2
aze,20200731,10.74
aze,20200831,10.66
aze,20200930,10.38
aze,20201031,12.14
aze,20201130,18.39
aze,20201231,34.01
aze,20210131,35.36
aze,20210228,33.27
aze,20210331,32.48
aze,20210430,33.57
aze,20210531,32.44
aze,20210630,31.99
aze,20210731,30.52
aze,20210831,31.06
aze,20210930,33.12
blr,20200229,-5.19
blr,20200331,-3.92
blr,20200430,-1.59
blr,20200531,1.79
blr,20200630,7.34
blr,20200731,8.03
blr,20200831,8.47
blr,20200930,9.24
blr,20201031,10.51
blr,20201130,15.0
blr,20201231,19.78
blr,20210131,21.55
blr,20210228,21.87
blr,20210331,20.45
bel,20200209,-6.63
bel,20200216,-6.89
bel,20200223,-6.94
bel,20200301,-7.46
bel,20200308,-7.67
bel,20200315,-7.4
bel,20200322,-6.0
bel,20200329,-2.48
bel,20200405,3.35
bel,20200412,9.32
bel,20200419,13.2
bel,20200426,15.07
bel,20200503,15.36
bel,20200510,15.48
bel,20200517,14.96
bel,20200524,14.58
bel,20200531,14.13
bel,20200607,13.48
bel,20200614,13.09
bel,20200621,12.46
bel,20200628,12.18
bel,20200705,11.35
bel,20200712,10.72
bel,20200719,10.33
bel,20200726,9.73
bel,20200802,9.56
bel,20200809,9.56
bel,20200816,10.77
bel,20200823,10.92
bel,20200830,10.61
bel,20200906,10.42
bel,20200913,10.13
bel,20200920,10.05
bel,20200927,9.83
bel,20201004,9.55
bel,20201011,9.38
bel,20201018,9.34
bel,20201025,9.85
bel,20201101,11.06
bel,20201108,12.62
bel,20201115,13.81
bel,20201122,14.61
bel,20201129,15.1
bel,20201206,15.31
bel,20201213,15.53
bel,20201220,15.66
bel,20201227,15.68
bel,20210103,15.56
bel,20210110,15.31
bel,20210117,14.97
bel,20210124,14.68
bel,20210131,14.41
bel,20210207,13.94
bel,20210214,13.46
bel,20210221,13.04
bel,20210228,12.54
bel,20210307,11.91
bel,20210314,11.48
bel,20210321,11.12
bel,20210328,10.79
bel,20210404,10.63
bel,20210411,10.54
bel,20210418,10.45
bel,20210425,10.42
bel,20210502,10.4
bel,20210509,10.43
bel,20210516,10.32
bel,20210523,10.23
bel,20210530,10.12
bel,20210606,10.03
bel,20210613,9.92
bel,20210620,9.88
bel,20210627,9.68
bel,20210704,9.59
bel,20210711,9.36
bel,20210718,9.29
bel,20210725,9.24
bel,20210801,9.08
bel,20210808,8.98
bel,20210815,8.89
bel,20210822,8.79
bel,20210829,8.68
bel,20210905,8.62
bel,20210912,8.62
bel,20210919,8.55
bel,20210926,8.47
bel,20211003,8.4
bel,20211010,8.36
bel,20211017,8.37
bel,20211024,8.45
bel,20211031,8.53
bel,20211107,8.58
bel,20211114,8.64
blz,20200331,-2.56
blz,20200430,-5.51
blz,20200531,-5.43
blz,20200630,-4.03
blz,20200731,-4.02
blz,20200831,-4.01
blz,20200930,-4.75
blz,20201031,-3.01
blz,20201130,1.87
blz,20201231,6.28
bol,20200331,5.79
bol,20200430,-2.56
bol,20200531,-2.64
bol,20200630,11.61
bol,20200731,46.29
bol,20200831,57.75
bol,20200930,53.84
bol,20201031,49.76
bol,20201130,46.3
bol,20201231,42.92
bol,20210131,47.68
bol,20210228,48.87
bol,20210331,47.98
bol,20210430,46.68
bol,20210531,49.04
bol,20210630,52.94
bol,20210731,53.95
bol,20210831,53.32
bol,20210930,52.05
bih,20200331,-10.98
bih,20200430,-6.96
bih,20200531,-6.04
bih,20200630,-4.16
bih,20200731,-2.43
bih,20200831,-0.21
bih,20200930,2.71
bih,20201031,4.07
bih,20201130,11.18
bih,20201231,18.22
bih,20210131,16.79
bih,20210228,15.81
bih,20210331,17.73
bih,20210430,22.82
bih,20210531,23.85
bih,20210630,23.58
bra,20200229,3.31
bra,20200331,4.42
bra,20200430,6.24
bra,20200531,11.5
bra,20200630,12.87
bra,20200731,13.81
bra,20200831,14.81
bra,20200930,14.92
bra,20201031,15.01
bra,20201130,15.12
bra,20201231,15.95
bra,20210131,17.17
bra,20210228,18.24
bra,20210331,22.49
bra,20210430,26.19
bra,20210531,27.62
bra,20210630,28.9
bra,20210731,29.01
bra,20210831,28.9
bra,20210930,28.34
bra,20211031,27.37
bgr,20200308,-6.04
bgr,20200315,-5.95
bgr,20200322,-5.84
bgr,20200329,-5.57
bgr,20200405,-5.43
bgr,20200412,-5.18
bgr,20200419,-4.95
bgr,20200426,-4.82
bgr,20200503,-4.84
bgr,20200510,-4.84
bgr,20200517,-4.32
bgr,20200524,-4.26
bgr,20200531,-4.36
bgr,20200607,-4.15
bgr,20200614,-3.93
bgr,20200621,-3.82
bgr,20200628,-3.74
bgr,20200705,-3.18
bgr,20200712,-2.87
bgr,20200719,-2.79
bgr,20200726,-2.66
bgr,20200802,-2.24
bgr,20200809,-1.96
bgr,20200816,-1.72
bgr,20200823,-1.54
bgr,20200830,-1.31
bgr,20200906,-1.08
bgr,20200913,-0.9
bgr,20200920,-0.81
bgr,20200927,-0.72
bgr,20201004,-0.63
bgr,20201011,-0.48
bgr,20201018,-0.33
bgr,20201025,0.06
bgr,20201101,0.8
bgr,20201108,2.03
bgr,20201115,3.94
bgr,20201122,6.28
bgr,20201129,8.84
bgr,20201206,11.25
bgr,20201213,13.15
bgr,20201220,14.53
bgr,20201227,15.06
bgr,20210103,15.31
bgr,20210110,15.01
bgr,20210117,14.61
bgr,20210124,14.31
bgr,20210131,13.98
bgr,20210207,13.65
bgr,20210214,13.46
bgr,20210221,13.38
bgr,20210228,13.38
bgr,20210307,13.52
bgr,20210314,13.87
bgr,20210321,14.53
bgr,20210328,15.41
bgr,20210404,16.55
bgr,20210411,17.47
bgr,20210418,18.38
bgr,20210425,19.06
bgr,20210502,19.54
bgr,20210509,19.81
bgr,20210516,19.9
bgr,20210523,19.91
bgr,20210530,19.8
bgr,20210606,19.66
bgr,20210613,19.52
bgr,20210620,19.35
bgr,20210627,19.33
bgr,20210704,19.22
bgr,20210711,19.13
bgr,20210718,19.01
bgr,20210725,18.84
bgr,20210801,18.7
bgr,20210808,18.66
bgr,20210815,18.63
bgr,20210822,18.56
bgr,20210829,18.65
bgr,20210905,18.83
bgr,20210912,19.09
bgr,20210919,19.48
bgr,20210926,19.8
bgr,20211003,20.16
bgr,20211010,20.53
bgr,20211017,21.03
bgr,20211024,21.69
bgr,20211031,22.45
bgr,20211107,23.21
bgr,20211114,23.92
bgr,20211121,24.55
can,20200126,-2.28
can,20200202,-2.57
can,20200209,-2.63
can,20200216,-3.04
can,20200223,-3.38
can,20200301,-3.33
can,20200308,-3.33
can,20200315,-3.3
can,20200322,-2.97
can,20200329,-2.56
can,20200405,-1.71
can,20200412,-0.54
can,20200419,0.51
can,20200426,1.82
can,20200503,2.93
can,20200510,3.62
can,20200517,4.08
can,20200524,4.37
can,20200531,4.66
can,20200607,4.71
can,20200614,4.51
can,20200621,4.43
can,20200628,4.34
can,20200705,4.16
can,20200712,4.16
can,20200719,4.13
can,20200726,4.08
can,20200802,4.01
can,20200809,3.93
can,20200816,3.97
can,20200823,4.0
can,20200830,3.92
can,20200906,3.92
can,20200913,3.87
can,20200920,3.87
can,20200927,3.95
can,20201004,3.95
can,20201011,3.97
can,20201018,3.93
can,20201025,3.91
can,20201101,3.91
can,20201108,4.08
can,20201115,4.2
can,20201122,4.29
can,20201129,4.44
can,20201206,4.63
can,20201213,4.8
can,20201220,4.9
can,20201227,5.03
can,20210103,5.18
can,20210110,5.16
can,20210117,5.12
can,20210124,5.06
can,20210131,5.01
can,20210207,4.98
can,20210214,4.84
can,20210221,4.69
can,20210228,4.53
can,20210307,4.39
can,20210314,4.2
can,20210321,4.01
can,20210328,3.85
can,20210404,3.7
can,20210411,3.61
can,20210418,3.52
can,20210425,3.43
can,20210502,3.41
can,20210509,3.37
can,20210516,3.33
can,20210523,3.33
can,20210530,3.24
can,20210606,3.23
can,20210613,3.17
can,20210620,3.13
can,20210627,3.07
can,20210704,3.18
can,20210711,3.09
chl,20200223,1.3
chl,20200301,1.24
chl,20200308,1.16
chl,20200315,1.27
chl,20200322,1.65
chl,20200329,1.83
chl,20200405,2.09
chl,20200412,1.84
chl,20200419,2.01
chl,20200426,1.95
chl,20200503,1.88
chl,20200510,2.58
chl,20200517,3.23
chl,20200524,4.65
chl,20200531,6.9
chl,20200607,9.77
chl,20200614,12.29
chl,20200621,14.06
chl,20200628,15.23
chl,20200705,15.61
chl,20200712,15.84
chl,20200719,15.69
chl,20200726,15.46
chl,20200802,15.22
chl,20200809,14.92
chl,20200816,14.57
chl,20200823,14.5
chl,20200830,14.38
chl,20200906,14.07
chl,20200913,13.88
chl,20200920,13.62
chl,20200927,13.44
chl,20201004,13.32
chl,20201011,13.34
chl,20201018,13.3
chl,20201025,13.29
chl,20201101,13.25
chl,20201108,13.19
chl,20201115,13.06
chl,20201122,12.95
chl,20201129,12.91
chl,20201206,12.9
chl,20201213,12.85
chl,20201220,12.79
chl,20201227,12.92
chl,20210103,13.0
chl,20210110,13.15
chl,20210117,13.36
chl,20210124,13.75
chl,20210131,13.98
chl,20210207,14.27
chl,20210214,14.51
chl,20210221,14.75
chl,20210228,15.02
chl,20210307,15.41
chl,20210314,15.78
chl,20210321,16.06
chl,20210328,16.46
chl,20210404,16.88
chl,20210411,17.27
chl,20210418,17.62
chl,20210425,17.84
chl,20210502,18.08
chl,20210509,18.28
chl,20210516,18.51
chl,20210523,18.78
chl,20210530,19.04
chl,20210606,19.22
chl,20210613,19.39
chl,20210620,19.51
chl,20210627,19.62
chl,20210704,19.8
chl,20210711,19.89
chl,20210718,19.95
chl,20210725,19.87
chl,20210801,19.76
chl,20210808,19.6
chl,20210815,19.49
chl,20210822,19.4
chl,20210829,19.18
chl,20210905,19.0
chl,20210912,18.82
chl,20210919,18.68
chl,20210926,18.49
chl,20211003,18.3
chl,20211010,18.19
chl,20211017,18.13
chl,20211024,18.02
chl,20211031,18.01
chl,20211107,17.93
chl,20211114,17.93
chl,20211121,17.92
chl,20211128,17.86
col,20200308,-0.44
col,20200315,-0.87
col,20200322,-1.07
col,20200329,-1.53
col,20200405,-2.1
col,20200412,-2.46
col,20200419,-2.68
col,20200426,-2.88
col,20200503,-3.23
col,20200510,-3.35
col,20200517,-3.49
col,20200524,-3.46
col,20200531,-3.4
col,20200607,-3.02
col,20200614,-2.48
col,20200621,-1.64
col,20200628,-0.63
col,20200705,0.42
col,20200712,1.78
col,20200719,3.53
col,20200726,5.54
col,20200802,7.63
col,20200809,9.41
col,20200816,10.96
col,20200823,12.16
col,20200830,13.07
col,20200906,13.81
col,20200913,14.42
col,20200920,14.88
col,20200927,15.34
col,20201004,15.68
col,20201011,16.06
col,20201018,16.44
col,20201025,16.91
col,20201101,17.18
col,20201108,17.52
col,20201115,17.77
col,20201122,18.04
col,20201129,18.29
col,20201206,18.44
col,20201213,18.77
col,20201220,19.09
col,20201227,19.52
col,20210103,20.17
col,20210110,20.85
col,20210117,21.78
col,20210124,22.69
col,20210131,23.33
col,20210207,23.77
col,20210214,23.97
col,20210221,24.04
col,20210228,24.0
col,20210307,23.94
col,20210314,23.79
col,20210321,23.71
col,20210328,23.77
col,20210404,24.0
col,20210411,24.45
col,20210418,25.29
col,20210425,26.2
col,20210502,27.08
col,20210509,27.95
col,20210516,28.8
col,20210523,29.6
col,20210530,30.46
col,20210606,31.44
col,20210613,32.45
col,20210620,33.54
col,20210627,34.6
col,20210704,35.57
col,20210711,36.34
col,20210718,36.89
col,20210725,37.17
col,20210801,37.33
col,20210808,37.28
col,20210815,37.08
col,20210822,36.85
col,20210829,36.56
col,20210905,36.22
cri,20200331,-1.3
cri,20200430,-2.75
cri,20200531,-4.49
cri,20200630,-5.71
cri,20200731,-5.13
cri,20200831,-3.52
cri,20200930,-0.6
cri,20201031,1.0
cri,20201130,1.58
cri,20201231,3.64
hrv,20200301,-9.16
hrv,20200308,-8.72
hrv,20200315,-7.89
hrv,20200322,-6.9
hrv,20200329,-5.71
hrv,20200405,-5.43
hrv,20200412,-4.96
hrv,20200419,-4.51
hrv,20200426,-4.94
hrv,20200503,-4.9
hrv,20200510,-4.92
hrv,20200517,-4.76
hrv,20200524,-4.66
hrv,20200531,-4.74
hrv,20200607,-4.37
hrv,20200614,-3.97
hrv,20200621,-3.88
hrv,20200628,-3.62
hrv,20200705,-3.36
hrv,20200712,-3.28
hrv,20200719,-3.34
hrv,20200726,-3.21
hrv,20200802,-2.73
hrv,20200809,-2.6
hrv,20200816,-2.5
hrv,20200823,-2.33
hrv,20200830,-2.05
hrv,20200906,-1.83
hrv,20200913,-1.45
hrv,20200920,-1.25
hrv,20200927,-1.12
hrv,20201004,-0.78
hrv,20201011,-0.72
hrv,20201018,-0.29
hrv,20201025,0.19
hrv,20201101,0.68
hrv,20201108,1.41
hrv,20201115,2.27
hrv,20201122,3.41
hrv,20201129,4.46
hrv,20201206,5.87
hrv,20201213,7.23
hrv,20201220,8.59
hrv,20201227,9.57
hrv,20210103,10.2
hrv,20210110,10.26
hrv,20210117,10.24
hrv,20210124,10.15
hrv,20210131,9.99
hrv,20210207,9.84
hrv,20210214,9.69
hrv,20210221,9.52
hrv,20210228,9.35
hrv,20210307,9.09
hrv,20210314,8.89
hrv,20210321,8.67
hrv,20210328,8.68
hrv,20210404,8.87
hrv,20210411,9.11
hrv,20210418,9.43
hrv,20210425,9.84
hrv,20210502,10.19
hrv,20210509,10.48
hrv,20210516,10.79
hrv,20210523,10.91
hrv,20210530,10.94
hrv,20210606,11.12
hrv,20210613,11.16
hrv,20210620,11.17
hrv,20210627,11.31
hrv,20210704,11.3
hrv,20210711,11.26
hrv,20210718,11.2
hrv,20210725,11.04
hrv,20210801,11.04
hrv,20210808,10.93
hrv,20210815,10.95
hrv,20210822,10.93
hrv,20210829,10.9
hrv,20210905,10.96
hrv,20210912,11.11
hrv,20210919,11.24
hrv,20210926,11.31
hrv,20211003,11.39
hrv,20211010,11.42
hrv,20211017,11.46
hrv,20211024,11.58
hrv,20211031,11.73
cub,20200331,2.6
cub,20200430,3.44
cub,20200531,1.76
cub,20200630,0.63
cub,20200731,-0.36
cub,20200831,-0.45
cub,20200930,-1.13
cub,20201031,-1.23
cub,20201130,-0.93
cub,20201231,0.44
cyp,20200308,-1.47
cyp,20200315,-1.38
cyp,20200322,-0.8
cyp,20200329,0.28
cyp,20200405,0.63
cyp,20200412,0.08
cyp,20200419,0.06
cyp,20200426,-0.41
cyp,20200503,-0.57
cyp,20200510,-0.59
cyp,20200517,0.68
cyp,20200524,3.1
cyp,20200531,2.85
cyp,20200607,3.45
cyp,20200614,3.09
cyp,20200621,2.59
cyp,20200628,2.43
cyp,20200705,2.5
cyp,20200712,2.1
cyp,20200719,2.04
cyp,20200726,2.21
cyp,20200802,2.26
cyp,20200809,1.56
cyp,20200816,1.57
cyp,20200823,1.56
cyp,20200830,1.42
cyp,20200906,1.13
cyp,20200913,1.36
cyp,20200920,1.29
cyp,20200927,1.17
cyp,20201004,1.28
cyp,20201011,1.25
cyp,20201018,1.28
cyp,20201025,1.38
cyp,20201101,1.26
cyp,20201108,1.33
cyp,20201115,1.35
cyp,20201122,1.22
cyp,20201129,1.29
cyp,20201206,1.4
cyp,20201213,1.74
cyp,20201220,1.72
cyp,20201227,1.62
cyp,20210103,0.88
cyp,20210110,1.39
cyp,20210117,1.09
cyp,20210124,1.06
cyp,20210131,1.23
cyp,20210207,1.29
cyp,20210214,0.68
cyp,20210221,0.67
cyp,20210228,0.64
cyp,20210307,0.45
cyp,20210314,0.37
cyp,20210321,0.47
cyp,20210328,0.48
cyp,20210404,0.73
cyp,20210411,1.07
cyp,20210418,1.64
cyp,20210425,1.94
cyp,20210502,2.19
cyp,20210509,2.58
cyp,20210516,2.59
cyp,20210523,2.52
cyp,20210530,2.59
cyp,20210606,2.68
cyp,20210613,2.78
cyp,20210620,2.92
cyp,20210627,2.86
cyp,20210704,3.18
cyp,20210711,3.42
cyp,20210718,3.63
cyp,20210725,4.04
cyp,20210801,4.51
cyp,20210808,5.16
cyp,20210815,5.68
cyp,20210822,5.97
cyp,20210829,6.32
cyp,20210905,6.52
cyp,20210912,6.67
cyp,20210919,6.76
cze,20200301,-5.29
cze,20200308,-5.41
cze,20200315,-5.23
cze,20200322,-4.76
cze,20200329,-4.25
cze,20200405,-3.63
cze,20200412,-3.18
cze,20200419,-2.96
cze,20200426,-3.09
cze,20200503,-2.85
cze,20200510,-2.86
cze,20200517,-2.74
cze,20200524,-2.85
cze,20200531,-3.01
cze,20200607,-2.64
cze,20200614,-2.57
cze,20200621,-2.43
cze,20200628,-2.21
cze,20200705,-2.0
cze,20200712,-1.98
cze,20200719,-1.99
cze,20200726,-1.91
cze,20200802,-1.63
cze,20200809,-1.44
cze,20200816,-1.28
cze,20200823,-1.11
cze,20200830,-1.04
cze,20200906,-0.96
cze,20200913,-0.83
cze,20200920,-0.59
cze,20200927,-0.18
cze,20201004,0.09
cze,20201011,0.6
cze,20201018,1.5
cze,20201025,3.09
cze,20201101,5.25
cze,20201108,7.35
cze,20201115,8.92
cze,20201122,10.0
cze,20201129,10.79
cze,20201206,11.45
cze,20201213,12.05
cze,20201220,12.69
cze,20201227,13.25
cze,20210103,14.07
cze,20210110,14.99
cze,20210117,15.83
cze,20210124,16.46
cze,20210131,16.95
cze,20210207,17.27
cze,20210214,17.65
cze,20210221,18.02
cze,20210228,18.48
cze,20210307,19.16
cze,20210314,19.95
cze,20210321,20.64
cze,20210328,21.12
cze,20210404,21.57
cze,20210411,21.75
cze,20210418,21.76
cze,20210425,21.72
cze,20210502,21.63
cze,20210509,21.49
cze,20210516,21.32
cze,20210523,21.07
cze,20210530,20.76
cze,20210606,20.49
cze,20210613,20.22
cze,20210620,20.01
cze,20210627,19.78
cze,20210704,19.48
cze,20210711,19.2
cze,20210718,18.98
cze,20210725,18.72
cze,20210801,18.52
cze,20210808,18.21
cze,20210815,17.98
cze,20210822,17.71
cze,20210829,17.49
cze,20210905,17.31
cze,20210912,17.16
cze,20210919,17.04
cze,20210926,16.89
cze,20211003,16.72
cze,20211010,16.51
cze,20211017,16.35
cze,20211024,16.24
dnk,20200202,-4.76
dnk,20200209,-5.25
dnk,20200216,-6.18
dnk,20200223,-7.03
dnk,20200301,-8.01
dnk,20200308,-8.37
dnk,20200315,-8.55
dnk,20200322,-7.93
dnk,20200329,-7.37
dnk,20200405,-6.44
dnk,20200412,-5.78
dnk,20200419,-5.32
dnk,20200426,-4.67
dnk,20200503,-4.51
dnk,20200510,-4.37
dnk,20200517,-4.41
dnk,20200524,-4.24
dnk,20200531,-4.19
dnk,20200607,-4.18
dnk,20200614,-4.04
dnk,20200621,-4.08
dnk,20200628,-3.86
dnk,20200705,-3.65
dnk,20200712,-3.59
dnk,20200719,-3.35
dnk,20200726,-3.45
dnk,20200802,-3.38
dnk,20200809,-3.37
dnk,20200816,-3.23
dnk,20200823,-3.15
dnk,20200830,-3.12
dnk,20200906,-3.0
dnk,20200913,-2.92
dnk,20200920,-2.63
dnk,20200927,-2.65
dnk,20201004,-2.6
dnk,20201011,-2.73
dnk,20201018,-2.68
dnk,20201025,-2.44
dnk,20201101,-2.47
dnk,20201108,-2.41
dnk,20201115,-2.26
dnk,20201122,-2.15
dnk,20201129,-2.05
dnk,20201206,-2.02
dnk,20201213,-1.99
dnk,20201220,-1.6
dnk,20201227,-1.35
dnk,20210103,-1.03
dnk,20210110,-0.87
dnk,20210117,-0.73
dnk,20210124,-0.49
dnk,20210131,-0.33
dnk,20210207,-0.28
dnk,20210214,-0.37
dnk,20210221,-0.57
dnk,20210228,-0.89
dnk,20210307,-1.24
dnk,20210314,-1.43
dnk,20210321,-1.73
dnk,20210328,-1.87
dnk,20210404,-2.04
dnk,20210411,-2.16
dnk,20210418,-2.22
dnk,20210425,-2.19
dnk,20210502,-2.16
dnk,20210509,-2.05
dnk,20210516,-2.02
dnk,20210523,-1.94
dnk,20210530,-1.87
dnk,20210606,-1.81
dnk,20210613,-1.73
dnk,20210620,-1.71
dnk,20210627,-1.68
dnk,20210704,-1.54
dnk,20210711,-1.55
dnk,20210718,-1.41
dnk,20210725,-1.32
dnk,20210801,-1.25
dnk,20210808,-1.09
dnk,20210815,-0.97
dnk,20210822,-0.87
dnk,20210829,-0.8
dnk,20210905,-0.7
dnk,20210912,-0.57
dnk,20210919,-0.49
dnk,20210926,-0.42
dnk,20211003,-0.29
dnk,20211010,-0.22
dnk,20211017,-0.08
dnk,20211024,0.03
dnk,20211031,0.15
dnk,20211107,0.27
dnk,20211114,0.38
dnk,20211121,0.45
dnk,20211128,0.58
dom,20200331,-1.51
dom,20200430,-6.65
dom,20200531,-8.79
dom,20200630,-6.54
dom,20200731,-1.36
dom,20200831,1.64
dom,20200930,1.11
ecu,20200301,-1.93
ecu,20200308,-2.59
ecu,20200315,-2.77
ecu,20200322,-2.39
ecu,20200329,9.33
ecu,20200405,35.59
ecu,20200412,54.06
ecu,20200419,63.14
ecu,20200426,67.47
ecu,20200503,68.77
ecu,20200510,69.49
ecu,20200517,68.93
ecu,20200524,68.02
ecu,20200531,67.07
ecu,20200607,66.03
ecu,20200614,65.49
ecu,20200621,64.79
ecu,20200628,64.13
ecu,20200705,63.75
ecu,20200712,63.99
ecu,20200719,64.41
ecu,20200726,65.0
ecu,20200802,65.36
ecu,20200809,65.59
ecu,20200816,65.55
ecu,20200823,65.28
ecu,20200830,64.59
ecu,20200906,64.07
ecu,20200913,63.4
ecu,20200920,62.66
ecu,20200927,61.76
ecu,20201004,60.7
ecu,20201011,59.99
ecu,20201018,59.12
ecu,20201025,58.35
ecu,20201101,57.42
ecu,20201108,56.46
ecu,20201115,55.76
ecu,20201122,55.2
ecu,20201129,54.5
ecu,20201206,53.9
ecu,20201213,53.09
ecu,20201220,52.44
ecu,20201227,51.87
ecu,20210103,51.5
ecu,20210110,51.14
ecu,20210117,51.03
ecu,20210124,51.12
ecu,20210131,51.06
ecu,20210207,51.06
ecu,20210214,50.99
ecu,20210221,50.96
ecu,20210228,50.97
ecu,20210307,50.91
ecu,20210314,50.96
ecu,20210321,51.28
ecu,20210328,51.76
ecu,20210404,52.36
ecu,20210411,53.1
ecu,20210418,53.76
ecu,20210425,54.75
ecu,20210502,55.58
ecu,20210509,56.15
ecu,20210516,56.49
ecu,20210523,56.58
ecu,20210530,56.52
ecu,20210606,56.27
ecu,20210613,56.0
ecu,20210620,55.74
ecu,20210627,55.44
ecu,20210704,55.07
ecu,20210711,54.74
ecu,20210718,54.41
ecu,20210725,54.01
ecu,20210801,53.69
ecu,20210808,53.2
ecu,20210815,52.71
ecu,20210822,52.18
ecu,20210829,51.76
ecu,20210905,51.24
ecu,20210912,50.75
ecu,20210919,50.31
ecu,20210926,49.84
ecu,20211003,49.46
ecu,20211010,48.96
ecu,20211017,48.56
ecu,20211024,48.1
ecu,20211031,47.65
ecu,20211107,47.15
ecu,20211114,46.72
ecu,20211121,46.32
egy,20200229,0.16
egy,20200331,2.04
egy,20200430,1.48
egy,20200531,6.75
egy,20200630,18.46
egy,20200731,20.1
egy,20200831,19.31
egy,20200930,18.98
egy,20201031,17.89
egy,20201130,17.7
egy,20201231,18.83
egy,20210131,19.09
egy,20210228,18.67
egy,20210331,19.59
egy,20210430,21.91
egy,20210531,24.6
egy,20210630,24.69
slv,20200331,-6.01
slv,20200430,-15.47
slv,20200531,-21.1
slv,20200630,-7.17
slv,20200731,11.79
slv,20200831,16.28
est,20200209,-12.23
est,20200216,-10.69
est,20200223,-9.75
est,20200301,-9.39
est,20200308,-9.78
est,20200315,-8.58
est,20200322,-8.01
est,20200329,-7.32
est,20200405,-6.64
est,20200412,-6.18
est,20200419,-5.71
est,20200426,-4.87
est,20200503,-4.44
est,20200510,-3.97
est,20200517,-4.15
est,20200524,-4.15
est,20200531,-3.65
est,20200607,-3.7
est,20200614,-3.56
est,20200621,-3.39
est,20200628,-3.03
est,20200705,-2.9
est,20200712,-2.8
est,20200719,-2.6
est,20200726,-2.39
est,20200802,-1.98
est,20200809,-2.01
est,20200816,-1.82
est,20200823,-1.8
est,20200830,-1.54
est,20200906,-1.4
est,20200913,-1.55
est,20200920,-1.28
est,20200927,-0.9
est,20201004,-0.79
est,20201011,-0.9
est,20201018,-0.77
est,20201025,-0.71
est,20201101,-0.93
est,20201108,-0.89
est,20201115,-0.89
est,20201122,-0.64
est,20201129,-0.36
est,20201206,-0.09
est,20201213,0.21
est,20201220,0.4
est,20201227,0.66
est,20210103,0.96
est,20210110,1.16
est,20210117,1.41
est,20210124,1.82
est,20210131,1.86
est,20210207,1.88
est,20210214,2.04
est,20210221,2.13
est,20210228,2.43
est,20210307,2.84
est,20210314,3.22
est,20210321,3.67
est,20210328,4.06
est,20210404,4.46
est,20210411,4.85
est,20210418,5.17
est,20210425,5.37
est,20210502,5.42
est,20210509,5.61
est,20210516,5.8
est,20210523,5.76
est,20210530,5.82
est,20210606,5.81
est,20210613,5.83
est,20210620,5.87
est,20210627,6.3
est,20210704,6.42
est,20210711,6.79
est,20210718,6.94
est,20210725,6.87
est,20210801,6.8
est,20210808,6.87
est,20210815,6.87
est,20210822,6.82
est,20210829,6.87
est,20210905,6.99
est,20210912,7.2
est,20210919,7.21
est,20210926,7.38
est,20211003,7.5
est,20211010,7.59
est,20211017,7.75
est,20211024,7.91
est,20211031,8.23
est,20211107,8.55
est,20211114,8.83
est,20211121,9.09
est,20211128,9.43
fro,20210131,-13.68
fro,20210228,-12.43
fro,20210331,-14.5
fro,20210430,-12.46
fro,20210531,-12.72
fro,20210630,-12.51
fro,20210731,-11.69
fro,20210831,-11.81
fro,20210930,-11.07
fin,20200202,-10.15
fin,20200209,-8.92
fin,20200216,-7.96
fin,20200223,-7.28
fin,20200301,-7.36
fin,20200308,-6.79
fin,20200315,-6.34
fin,20200322,-5.73
fin,20200329,-5.16
fin,20200405,-4.73
fin,20200412,-3.77
fin,20200419,-3.47
fin,20200426,-2.73
fin,20200503,-2.23
fin,20200510,-1.83
fin,20200517,-1.25
fin,20200524,-1.29
fin,20200531,-1.16
fin,20200607,-1.13
fin,20200614,-0.97
fin,20200621,-0.64
fin,20200628,-0.44
fin,20200705,-0.33
fin,20200712,-0.38
fin,20200719,-0.24
fin,20200726,-0.33
fin,20200802,-0.25
fin,20200809,-0.22
fin,20200816,-0.2
fin,20200823,-0.09
fin,20200830,-0.08
fin,20200906,-0.1
fin,20200913,0.26
fin,20200920,0.35
fin,20200927,0.53
fin,20201004,0.37
fin,20201011,0.22
fin,20201018,0.3
fin,20201025,0.32
fin,20201101,0.49
fin,20201108,0.5
fin,20201115,0.51
fin,20201122,0.65
fin,20201129,0.75
fin,20201206,0.81
fin,20201213,0.84
fin,20201220,0.89
fin,20201227,0.77
fin,20210103,0.74
fin,20210110,0.58
fin,20210117,0.44
fin,20210124,0.45
fin,20210131,0.46
fin,20210207,0.36
fin,20210214,0.22
fin,20210221,0.27
fin,20210228,0.29
fin,20210307,0.21
fin,20210314,0.1
fin,20210321,0.05
fin,20210328,-0.08
fin,20210404,-0.13
fin,20210411,-0.19
fin,20210418,-0.23
fin,20210425,-0.26
fin,20210502,-0.3
fin,20210509,-0.28
fin,20210516,-0.15
fin,20210523,-0.12
fin,20210530,-0.1
fin,20210606,-0.05
fin,20210613,-0.06
fin,20210620,-0.01
fin,20210627,0.1
fin,20210704,0.14
fin,20210711,0.28
fin,20210718,0.49
fin,20210725,0.53
fin,20210801,0.56
fin,20210808,0.67
fin,20210815,0.83
fin,20210822,0.93
fin,20210829,1.02
fin,20210905,1.11
fin,20210912,1.26
fin,20210919,1.33
fin,20210926,1.43
fin,20211003,1.53
fin,20211010,1.61
fin,20211017,1.72
fin,20211024,1.85
fin,20211031,1.89
fin,20211107,1.87
fin,20211114,1.91
fra,20200126,-6.61
fra,20200202,-6.52
fra,20200209,-6.76
fra,20200216,-6.93
fra,20200223,-7.34
fra,20200301,-7.51
fra,20200308,-7.36
fra,20200315,-6.59
fra,20200322,-4.89
fra,20200329,-2.05
fra,20200405,2.0
fra,20200412,5.03
fra,20200419,6.75
fra,20200426,7.14
fra,20200503,6.88
fra,20200510,6.6
fra,20200517,6.28
fra,20200524,6.13
fra,20200531,5.85
fra,20200607,5.59
fra,20200614,5.38
fra,20200621,5.11
fra,20200628,5.08
fra,20200705,4.59
fra,20200712,4.38
fra,20200719,4.07
fra,20200726,3.89
fra,20200802,3.9
fra,20200809,3.84
fra,20200816,4.11
fra,20200823,3.98
fra,20200830,3.86
fra,20200906,3.82
fra,20200913,3.85
fra,20200920,3.96
fra,20200927,3.85
fra,20201004,3.9
fra,20201011,3.89
fra,20201018,3.98
fra,20201025,4.34
fra,20201101,4.86
fra,20201108,5.53
fra,20201115,6.14
fra,20201122,6.61
fra,20201129,6.98
fra,20201206,7.29
fra,20201213,7.52
fra,20201220,7.62
fra,20201227,7.6
fra,20210103,7.68
fra,20210110,7.66
fra,20210117,7.61
fra,20210124,7.71
fra,20210131,7.76
fra,20210207,7.77
fra,20210214,7.71
fra,20210221,7.68
fra,20210228,7.56
fra,20210307,7.39
fra,20210314,7.25
fra,20210321,7.21
fra,20210328,7.19
fra,20210404,7.25
fra,20210411,7.31
fra,20210418,7.4
fra,20210425,7.53
fra,20210502,7.62
fra,20210509,7.68
fra,20210516,7.65
fra,20210523,7.6
fra,20210530,7.54
fra,20210606,7.47
fra,20210613,7.4
fra,20210620,7.37
fra,20210627,7.2
fra,20210704,7.05
fra,20210711,6.91
fra,20210718,6.81
fra,20210725,6.82
fra,20210801,6.73
fra,20210808,6.67
fra,20210815,6.7
fra,20210822,6.72
fra,20210829,6.68
fra,20210905,6.7
fra,20210912,6.76
fra,20210919,6.71
fra,20210926,6.64
fra,20211003,6.6
fra,20211010,6.55
fra,20211017,6.52
fra,20211024,6.5
fra,20211031,6.47
fra,20211107,6.33
pyf,20210228,-0.87
pyf,20210331,-1.84
pyf,20210430,-3.19
pyf,20210531,-3.83
pyf,20210630,-4.19
pyf,20210731,-4.21
pyf,20210831,11.28
pyf,20210930,17.39
geo,20200229,3.6
geo,20200331,1.25
geo,20200430,-0.51
geo,20200531,-0.21
geo,20200630,0.03
geo,20200731,1.15
geo,20200831,0.62
geo,20200930,1.06
geo,20201031,2.28
geo,20201130,7.2
geo,20201231,11.25
geo,20210131,11.24
geo,20210228,10.4
geo,20210331,9.86
geo,20210430,9.6
geo,20210531,10.06
geo,20210630,10.32
deu,20200202,-4.74
deu,20200209,-5.43
deu,20200216,-5.85
deu,20200223,-6.84
deu,20200301,-7.56
deu,20200308,-7.82
deu,20200315,-7.58
deu,20200322,-7.11
deu,20200329,-6.5
deu,20200405,-5.48
deu,20200412,-4.45
deu,20200419,-3.8
deu,20200426,-3.4
deu,20200503,-3.1
deu,20200510,-2.97
deu,20200517,-2.9
deu,20200524,-2.73
deu,20200531,-2.7
deu,20200607,-2.53
deu,20200614,-2.4
deu,20200621,-2.4
deu,20200628,-2.24
deu,20200705,-2.35
deu,20200712,-2.39
deu,20200719,-2.42
deu,20200726,-2.49
deu,20200802,-2.41
deu,20200809,-2.26
deu,20200816,-1.73
deu,20200823,-1.54
deu,20200830,-1.53
deu,20200906,-1.43
deu,20200913,-1.32
deu,20200920,-1.16
deu,20200927,-1.05
deu,20201004,-0.94
deu,20201011,-0.94
deu,20201018,-0.9
deu,20201025,-0.76
deu,20201101,-0.61
deu,20201108,-0.46
deu,20201115,-0.25
deu,20201122,-0.01
deu,20201129,0.33
deu,20201206,0.76
deu,20201213,1.32
deu,20201220,1.9
deu,20201227,2.58
deu,20210103,3.22
deu,20210110,3.68
deu,20210117,4.05
deu,20210124,4.37
deu,20210131,4.52
deu,20210207,4.52
deu,20210214,4.43
deu,20210221,4.26
deu,20210228,3.92
deu,20210307,3.51
deu,20210314,3.16
deu,20210321,2.89
deu,20210328,2.7
deu,20210404,2.59
deu,20210411,2.54
deu,20210418,2.55
deu,20210425,2.62
deu,20210502,2.7
deu,20210509,2.81
deu,20210516,2.84
deu,20210523,2.84
deu,20210530,2.82
deu,20210606,2.86
deu,20210613,2.85
deu,20210620,3.0
deu,20210627,2.99
deu,20210704,2.96
deu,20210711,2.89
deu,20210718,2.92
deu,20210725,2.91
deu,20210801,2.84
deu,20210808,2.78
deu,20210815,2.78
deu,20210822,2.79
deu,20210829,2.79
deu,20210905,2.79
deu,20210912,2.9
deu,20210919,2.95
deu,20210926,2.99
deu,20211003,3.03
deu,20211010,3.05
deu,20211017,3.08
deu,20211024,3.15
deu,20211031,3.25
deu,20211107,3.35
deu,20211114,3.46
deu,20211121,3.64
gib,20210131,6.02
grc,20200301,-0.35
grc,20200308,0.14
grc,20200315,0.5
grc,20200322,0.86
grc,20200329,1.0
grc,20200405,1.05
grc,20200412,0.93
grc,20200419,0.7
grc,20200426,0.45
grc,20200503,0.38
grc,20200510,0.1
grc,20200517,0.71
grc,20200524,1.06
grc,20200531,0.54
grc,20200607,0.33
grc,20200614,0.19
grc,20200621,0.1
grc,20200628,-0.16
grc,20200705,0.37
grc,20200712,0.34
grc,20200719,0.24
grc,20200726,0.1
grc,20200802,0.51
grc,20200809,0.59
grc,20200816,0.64
grc,20200823,0.82
grc,20200830,0.93
grc,20200906,1.06
grc,20200913,1.22
grc,20200920,1.43
grc,20200927,1.52
grc,20201004,1.59
grc,20201011,1.59
grc,20201018,1.5
grc,20201025,1.47
grc,20201101,1.56
grc,20201108,1.7
grc,20201115,2.06
grc,20201122,2.7
grc,20201129,3.44
grc,20201206,4.15
grc,20201213,4.59
grc,20201220,4.82
grc,20201227,4.81
grc,20210103,4.74
grc,20210110,4.48
grc,20210117,3.97
grc,20210124,3.68
grc,20210131,3.4
grc,20210207,3.09
grc,20210214,2.84
grc,20210221,2.75
grc,20210228,2.77
grc,20210307,2.8
grc,20210314,2.84
grc,20210321,2.99
grc,20210328,3.16
grc,20210404,3.46
grc,20210411,3.7
grc,20210418,4.0
grc,20210425,4.14
grc,20210502,4.38
grc,20210509,4.67
grc,20210516,4.71
grc,20210523,4.84
grc,20210530,5.04
grc,20210606,5.03
grc,20210613,5.07
grc,20210620,5.02
grc,20210627,5.25
grc,20210704,5.61
grc,20210711,5.73
grc,20210718,5.86
grc,20210725,5.92
grc,20210801,6.1
grc,20210808,6.76
grc,20210815,6.92
grc,20210822,7.01
grc,20210829,7.21
grc,20210905,7.31
grc,20210912,7.4
grc,20210919,7.61
grc,20210926,7.71
grc,20211003,7.81
gtm,20200223,-0.04
gtm,20200301,-0.16
gtm,20200308,-0.43
gtm,20200315,-1.21
gtm,20200322,-2.35
gtm,20200329,-3.75
gtm,20200405,-5.0
gtm,20200412,-6.18
gtm,20200419,-7.1
gtm,20200426,-7.78
gtm,20200503,-8.38
gtm,20200510,-8.74
gtm,20200517,-9.05
gtm,20200524,-9.04
gtm,20200531,-8.66
gtm,20200607,-7.71
gtm,20200614,-6.57
gtm,20200621,-5.23
gtm,20200628,-3.42
gtm,20200705,-1.15
gtm,20200712,1.73
gtm,20200719,4.03
gtm,20200726,6.01
gtm,20200802,7.74
gtm,20200809,8.9
gtm,20200816,9.82
gtm,20200823,10.44
gtm,20200830,11.13
gtm,20200906,11.54
gtm,20200913,11.79
gtm,20200920,11.97
gtm,20200927,12.14
gtm,20201004,12.04
gtm,20201011,12.16
gtm,20201018,12.17
gtm,20201025,12.15
gtm,20201101,12.2
gtm,20201108,12.3
gtm,20201115,12.36
gtm,20201122,12.49
gtm,20201129,12.63
gtm,20201206,12.64
gtm,20201213,12.7
gtm,20201220,12.75
gtm,20201227,12.74
gtm,20210103,12.83
gtm,20210110,12.96
gtm,20210117,13.27
gtm,20210124,13.41
gtm,20210131,13.66
gtm,20210207,13.87
gtm,20210214,13.91
gtm,20210221,13.84
gtm,20210228,13.84
gtm,20210307,13.92
gtm,20210314,13.91
gtm,20210321,13.98
gtm,20210328,14.18
gtm,20210404,14.13
gtm,20210411,14.09
gtm,20210418,14.43
gtm,20210425,14.7
gtm,20210502,14.7
gtm,20210509,15.09
gtm,20210516,15.37
gtm,20210523,15.66
gtm,20210530,15.95
gtm,20210606,16.23
gtm,20210613,16.46
gtm,20210620,16.7
gtm,20210627,16.98
gtm,20210704,17.13
gtm,20210711,17.52
gtm,20210718,17.71
gtm,20210725,18.39
gtm,20210801,18.94
gtm,20210808,19.56
gtm,20210815,20.21
gtm,20210822,21.04
gtm,20210829,21.92
gtm,20210905,23.02
gtm,20210912,24.35
gtm,20210919,25.34
gtm,20210926,26.52
hkg,20200131,0.98
hkg,20200229,3.95
hkg,20200331,0.65
hkg,20200430,-0.39
hkg,20200531,-0.03
hkg,20200630,-0.33
hkg,20200731,0.25
hkg,20200831,1.19
hkg,20200930,1.61
hkg,20201031,2.09
hkg,20201130,2.62
hkg,20201231,3.19
hkg,20210131,4.42
hkg,20210228,3.79
hkg,20210331,3.18
hkg,20210430,3.22
hkg,20210531,3.27
hkg,20210630,2.61
hkg,20210731,2.66
hkg,20210831,2.81
hun,20200308,-9.64
hun,20200315,-9.24
hun,20200322,-8.06
hun,20200329,-7.5
hun,20200405,-6.99
hun,20200412,-6.35
hun,20200419,-5.83
hun,20200426,-5.69
hun,20200503,-5.66
hun,20200510,-5.45
hun,20200517,-5.08
hun,20200524,-5.17
hun,20200531,-5.13
hun,20200607,-4.72
hun,20200614,-4.55
hun,20200621,-4.68
hun,20200628,-4.41
hun,20200705,-4.13
hun,20200712,-4.16
hun,20200719,-4.26
hun,20200726,-4.42
hun,20200802,-4.22
hun,20200809,-4.07
hun,20200816,-4.01
hun,20200823,-3.87
hun,20200830,-3.87
hun,20200906,-3.78
hun,20200913,-3.62
hun,20200920,-3.36
hun,20200927,-3.18
hun,20201004,-2.94
hun,20201011,-2.76
hun,20201018,-2.38
hun,20201025,-1.79
hun,20201101,-1.02
hun,20201108,0.02
hun,20201115,1.39
hun,20201122,2.63
hun,20201129,3.93
hun,20201206,5.15
hun,20201213,6.28
hun,20201220,7.01
hun,20201227,7.69
hun,20210103,8.13
hun,20210110,8.21
hun,20210117,8.24
hun,20210124,8.15
hun,20210131,7.88
hun,20210207,7.6
hun,20210214,7.32
hun,20210221,7.14
hun,20210228,7.14
hun,20210307,7.25
hun,20210314,7.74
hun,20210321,8.58
hun,20210328,9.6
hun,20210404,10.6
hun,20210411,11.39
hun,20210418,11.83
hun,20210425,12.13
hun,20210502,12.26
hun,20210509,12.29
hun,20210516,12.27
hun,20210523,12.18
hun,20210530,12.06
hun,20210606,11.99
hun,20210613,11.9
hun,20210620,11.8
hun,20210627,11.88
hun,20210704,11.85
hun,20210711,11.79
hun,20210718,11.72
hun,20210725,11.51
hun,20210801,11.44
hun,20210808,11.25
hun,20210815,11.16
hun,20210822,11.0
hun,20210829,10.89
hun,20210905,10.76
hun,20210912,10.73
hun,20210919,10.71
hun,20210926,10.61
hun,20211003,10.51
hun,20211010,10.42
hun,20211017,10.35
hun,20211024,10.27
hun,20211031,10.31
isl,20200301,6.13
isl,20200308,6.37
isl,20200315,5.04
isl,20200322,4.05
isl,20200329,2.75
isl,20200405,3.48
isl,20200412,3.81
isl,20200419,5.01
isl,20200426,3.43
isl,20200503,3.64
isl,20200510,2.85
isl,20200517,2.5
isl,20200524,2.99
isl,20200531,3.53
isl,20200607,2.25
isl,20200614,2.14
isl,20200621,1.44
isl,20200628,0.21
isl,20200705,-0.52
isl,20200712,0.06
isl,20200719,0.22
isl,20200726,-0.58
isl,20200802,-0.69
isl,20200809,-0.85
isl,20200816,-0.6
isl,20200823,-1.27
isl,20200830,-1.79
isl,20200906,-0.79
isl,20200913,-0.96
isl,20200920,-0.71
isl,20200927,-1.49
isl,20201004,-1.74
isl,20201011,-1.15
isl,20201018,-0.9
isl,20201025,-0.71
isl,20201101,-0.02
isl,20201108,0.53
isl,20201115,0.83
isl,20201122,0.82
isl,20201129,0.34
isl,20201206,0.17
isl,20201213,0.31
isl,20201220,0.24
isl,20201227,0.68
isl,20210103,0.81
isl,20210110,1.41
isl,20210117,1.73
isl,20210124,1.82
isl,20210131,1.66
isl,20210207,1.46
isl,20210214,1.33
isl,20210221,1.58
isl,20210228,1.52
isl,20210307,1.56
isl,20210314,1.35
isl,20210321,1.19
isl,20210328,0.99
isl,20210404,1.11
isl,20210411,0.95
isl,20210418,1.24
isl,20210425,1.08
isl,20210502,1.12
isl,20210509,1.49
isl,20210516,1.43
isl,20210523,1.32
isl,20210530,1.02
isl,20210606,0.85
isl,20210613,0.81
isl,20210620,1.15
isl,20210627,1.31
isl,20210704,1.21
isl,20210711,1.18
isl,20210718,1.39
isl,20210725,1.32
isl,20210801,1.59
isl,20210808,1.82
isl,20210815,2.01
isl,20210822,2.1
isl,20210829,2.09
isl,20210905,2.06
isl,20210912,2.12
isl,20210919,2.09
isl,20210926,1.81
isl,20211003,1.4
isl,20211010,1.33
isl,20211017,1.32
isl,20211024,0.97
isl,20211031,0.75
irn,20200223,-4.14
irn,20200301,-3.42
irn,20200308,-1.78
irn,20200315,1.52
irn,20200322,6.29
irn,20200329,6.8
irn,20200405,7.26
irn,20200412,8.75
irn,20200419,9.83
irn,20200426,9.99
irn,20200503,10.24
irn,20200510,10.02
irn,20200517,9.77
irn,20200524,9.6
irn,20200531,9.27
irn,20200607,9.8
irn,20200614,10.47
irn,20200621,10.82
irn,20200628,11.89
irn,20200705,12.64
irn,20200712,13.44
irn,20200719,14.39
irn,20200726,15.34
irn,20200802,16.62
irn,20200809,17.62
irn,20200816,18.23
irn,20200823,18.8
irn,20200830,19.11
irn,20200906,19.06
irn,20200913,19.52
irn,20200920,19.8
irn,20200927,19.99
irn,20201004,20.48
irn,20201011,21.01
irn,20201018,21.91
irn,20201025,22.71
irn,20201101,24.0
irn,20201108,25.43
irn,20201115,27.09
irn,20201122,28.41
irn,20201129,29.39
irn,20201206,29.82
irn,20201213,29.96
irn,20201220,29.93
irn,20201227,29.57
irn,20210103,29.12
irn,20210110,28.64
irn,20210117,28.2
irn,20210124,27.76
irn,20210131,27.41
irn,20210207,27.0
irn,20210214,26.55
irn,20210221,26.3
irn,20210228,25.93
irn,20210307,25.71
irn,20210314,25.46
irn,20210321,25.4
irn,20210328,24.99
irn,20210404,25.02
irn,20210411,25.37
irn,20210418,25.6
irn,20210425,26.17
irn,20210502,26.74
irn,20210509,27.11
irn,20210516,27.42
irn,20210523,27.8
irn,20210530,28.01
irn,20210606,28.12
irn,20210613,28.31
irn,20210620,28.25
irn,20210627,28.18
irn,20210704,28.17
irn,20210711,28.1
irn,20210718,28.15
irn,20210725,28.14
irn,20210801,28.49
irn,20210808,29.08
irn,20210815,29.63
irn,20210822,30.5
irn,20210829,31.94
irn,20210905,32.97
irn,20210912,33.85
irn,20210919,34.49
irn,20210926,34.89
irn,20211003,35.01
irn,20211010,35.01
irn,20211017,35.24
irn,20211024,35.28
irn,20211031,35.24
irn,20211107,35.22
irn,20211114,35.09
irn,20211121,34.84
irn,20211128,34.65
irl,20200229,-7.33
irl,20200331,-5.03
irl,20200430,4.2
irl,20200531,4.02
irl,20200630,2.55
irl,20200731,1.71
irl,20200831,1.54
irl,20200930,1.22
irl,20201031,1.57
irl,20201130,1.1
irl,20201231,0.45
irl,20210131,2.26
irl,20210228,3.13
irl,20210331,2.34
irl,20210430,2.12
irl,20210531,2.12
irl,20210630,1.94
isr,20200223,-3.94
isr,20200301,-4.38
isr,20200308,-4.3
isr,20200315,-3.78
isr,20200322,-3.46
isr,20200329,-2.68
isr,20200405,-1.54
isr,20200412,-1.33
isr,20200419,-0.76
isr,20200426,-0.57
isr,20200503,-0.6
isr,20200510,-0.48
isr,20200517,-0.35
isr,20200524,0.36
isr,20200531,0.46
isr,20200607,0.5
isr,20200614,0.52
isr,20200621,0.51
isr,20200628,0.48
isr,20200705,0.41
isr,20200712,0.61
isr,20200719,0.8
isr,20200726,0.79
isr,20200802,1.3
isr,20200809,1.43
isr,20200816,1.91
isr,20200823,2.24
isr,20200830,2.49
isr,20200906,2.75
isr,20200913,3.23
isr,20200920,3.77
isr,20200927,4.33
isr,20201004,4.8
isr,20201011,5.51
isr,20201018,6.02
isr,20201025,6.42
isr,20201101,6.48
isr,20201108,6.46
isr,20201115,6.16
isr,20201122,6.2
isr,20201129,6.08
isr,20201206,6.04
isr,20201213,5.91
isr,20201220,5.89
isr,20201227,5.8
isr,20210103,5.97
isr,20210110,6.21
isr,20210117,6.45
isr,20210124,6.75
isr,20210131,7.05
isr,20210207,7.23
isr,20210214,7.28
isr,20210221,7.29
isr,20210228,7.16
isr,20210307,7.03
isr,20210314,7.05
isr,20210321,7.13
isr,20210328,7.21
isr,20210404,7.12
isr,20210411,7.2
isr,20210418,7.21
isr,20210425,7.16
isr,20210502,7.09
isr,20210509,7.03
isr,20210516,7.03
isr,20210523,7.03
isr,20210530,6.96
isr,20210606,6.86
isr,20210613,6.76
isr,20210620,6.72
isr,20210627,6.76
isr,20210704,6.76
isr,20210711,6.74
isr,20210718,6.62
isr,20210725,6.71
isr,20210801,6.74
isr,20210808,6.87
isr,20210815,7.08
isr,20210822,7.33
isr,20210829,7.57
isr,20210905,7.85
isr,20210912,8.01
isr,20210919,8.24
isr,20210926,8.34
isr,20211003,8.42
isr,20211010,8.52
isr,20211017,8.54
isr,20211024,8.57
isr,20211031,8.51
isr,20211107,8.44
ita,20200202,-9.02
ita,20200209,-8.48
ita,20200216,-7.85
ita,20200223,-7.49
ita,20200301,-6.82
ita,20200308,-5.4
ita,20200315,-1.78
ita,20200322,3.73
ita,20200329,9.33
ita,20200405,13.08
ita,20200412,15.57
ita,20200419,16.9
ita,20200426,17.32
ita,20200503,17.14
ita,20200510,16.76
ita,20200517,16.33
ita,20200524,15.69
ita,20200531,15.04
ita,20200607,14.38
ita,20200614,13.67
ita,20200621,13.19
ita,20200628,12.99
ita,20200705,12.82
ita,20200712,12.32
ita,20200719,11.78
ita,20200726,11.28
ita,20200802,11.17
ita,20200809,10.82
ita,20200816,10.78
ita,20200823,10.73
ita,20200830,10.66
ita,20200906,10.53
ita,20200913,10.47
ita,20200920,10.42
ita,20200927,10.23
ita,20201004,10.15
ita,20201011,10.01
ita,20201018,10.0
ita,20201025,10.3
ita,20201101,10.84
ita,20201108,11.6
ita,20201115,12.52
ita,20201122,13.42
ita,20201129,14.29
ita,20201206,14.91
ita,20201213,15.34
ita,20201220,15.6
ita,20201227,15.54
ita,20210103,15.57
ita,20210110,15.41
ita,20210117,15.22
ita,20210124,15.11
ita,20210131,14.99
ita,20210207,14.79
ita,20210214,14.49
ita,20210221,14.31
ita,20210228,14.11
ita,20210307,13.97
ita,20210314,13.94
ita,20210321,14.0
ita,20210328,14.18
ita,20210404,14.35
ita,20210411,14.47
ita,20210418,14.54
ita,20210425,14.63
ita,20210502,14.66
ita,20210509,14.6
ita,20210516,14.5
ita,20210523,14.41
ita,20210530,14.3
ita,20210606,14.21
ita,20210613,14.08
ita,20210620,13.95
ita,20210627,13.95
ita,20210704,13.9
ita,20210711,13.78
ita,20210718,13.6
ita,20210725,13.47
ita,20210801,13.39
ita,20210808,13.3
ita,20210815,13.27
ita,20210822,13.25
ita,20210829,13.2
ita,20210905,13.14
ita,20210912,13.11
ita,20210919,13.09
ita,20210926,12.99
jam,20200331,-10.4
jam,20200430,-8.96
jam,20200531,-8.78
jam,20200630,-8.17
jam,20200731,-8.14
jam,20200831,-6.65
jam,20200930,-5.17
jam,20201031,-4.33
jam,20201130,-3.79
jpn,20200131,-5.57
jpn,20200229,-5.05
jpn,20200331,-4.68
jpn,20200430,-3.8
jpn,20200531,-3.68
jpn,20200630,-3.64
jpn,20200731,-3.68
jpn,20200831,-3.21
jpn,20200930,-2.98
jpn,20201031,-2.6
jpn,20201130,-2.49
jpn,20201231,-1.98
jpn,20210131,-1.78
jpn,20210228,-1.86
jpn,20210331,-1.75
jpn,20210430,-1.44
jpn,20210531,-1.03
jpn,20210630,-0.76
jpn,20210731,-0.58
jpn,20210831,-0.28
jpn,20210930,0.03
kaz,20200331,-7.89
kaz,20200430,-20.78
kaz,20200531,-11.0
kaz,20200630,-3.13
kaz,20200731,18.34
kaz,20200831,24.31
kaz,20200930,24.79
kaz,20201031,23.55
kaz,20201130,22.84
kaz,20201231,22.75
kaz,20210131,20.96
kaz,20210228,19.94
kaz,20210331,19.47
kaz,20210430,19.48
kaz,20210531,19.93
kaz,20210630,19.86
kaz,20210731,21.16
kaz,20210831,26.36
kaz,20210930,29.19
owid_kos,20200331,14.13
owid_kos,20200430,3.91
owid_kos,20200531,5.98
owid_kos,20200630,4.79
owid_kos,20200731,14.21
owid_kos,20200831,23.97
owid_kos,20200930,30.69
owid_kos,20201031,31.42
owid_kos,20201130,34.1
owid_kos,20201231,34.31
owid_kos,20210131,36.56
owid_kos,20210228,36.7
owid_kos,20210331,39.77
owid_kos,20210430,42.84
owid_kos,20210531,42.46
owid_kos,20210630,41.25
owid_kos,20210731,39.97
owid_kos,20210831,41.6
owid_kos,20210930,44.73
kwt,20200229,-8.61
kwt,20200331,-5.78
kwt,20200430,-0.08
kwt,20200531,23.83
kwt,20200630,37.52
kwt,20200731,43.19
kwt,20200831,45.33
kwt,20200930,46.34
kwt,20201031,47.36
kwt,20201130,46.7
kwt,20201231,43.64
kgz,20200331,1.94
kgz,20200430,-11.19
kgz,20200531,-7.56
kgz,20200630,-0.21
kgz,20200731,6.19
kgz,20200831,14.65
kgz,20200930,17.0
kgz,20201031,17.9
kgz,20201130,21.17
kgz,20201231,23.03
kgz,20210131,21.17
kgz,20210228,19.97
kgz,20210331,19.69
kgz,20210430,19.39
kgz,20210531,18.53
kgz,20210630,19.22
kgz,20210731,20.1
kgz,20210831,21.4
kgz,20210930,21.92
lva,20200301,-8.71
lva,20200308,-9.58
lva,20200315,-9.3
lva,20200322,-9.23
lva,20200329,-9.27
lva,20200405,-8.69
lva,20200412,-8.16
lva,20200419,-8.01
lva,20200426,-7.44
lva,20200503,-6.91
lva,20200510,-7.31
lva,20200517,-6.44
lva,20200524,-5.98
lva,20200531,-5.83
lva,20200607,-5.54
lva,20200614,-4.99
lva,20200621,-4.86
lva,20200628,-4.24
lva,20200705,-3.93
lva,20200712,-3.98
lva,20200719,-3.84
lva,20200726,-3.7
lva,20200802,-3.57
lva,20200809,-3.3
lva,20200816,-3.01
lva,20200823,-2.71
lva,20200830,-2.64
lva,20200906,-2.52
lva,20200913,-2.53
lva,20200920,-2.52
lva,20200927,-2.4
lva,20201004,-2.28
lva,20201011,-2.26
lva,20201018,-2.09
lva,20201025,-1.78
lva,20201101,-1.63
lva,20201108,-1.38
lva,20201115,-1.14
lva,20201122,-0.84
lva,20201129,-0.48
lva,20201206,0.02
lva,20201213,0.64
lva,20201220,1.17
lva,20201227,2.01
lva,20210103,2.55
lva,20210110,3.29
lva,20210117,3.9
lva,20210124,4.36
lva,20210131,4.82
lva,20210207,5.23
lva,20210214,5.49
lva,20210221,5.63
lva,20210228,5.66
lva,20210307,5.47
lva,20210314,5.34
lva,20210321,5.37
lva,20210328,5.22
lva,20210404,5.15
lva,20210411,5.0
lva,20210418,4.97
lva,20210425,5.03
lva,20210502,5.18
lva,20210509,5.35
lva,20210516,5.56
lva,20210523,5.69
lva,20210530,5.73
lva,20210606,5.75
lva,20210613,6.01
lva,20210620,6.05
lva,20210627,6.41
lva,20210704,6.61
lva,20210711,6.74
lva,20210718,6.95
lva,20210725,6.83
lva,20210801,6.87
lva,20210808,6.93
lva,20210815,6.91
lva,20210822,6.97
lva,20210829,6.91
lva,20210905,6.96
lva,20210912,7.17
lva,20210919,7.21
lva,20210926,7.38
lva,20211003,7.55
lva,20211010,7.72
lva,20211017,8.15
lva,20211024,8.81
lva,20211031,9.49
lva,20211107,10.12
lva,20211114,10.75
lbn,20200229,2.64
lbn,20200331,-1.24
lbn,20200430,-3.77
lbn,20200531,-2.46
lbn,20200630,-2.87
lbn,20200731,-2.24
lbn,20200831,-0.5
lbn,20200930,2.13
lbn,20201031,4.79
lbn,20201130,8.19
lbn,20201231,11.82
lbn,20210131,17.74
lbn,20210228,22.67
lbn,20210331,27.22
lbn,20210430,29.95
lbn,20210531,29.25
lbn,20210630,27.99
lbn,20210731,27.27
lbn,20210831,27.49
lbn,20210930,27.55
lie,20200331,-3.23
lie,20200430,-1.26
lie,20200531,0.7
lie,20200630,-0.89
lie,20200731,-2.81
lie,20200831,-2.56
lie,20200930,1.99
lie,20201031,1.79
lie,20201130,8.27
lie,20201231,18.22
lie,20210131,18.47
lie,20210228,17.95
lie,20210331,12.99
lie,20210430,14.5
lie,20210531,15.08
lie,20210630,12.1
lie,20210731,12.36
lie,20210831,11.01
lie,20210930,9.79
lie,20211031,8.72
ltu,20200301,-7.22
ltu,20200308,-6.78
ltu,20200315,-6.2
ltu,20200322,-5.24
ltu,20200329,-4.15
ltu,20200405,-3.64
ltu,20200412,-2.91
ltu,20200419,-2.38
ltu,20200426,-1.73
ltu,20200503,-1.17
ltu,20200510,-1.1
ltu,20200517,-0.77
ltu,20200524,-0.82
ltu,20200531,-0.53
ltu,20200607,-0.28
ltu,20200614,0.57
ltu,20200621,1.06
ltu,20200628,1.68
ltu,20200705,1.82
ltu,20200712,2.0
ltu,20200719,2.43
ltu,20200726,2.65
ltu,20200802,2.9
ltu,20200809,3.04
ltu,20200816,3.36
ltu,20200823,3.81
ltu,20200830,3.97
ltu,20200906,4.05
ltu,20200913,4.42
ltu,20200920,4.58
ltu,20200927,4.88
ltu,20201004,4.95
ltu,20201011,5.16
ltu,20201018,5.39
ltu,20201025,5.65
ltu,20201101,5.99
ltu,20201108,6.43
ltu,20201115,7.06
ltu,20201122,8.09
ltu,20201129,9.11
ltu,20201206,10.38
ltu,20201213,11.63
ltu,20201220,13.13
ltu,20201227,14.51
ltu,20210103,15.7
ltu,20210110,16.3
ltu,20210117,16.84
ltu,20210124,16.99
ltu,20210131,17.17
ltu,20210207,17.05
ltu,20210214,17.02
ltu,20210221,16.9
ltu,20210228,16.42
ltu,20210307,16.21
ltu,20210314,16.15
ltu,20210321,15.97
ltu,20210328,15.86
ltu,20210404,15.66
ltu,20210411,15.7
ltu,20210418,15.65
ltu,20210425,15.67
ltu,20210502,15.63
ltu,20210509,15.75
ltu,20210516,15.8
ltu,20210523,15.85
ltu,20210530,15.79
ltu,20210606,15.79
ltu,20210613,15.79
ltu,20210620,15.85
ltu,20210627,16.1
ltu,20210704,15.91
ltu,20210711,16.02
ltu,20210718,16.18
ltu,20210725,16.06
ltu,20210801,15.95
ltu,20210808,15.88
ltu,20210815,15.87
ltu,20210822,15.95
ltu,20210829,16.02
ltu,20210905,16.03
ltu,20210912,16.22
ltu,20210919,16.48
ltu,20210926,16.79
ltu,20211003,17.13
ltu,20211010,17.41
ltu,20211017,17.79
ltu,20211024,18.05
ltu,20211031,18.4
ltu,20211107,18.68
ltu,20211114,18.96
ltu,20211121,19.15
lux,20200301,-16.67
lux,20200308,-16.45
lux,20200315,-15.15
lux,20200322,-14.37
lux,20200329,-11.65
lux,20200405,-10.76
lux,20200412,-7.46
lux,20200419,-6.83
lux,20200426,-6.3
lux,20200503,-6.52
lux,20200510,-5.62
lux,20200517,-5.23
lux,20200524,-5.27
lux,20200531,-4.97
lux,20200607,-5.1
lux,20200614,-5.4
lux,20200621,-4.97
lux,20200628,-5.14
lux,20200705,-5.43
lux,20200712,-5.77
lux,20200719,-5.79
lux,20200726,-5.98
lux,20200802,-5.42
lux,20200809,-4.81
lux,20200816,-4.0
lux,20200823,-3.94
lux,20200830,-4.52
lux,20200906,-4.27
lux,20200913,-4.37
lux,20200920,-3.84
lux,20200927,-4.09
lux,20201004,-4.02
lux,20201011,-4.53
lux,20201018,-4.25
lux,20201025,-3.81
lux,20201101,-3.53
lux,20201108,-2.82
lux,20201115,-1.95
lux,20201122,-1.03
lux,20201129,0.31
lux,20201206,0.92
lux,20201213,1.77
lux,20201220,2.09
lux,20201227,2.66
lux,20210103,2.76
lux,20210110,2.88
lux,20210117,2.73
lux,20210124,2.59
lux,20210131,2.84
lux,20210207,2.61
lux,20210214,2.29
lux,20210221,2.05
lux,20210228,1.82
lux,20210307,1.71
lux,20210314,1.79
lux,20210321,2.25
lux,20210328,1.97
lux,20210404,1.7
lux,20210411,1.65
lux,20210418,1.59
lux,20210425,1.54
lux,20210502,1.73
lux,20210509,1.7
lux,20210516,1.47
lux,20210523,1.59
lux,20210530,1.35
lux,20210606,1.19
lux,20210613,1.2
lux,20210620,1.25
lux,20210627,1.19
lux,20210704,1.33
lux,20210711,1.24
lux,20210718,1.22
lux,20210725,1.08
lux,20210801,0.87
lux,20210808,0.78
lux,20210815,0.72
lux,20210822,0.51
lux,20210829,0.5
lux,20210905,0.48
lux,20210912,0.61
lux,20210919,0.53
lux,20210926,0.47
lux,20211003,0.5
lux,20211010,0.63
lux,20211017,0.34
lux,20211024,0.35
lux,20211031,0.71
lux,20211107,0.83
mac,20210228,-1.0
mac,20210331,-1.24
mac,20210430,-1.03
mac,20210531,-1.01
mac,20210630,-0.66
mac,20210731,-1.04
mac,20210831,-0.68
mac,20210930,-0.61
mys,20200131,3.76
mys,20200229,0.26
mys,20200331,-1.86
mys,20200430,-4.31
mys,20200531,-5.22
mys,20200630,-6.08
mys,20200731,-6.86
mys,20200831,-6.9
mys,20200930,-6.92
mys,20201031,-6.86
mys,20201130,-7.37
mys,20201231,-7.55
mys,20210131,-6.98
mys,20210228,-6.9
mys,20210331,-6.84
mys,20210430,-6.61
mys,20210531,-6.24
mys,20210630,-5.92
mys,20210731,-3.13
mys,20210831,0.0
mys,20210930,1.54
mlt,20200308,-9.75
mlt,20200315,-7.77
mlt,20200322,-5.08
mlt,20200329,-4.11
mlt,20200405,-4.0
mlt,20200412,-3.37
mlt,20200419,-1.66
mlt,20200426,-2.27
mlt,20200503,-1.97
mlt,20200510,-1.84
mlt,20200517,-1.42
mlt,20200524,-2.2
mlt,20200531,-2.31
mlt,20200607,-2.11
mlt,20200614,-2.67
mlt,20200621,-2.58
mlt,20200628,-3.33
mlt,20200705,-3.0
mlt,20200712,-3.06
mlt,20200719,-2.77
mlt,20200726,-2.91
mlt,20200802,-3.0
mlt,20200809,-3.12
mlt,20200816,-3.24
mlt,20200823,-2.39
mlt,20200830,-2.02
mlt,20200906,-1.82
mlt,20200913,-1.83
mlt,20200920,-1.64
mlt,20200927,-0.92
mlt,20201004,-0.14
mlt,20201011,0.04
mlt,20201018,-0.18
mlt,20201025,-0.11
mlt,20201101,0.63
mlt,20201108,1.25
mlt,20201115,1.91
mlt,20201122,2.45
mlt,20201129,2.95
mlt,20201206,3.81
mlt,20201213,4.48
mlt,20201220,5.31
mlt,20201227,5.79
mlt,20210103,5.62
mlt,20210110,5.27
mlt,20210117,5.03
mlt,20210124,5.22
mlt,20210131,5.12
mlt,20210207,4.95
mlt,20210214,4.84
mlt,20210221,5.23
mlt,20210228,5.42
mlt,20210307,5.78
mlt,20210314,6.11
mlt,20210321,6.34
mlt,20210328,6.34
mlt,20210404,6.35
mlt,20210411,6.05
mlt,20210418,5.91
mlt,20210425,5.68
mlt,20210502,5.48
mlt,20210509,5.39
mlt,20210516,5.44
mlt,20210523,5.55
mlt,20210530,5.68
mlt,20210606,5.3
mlt,20210613,5.14
mlt,20210620,5.06
mlt,20210627,4.92
mlt,20210704,5.34
mlt,20210711,5.31
mlt,20210718,5.43
mlt,20210725,5.44
mlt,20210801,5.3
mlt,20210808,5.6
mlt,20210815,5.92
mlt,20210822,5.72
mlt,20210829,5.89
mlt,20210905,5.88
mlt,20210912,5.87
mlt,20210919,5.88
mlt,20210926,5.63
mlt,20211003,5.74
mus,20200331,-3.43
mus,20200430,-3.69
mus,20200531,-3.76
mus,20200630,-2.93
mus,20200731,-3.53
mus,20200831,-3.27
mus,20200930,-3.9
mus,20201031,-3.69
mus,20201130,-3.37
mus,20201231,-3.36
mus,20210131,-3.37
mus,20210228,-3.3
mus,20210331,-3.23
mus,20210430,-3.21
mus,20210531,-3.29
mus,20210630,-2.8
mex,20200105,-1.48
mex,20200112,-0.35
mex,20200119,-0.73
mex,20200126,-1.39
mex,20200202,-2.2
mex,20200209,-2.26
mex,20200216,-2.78
mex,20200223,-3.26
mex,20200301,-3.88
mex,20200308,-4.11
mex,20200315,-4.23
mex,20200322,-4.66
mex,20200329,-4.63
mex,20200405,-4.72
mex,20200412,-4.43
mex,20200419,-3.73
mex,20200426,-2.37
mex,20200503,-0.49
mex,20200510,1.86
mex,20200517,4.53
mex,20200524,7.18
mex,20200531,9.72
mex,20200607,12.36
mex,20200614,15.0
mex,20200621,17.45
mex,20200628,19.73
mex,20200705,22.01
mex,20200712,24.37
mex,20200719,26.55
mex,20200726,28.41
mex,20200802,29.92
mex,20200809,31.22
mex,20200816,32.18
mex,20200823,32.95
mex,20200830,33.52
mex,20200906,33.89
mex,20200913,34.08
mex,20200920,34.1
mex,20200927,34.2
mex,20201004,34.14
mex,20201011,34.15
mex,20201018,34.14
mex,20201025,34.24
mex,20201101,34.39
mex,20201108,34.7
mex,20201115,35.0
mex,20201122,35.28
mex,20201129,35.62
mex,20201206,36.06
mex,20201213,36.62
mex,20201220,37.31
mex,20201227,38.22
mex,20210103,39.48
mex,20210110,41.11
mex,20210117,43.6
mex,20210124,46.16
mex,20210131,47.71
mex,20210207,48.65
mex,20210214,48.98
mex,20210221,49.18
mex,20210228,49.27
mex,20210307,49.01
mex,20210314,48.74
mex,20210321,48.39
mex,20210328,47.98
mex,20210404,47.56
mex,20210411,47.16
mex,20210418,46.8
mex,20210425,46.37
mex,20210502,45.88
mex,20210509,45.37
mex,20210516,44.85
mex,20210523,44.29
mex,20210530,43.73
mex,20210606,43.19
mex,20210613,42.7
mex,20210620,42.24
mex,20210627,41.78
mex,20210704,41.37
mex,20210711,41.04
mex,20210718,40.79
mex,20210725,40.7
mex,20210801,40.8
mex,20210808,41.11
mex,20210815,41.6
mex,20210822,42.19
mex,20210829,42.7
mex,20210905,43.19
mex,20210912,43.5
mex,20210919,43.67
mex,20210926,43.68
mex,20211003,43.59
mex,20211010,43.31
mex,20211017,42.94
mex,20211024,42.46
mda,20200331,-8.31
mda,20200430,-11.32
mda,20200531,-3.83
mda,20200630,-0.24
mda,20200731,3.46
mda,20200831,4.07
mda,20200930,6.82
mda,20201031,9.08
mda,20201130,10.27
mda,20201231,14.28
mda,20210131,13.76
mda,20210228,14.06
mda,20210331,16.82
mda,20210430,18.76
mda,20210531,18.38
mda,20210630,17.91
mco,20200229,-12.21
mco,20200331,-0.22
mco,20200430,2.74
mco,20200531,2.59
mco,20200630,3.46
mco,20200731,1.91
mco,20200831,3.82
mco,20200930,4.99
mco,20201031,5.63
mco,20201130,3.36
mco,20201231,5.17
mco,20210131,6.14
mco,20210228,10.22
mco,20210331,13.37
mco,20210430,12.59
mco,20210531,14.85
mco,20210630,12.93
mco,20210731,12.13
mco,20210831,12.68
mco,20210930,13.01
mco,20211031,13.26
mng,20200331,-9.35
mng,20200430,-8.88
mng,20200531,-9.85
mng,20200630,-9.33
mng,20200731,-8.44
mng,20200831,-8.3
mng,20200930,-7.79
mng,20201031,-7.28
mng,20201130,-7.3
mng,20201231,-8.62
mng,20210131,-9.71
mng,20210228,-9.71
mng,20210331,-9.63
mng,20210430,-8.74
mng,20210531,-8.57
mng,20210630,-6.9
mng,20210731,-5.18
mng,20210831,-4.1
mng,20210930,-2.04
mng,20211031,0.68
mne,20200322,-10.32
mne,20200329,-8.02
mne,20200405,-8.54
mne,20200412,-8.0
mne,20200419,-7.91
mne,20200426,-8.6
mne,20200503,-8.65
mne,20200510,-8.95
mne,20200517,-8.51
mne,20200524,-8.21
mne,20200531,-7.83
mne,20200607,-7.92
mne,20200614,-7.98
mne,20200621,-8.22
mne,20200628,-8.13
mne,20200705,-6.74
mne,20200712,-5.98
mne,20200719,-5.0
mne,20200726,-4.24
mne,20200802,-3.4
mne,20200809,-3.18
mne,20200816,-3.1
mne,20200823,-2.48
mne,20200830,-1.74
mne,20200906,-1.15
mne,20200913,-0.86
mne,20200920,-0.55
mne,20200927,0.21
mne,20201004,0.6
mne,20201011,1.1
mne,20201018,1.82
mne,20201025,2.93
mne,20201101,3.82
mne,20201108,4.6
mne,20201115,5.12
mne,20201122,6.25
mne,20201129,6.86
mne,20201206,7.32
mne,20201213,7.52
mne,20201220,8.02
mne,20201227,8.6
mne,20210103,10.96
mne,20210110,11.36
mne,20210117,11.46
mne,20210124,11.76
mne,20210131,11.86
mne,20210207,12.31
mne,20210214,12.98
mne,20210221,13.79
mne,20210228,14.42
mne,20210307,15.08
mne,20210314,15.66
mne,20210321,16.71
mne,20210328,17.01
mne,20210404,17.96
mne,20210411,18.33
mne,20210418,18.78
mne,20210425,19.32
mne,20210502,19.7
mne,20210509,19.76
mne,20210516,20.08
mne,20210523,20.27
nld,20200301,-7.62
nld,20200308,-7.77
nld,20200315,-7.23
nld,20200322,-5.52
nld,20200329,-2.06
nld,20200405,2.57
nld,20200412,6.57
nld,20200419,8.86
nld,20200426,10.27
nld,20200503,10.76
nld,20200510,10.46
nld,20200517,9.96
nld,20200524,9.49
nld,20200531,9.02
nld,20200607,8.62
nld,20200614,8.28
nld,20200621,7.99
nld,20200628,7.61
nld,20200705,7.14
nld,20200712,6.8
nld,20200719,6.35
nld,20200726,6.05
nld,20200802,5.87
nld,20200809,5.63
nld,20200816,6.04
nld,20200823,6.05
nld,20200830,5.95
nld,20200906,5.84
nld,20200913,5.71
nld,20200920,5.59
nld,20200927,5.55
nld,20201004,5.59
nld,20201011,5.57
nld,20201018,5.75
nld,20201025,6.06
nld,20201101,6.56
nld,20201108,6.91
nld,20201115,7.24
nld,20201122,7.34
nld,20201129,7.48
nld,20201206,7.66
nld,20201213,7.81
nld,20201220,8.15
nld,20201227,8.49
nld,20210103,8.95
nld,20210110,9.25
nld,20210117,9.31
nld,20210124,9.42
nld,20210131,9.41
nld,20210207,9.38
nld,20210214,9.3
nld,20210221,9.19
nld,20210228,8.87
nld,20210307,8.56
nld,20210314,8.31
nld,20210321,8.06
nld,20210328,7.88
nld,20210404,7.78
nld,20210411,7.75
nld,20210418,7.74
nld,20210425,7.75
nld,20210502,7.76
nld,20210509,7.74
nld,20210516,7.71
nld,20210523,7.7
nld,20210530,7.6
nld,20210606,7.61
nld,20210613,7.58
nld,20210620,7.56
nld,20210627,7.47
nld,20210704,7.4
nld,20210711,7.32
nld,20210718,7.31
nld,20210725,7.24
nld,20210801,7.22
nld,20210808,7.25
nld,20210815,7.22
nld,20210822,7.24
nld,20210829,7.26
nld,20210905,7.25
nld,20210912,7.34
nld,20210919,7.34
nld,20210926,7.33
nld,20211003,7.36
nld,20211010,7.38
nld,20211017,7.36
nld,20211024,7.43
nld,20211031,7.53
nld,20211107,7.67
nld,20211114,7.87
nld,20211121,8.15
nld,20211128,8.44
nzl,20200301,-0.86
nzl,20200308,-0.87
nzl,20200315,-1.17
nzl,20200322,-1.11
nzl,20200329,-1.27
nzl,20200405,-1.21
nzl,20200412,-0.84
nzl,20200419,-0.69
nzl,20200426,-0.78
nzl,20200503,-1.53
nzl,20200510,-1.8
nzl,20200517,-1.98
nzl,20200524,-2.39
nzl,20200531,-2.97
nzl,20200607,-3.41
nzl,20200614,-3.67
nzl,20200621,-3.99
nzl,20200628,-4.38
nzl,20200705,-4.79
nzl,20200712,-5.29
nzl,20200719,-5.43
nzl,20200726,-5.65
nzl,20200802,-5.9
nzl,20200809,-6.31
nzl,20200816,-6.65
nzl,20200823,-6.74
nzl,20200830,-7.07
nzl,20200906,-7.17
nzl,20200913,-7.35
nzl,20200920,-7.56
nzl,20200927,-7.65
nzl,20201004,-7.58
nzl,20201011,-7.7
nzl,20201018,-7.66
nzl,20201025,-7.36
nzl,20201101,-7.45
nzl,20201108,-7.35
nzl,20201115,-7.34
nzl,20201122,-7.3
nzl,20201129,-7.1
nzl,20201206,-6.88
nzl,20201213,-6.75
nzl,20201220,-6.49
nzl,20201227,-6.37
nzl,20210103,-6.12
nzl,20210110,-5.85
nzl,20210117,-5.74
nzl,20210124,-5.52
nzl,20210131,-5.48
nzl,20210207,-5.32
nzl,20210214,-5.13
nzl,20210221,-5.06
nzl,20210228,-5.0
nzl,20210307,-4.86
nzl,20210314,-4.79
nzl,20210321,-4.71
nzl,20210328,-4.6
nzl,20210404,-4.43
nzl,20210411,-4.36
nzl,20210418,-4.29
nzl,20210425,-4.27
nzl,20210502,-4.11
nzl,20210509,-4.04
nzl,20210516,-4.06
nzl,20210523,-3.94
nzl,20210530,-3.92
nzl,20210606,-3.9
nzl,20210613,-3.9
nzl,20210620,-3.78
nzl,20210627,-3.84
nzl,20210704,-3.89
nzl,20210711,-3.8
nzl,20210718,-3.71
nzl,20210725,-3.67
nzl,20210801,-3.64
nzl,20210808,-3.58
nzl,20210815,-3.51
nzl,20210822,-3.45
nzl,20210829,-3.44
nzl,20210905,-3.39
nzl,20210912,-3.34
nzl,20210919,-3.44
nzl,20210926,-3.49
nzl,20211003,-3.52
nzl,20211010,-3.55
nzl,20211017,-3.59
nzl,20211024,-3.52
nzl,20211031,-3.52
nzl,20211107,-3.52
nzl,20211114,-3.52
nic,20200331,9.17
nic,20200430,21.22
nic,20200531,29.27
nic,20200630,33.55
nic,20200731,37.61
nic,20200831,40.68
mkd,20200229,-9.64
mkd,20200331,-8.52
mkd,20200430,-4.45
mkd,20200531,-3.18
mkd,20200630,1.58
mkd,20200731,4.1
mkd,20200831,5.87
mkd,20200930,7.3
mkd,20201031,10.23
mkd,20201130,21.5
mkd,20201231,26.85
mkd,20210131,24.84
mkd,20210228,24.63
mkd,20210331,26.27
mkd,20210430,30.45
mkd,20210531,31.64
mkd,20210630,31.38
mkd,20210731,30.79
mkd,20210831,31.34
mkd,20210930,34.75
nor,20200301,-4.71
nor,20200308,-5.02
nor,20200315,-4.6
nor,20200322,-4.31
nor,20200329,-3.36
nor,20200405,-2.87
nor,20200412,-2.26
nor,20200419,-1.76
nor,20200426,-1.68
nor,20200503,-1.54
nor,20200510,-1.44
nor,20200517,-1.61
nor,20200524,-1.49
nor,20200531,-1.71
nor,20200607,-1.84
nor,20200614,-1.73
nor,20200621,-1.59
nor,20200628,-1.76
nor,20200705,-1.94
nor,20200712,-2.09
nor,20200719,-1.89
nor,20200726,-1.8
nor,20200802,-1.53
nor,20200809,-1.41
nor,20200816,-1.27
nor,20200823,-1.13
nor,20200830,-1.22
nor,20200906,-1.23
nor,20200913,-0.93
nor,20200920,-0.73
nor,20200927,-0.69
nor,20201004,-0.51
nor,20201011,-0.51
nor,20201018,-0.61
nor,20201025,-0.48
nor,20201101,-0.36
nor,20201108,-0.32
nor,20201115,-0.32
nor,20201122,-0.25
nor,20201129,-0.29
nor,20201206,-0.38
nor,20201213,-0.33
nor,20201220,-0.35
nor,20201227,-0.46
nor,20210103,-0.53
nor,20210110,-0.75
nor,20210117,-0.84
nor,20210124,-0.93
nor,20210131,-0.98
nor,20210207,-1.19
nor,20210214,-1.26
nor,20210221,-1.46
nor,20210228,-1.67
nor,20210307,-1.99
nor,20210314,-2.1
nor,20210321,-2.14
nor,20210328,-2.19
nor,20210404,-2.28
nor,20210411,-2.29
nor,20210418,-2.32
nor,20210425,-2.31
nor,20210502,-2.28
nor,20210509,-2.34
nor,20210516,-2.36
nor,20210523,-2.3
nor,20210530,-2.27
nor,20210606,-2.23
nor,20210613,-2.18
nor,20210620,-2.21
nor,20210627,-2.22
nor,20210704,-2.22
nor,20210711,-2.15
nor,20210718,-2.13
nor,20210725,-2.05
nor,20210801,-2.0
nor,20210808,-1.87
nor,20210815,-1.75
nor,20210822,-1.62
nor,20210829,-1.51
nor,20210905,-1.41
nor,20210912,-1.3
nor,20210919,-1.13
nor,20210926,-0.98
nor,20211003,-0.89
nor,20211010,-0.78
nor,20211017,-0.7
nor,20211024,-0.58
nor,20211031,-0.41
nor,20211107,-0.22
nor,20211114,-0.03
nor,20211121,0.03
omn,20200229,-6.06
omn,20200331,-4.21
omn,20200430,-4.86
omn,20200531,-3.74
omn,20200630,-0.37
omn,20200731,4.2
omn,20200831,7.5
omn,20200930,11.43
omn,20201031,14.28
omn,20201130,14.64
omn,20201231,13.75
omn,20210131,12.32
omn,20210228,11.43
omn,20210331,11.12
omn,20210430,13.33
omn,20210531,16.17
omn,20210630,22.49
omn,20210731,28.38
omn,20210831,28.63
omn,20210930,27.11
omn,20211031,25.98
pan,20200331,-4.51
pan,20200430,-27.35
pan,20200531,-12.46
pan,20200630,-4.93
pan,20200731,3.54
pan,20200831,9.63
pan,20200930,12.57
pan,20201031,13.17
pan,20201130,13.96
pan,20201231,14.46
pan,20210131,19.29
pan,20210228,24.01
pan,20210331,25.25
pan,20210430,24.35
pan,20210531,23.33
pan,20210630,22.73
pry,20200331,8.78
pry,20200430,5.73
pry,20200531,2.45
pry,20200630,-0.45
pry,20200731,-1.75
pry,20200831,0.18
pry,20200930,2.44
pry,20201031,4.55
pry,20201130,5.88
pry,20201231,7.68
pry,20210131,8.24
pry,20210228,9.6
pry,20210331,13.34
pry,20210430,20.2
pry,20210531,27.87
pry,20210630,33.19
pry,20210731,34.05
pry,20210831,32.81
per,20200105,15.04
per,20200112,17.15
per,20200119,15.84
per,20200126,15.91
per,20200202,17.08
per,20200209,16.77
per,20200216,16.52
per,20200223,15.81
per,20200301,16.98
per,20200308,16.75
per,20200315,16.52
per,20200322,15.66
per,20200329,14.91
per,20200405,16.06
per,20200412,16.68
per,20200419,18.57
per,20200426,22.76
per,20200503,30.61
per,20200510,37.81
per,20200517,45.3
per,20200524,52.65
per,20200531,59.6
per,20200607,67.94
per,20200614,73.56
per,20200621,78.12
per,20200628,81.6
per,20200705,86.27
per,20200712,89.91
per,20200719,93.51
per,20200726,96.95
per,20200802,101.82
per,20200809,105.03
per,20200816,107.78
per,20200823,109.58
per,20200830,110.39
per,20200906,111.05
per,20200913,110.31
per,20200920,109.08
per,20200927,107.48
per,20201004,106.36
per,20201011,104.61
per,20201018,102.74
per,20201025,101.0
per,20201101,99.59
per,20201108,97.96
per,20201115,96.58
per,20201122,95.13
per,20201129,93.72
per,20201206,92.73
per,20201213,91.46
per,20201220,90.41
per,20201227,89.42
per,20210103,89.04
per,20210110,88.84
per,20210117,89.17
per,20210124,90.27
per,20210131,92.05
per,20210207,93.87
per,20210214,96.21
per,20210221,98.45
per,20210228,100.3
per,20210307,102.09
per,20210314,103.9
per,20210321,105.62
per,20210328,107.46
per,20210404,109.5
per,20210411,111.83
per,20210418,114.16
per,20210425,116.22
per,20210502,117.98
per,20210509,119.28
per,20210516,120.26
per,20210523,120.85
per,20210530,121.11
per,20210606,121.16
per,20210613,120.79
per,20210620,120.19
per,20210627,119.35
per,20210704,118.46
per,20210711,117.42
per,20210718,116.39
per,20210725,115.27
per,20210801,114.13
per,20210808,112.99
per,20210815,111.86
per,20210822,110.77
per,20210829,109.8
per,20210905,108.72
per,20210912,107.64
per,20210919,106.59
per,20210926,105.55
per,20211003,104.5
per,20211010,103.58
per,20211017,102.6
per,20211024,101.6
per,20211031,100.63
per,20211107,99.71
per,20211114,98.8
per,20211121,97.97
per,20211128,97.15
phl,20200131,-3.07
phl,20200229,-3.94
phl,20200331,-5.95
phl,20200430,-7.26
phl,20200531,-6.58
phl,20200630,-5.79
phl,20200731,-4.3
phl,20200831,-3.0
phl,20200930,-2.36
phl,20201031,-2.18
phl,20201130,-2.04
phl,20201231,-1.78
phl,20210131,-1.32
phl,20210228,-0.64
phl,20210331,0.71
phl,20210430,2.72
phl,20210531,4.65
phl,20210630,6.2
phl,20210731,7.49
pol,20200308,-7.01
pol,20200315,-6.69
pol,20200322,-6.39
pol,20200329,-6.18
pol,20200405,-5.98
pol,20200412,-5.69
pol,20200419,-5.17
pol,20200426,-5.01
pol,20200503,-4.74
pol,20200510,-4.52
pol,20200517,-4.27
pol,20200524,-4.1
pol,20200531,-3.88
pol,20200607,-3.57
pol,20200614,-3.31
pol,20200621,-3.22
pol,20200628,-3.08
pol,20200705,-2.83
pol,20200712,-2.73
pol,20200719,-2.59
pol,20200726,-2.53
pol,20200802,-2.34
pol,20200809,-2.09
pol,20200816,-1.74
pol,20200823,-1.41
pol,20200830,-1.37
pol,20200906,-1.24
pol,20200913,-1.06
pol,20200920,-0.79
pol,20200927,-0.61
pol,20201004,-0.44
pol,20201011,-0.02
pol,20201018,0.64
pol,20201025,1.93
pol,20201101,3.84
pol,20201108,6.11
pol,20201115,8.1
pol,20201122,9.77
pol,20201129,11.05
pol,20201206,12.05
pol,20201213,12.77
pol,20201220,13.34
pol,20201227,13.91
pol,20210103,14.39
pol,20210110,14.71
pol,20210117,14.91
pol,20210124,15.1
pol,20210131,15.13
pol,20210207,14.98
pol,20210214,14.86
pol,20210221,14.78
pol,20210228,14.67
pol,20210307,14.62
pol,20210314,14.73
pol,20210321,15.03
pol,20210328,15.55
pol,20210404,16.3
pol,20210411,17.07
pol,20210418,17.66
pol,20210425,18.14
pol,20210502,18.44
pol,20210509,18.6
pol,20210516,18.72
pol,20210523,18.69
pol,20210530,18.56
pol,20210606,18.44
pol,20210613,18.31
pol,20210620,18.23
pol,20210627,18.16
pol,20210704,17.99
pol,20210711,17.83
pol,20210718,17.73
pol,20210725,17.53
pol,20210801,17.36
pol,20210808,17.15
pol,20210815,16.97
pol,20210822,16.81
pol,20210829,16.67
pol,20210905,16.49
pol,20210912,16.43
pol,20210919,16.35
pol,20210926,16.26
pol,20211003,16.14
pol,20211010,16.04
pol,20211017,15.96
pol,20211024,15.9
pol,20211031,15.91
pol,20211107,15.93
pol,20211114,16.02
prt,20200301,-7.86
prt,20200308,-7.94
prt,20200315,-7.19
prt,20200322,-6.12
prt,20200329,-4.74
prt,20200405,-3.3
prt,20200412,-1.94
prt,20200419,-1.02
prt,20200426,-0.33
prt,20200503,0.01
prt,20200510,0.44
prt,20200517,0.52
prt,20200524,0.7
prt,20200531,1.38
prt,20200607,1.5
prt,20200614,1.35
prt,20200621,1.14
prt,20200628,1.46
prt,20200705,1.74
prt,20200712,2.22
prt,20200719,3.32
prt,20200726,4.01
prt,20200802,4.28
prt,20200809,4.3
prt,20200816,4.29
prt,20200823,4.24
prt,20200830,4.44
prt,20200906,4.55
prt,20200913,4.94
prt,20200920,5.13
prt,20200927,4.99
prt,20201004,5.09
prt,20201011,5.24
prt,20201018,5.37
prt,20201025,5.46
prt,20201101,5.81
prt,20201108,6.18
prt,20201115,6.67
prt,20201122,7.05
prt,20201129,7.33
prt,20201206,7.7
prt,20201213,8.18
prt,20201220,8.43
prt,20201227,8.41
prt,20210103,8.71
prt,20210110,9.34
prt,20210117,10.57
prt,20210124,12.04
prt,20210131,13.29
prt,20210207,13.96
prt,20210214,14.2
prt,20210221,14.04
prt,20210228,13.76
prt,20210307,13.4
prt,20210314,13.0
prt,20210321,12.65
prt,20210328,12.31
prt,20210404,12.08
prt,20210411,11.74
prt,20210418,11.45
prt,20210425,11.21
prt,20210502,10.97
prt,20210509,10.84
prt,20210516,10.67
prt,20210523,10.44
prt,20210530,10.33
prt,20210606,10.16
prt,20210613,10.05
prt,20210620,9.98
prt,20210627,9.76
prt,20210704,9.68
prt,20210711,9.63
prt,20210718,9.62
prt,20210725,9.56
prt,20210801,9.5
prt,20210808,9.46
prt,20210815,9.41
prt,20210822,9.45
prt,20210829,9.43
prt,20210905,9.46
prt,20210912,9.42
prt,20210919,9.37
prt,20210926,9.37
prt,20211003,9.33
prt,20211010,9.32
prt,20211017,9.34
prt,20211024,9.28
prt,20211031,9.26
prt,20211107,9.21
prt,20211114,9.28
prt,20211121,9.34
qat,20200229,3.67
qat,20200331,8.35
qat,20200430,3.82
qat,20200531,7.33
qat,20200630,16.89
qat,20200731,21.88
qat,20200831,21.4
qat,20200930,21.2
qat,20201031,21.06
qat,20201130,17.66
qat,20201231,16.77
qat,20210131,16.23
qat,20210228,14.89
qat,20210331,16.11
qat,20210430,22.14
qat,20210531,23.14
qat,20210630,23.29
qat,20210731,23.12
qat,20210831,23.19
qat,20210930,21.79
qat,20211031,21.44
rou,20200301,-6.84
rou,20200308,-6.76
rou,20200315,-6.72
rou,20200322,-6.66
rou,20200329,-6.33
rou,20200405,-5.92
rou,20200412,-5.41
rou,20200419,-5.01
rou,20200426,-4.56
rou,20200503,-4.39
rou,20200510,-4.09
rou,20200517,-3.72
rou,20200524,-3.68
rou,20200531,-3.6
rou,20200607,-3.26
rou,20200614,-2.85
rou,20200621,-2.85
rou,20200628,-2.58
rou,20200705,-1.92
rou,20200712,-1.59
rou,20200719,-1.34
rou,20200726,-1.1
rou,20200802,-0.53
rou,20200809,-0.02
rou,20200816,0.45
rou,20200823,0.89
rou,20200830,1.34
rou,20200906,1.69
rou,20200913,2.01
rou,20200920,2.32
rou,20200927,2.53
rou,20201004,2.75
rou,20201011,3.12
rou,20201018,3.62
rou,20201025,4.26
rou,20201101,5.08
rou,20201108,6.2
rou,20201115,7.38
rou,20201122,8.64
rou,20201129,9.91
rou,20201206,11.1
rou,20201213,12.04
rou,20201220,12.59
rou,20201227,13.06
rou,20210103,13.36
rou,20210110,13.37
rou,20210117,13.29
rou,20210124,13.39
rou,20210131,13.28
rou,20210207,13.16
rou,20210214,13.01
rou,20210221,12.85
rou,20210228,12.7
rou,20210307,12.64
rou,20210314,12.69
rou,20210321,12.9
rou,20210328,13.21
rou,20210404,13.55
rou,20210411,13.91
rou,20210418,14.27
rou,20210425,14.54
rou,20210502,14.76
rou,20210509,14.82
rou,20210516,14.86
rou,20210523,14.84
rou,20210530,14.72
rou,20210606,14.59
rou,20210613,14.46
rou,20210620,14.26
rou,20210627,14.26
rou,20210704,14.14
rou,20210711,14.02
rou,20210718,13.95
rou,20210725,13.84
rou,20210801,13.76
rou,20210808,13.63
rou,20210815,13.46
rou,20210822,13.35
rou,20210829,13.24
rou,20210905,13.14
rou,20210912,13.19
rou,20210919,13.39
rou,20210926,13.65
rus,20200131,-3.33
rus,20200229,-0.58
rus,20200331,-0.58
rus,20200430,0.42
rus,20200531,3.34
rus,20200630,5.51
rus,20200731,7.92
rus,20200831,8.71
rus,20200930,9.81
rus,20201031,13.51
rus,20201130,17.87
rus,20201231,21.11
rus,20210131,22.05
rus,20210228,21.92
rus,20210331,21.98
rus,20210430,21.51
rus,20210531,20.7
rus,20210630,21.15
rus,20210731,22.63
rus,20210831,23.82
rus,20210930,24.79
rus,20211031,26.76
rus,20211130,29.1
smr,20200229,3.81
smr,20200331,43.48
smr,20200430,41.0
smr,20200531,37.17
smr,20200630,36.3
smr,20200731,34.54
smr,20200831,30.41
smr,20200930,26.02
smr,20201031,26.04
smr,20201130,25.53
smr,20201231,32.23
smr,20210131,28.61
smr,20210228,29.48
smr,20210331,31.85
smr,20210430,31.11
smr,20210531,29.43
smr,20210630,27.28
smr,20210731,27.05
smr,20210831,25.98
smr,20210930,25.38
smr,20211031,25.63
srb,20200229,-2.19
srb,20200331,-1.81
srb,20200430,-0.73
srb,20200531,0.5
srb,20200630,1.64
srb,20200731,4.95
srb,20200831,5.85
srb,20200930,6.29
srb,20201031,5.61
srb,20201130,8.04
srb,20201231,15.71
srb,20210131,14.27
srb,20210228,14.05
srb,20210331,15.99
srb,20210430,18.13
srb,20210531,18.77
srb,20210630,18.76
srb,20210731,18.17
srb,20210831,17.77
srb,20210930,19.1
srb,20211031,21.62
syc,20200331,-9.85
syc,20200430,-12.19
syc,20200531,-18.11
syc,20200630,-19.43
syc,20200731,-19.61
syc,20200831,-20.4
syc,20200930,-20.06
syc,20201031,-22.66
syc,20201130,-21.44
syc,20201231,-20.38
syc,20210131,-18.76
syc,20210228,-16.63
syc,20210331,-15.45
syc,20210430,-14.59
syc,20210531,-11.95
syc,20210630,-8.19
sgp,20200131,10.8
sgp,20200229,7.43
sgp,20200331,5.04
sgp,20200430,5.58
sgp,20200531,4.13
sgp,20200630,2.39
sgp,20200731,0.75
sgp,20200831,0.56
sgp,20200930,0.64
sgp,20201031,0.13
sgp,20201130,0.18
sgp,20201231,0.1
sgp,20210131,0.01
sgp,20210228,0.26
sgp,20210331,0.38
sgp,20210430,0.87
sgp,20210531,1.04
sgp,20210630,1.16
sgp,20210731,1.3
sgp,20210831,1.47
sgp,20210930,1.97
svk,20200308,-5.02
svk,20200315,-4.48
svk,20200322,-3.4
svk,20200329,-3.18
svk,20200405,-2.61
svk,20200412,-2.72
svk,20200419,-2.86
svk,20200426,-2.9
svk,20200503,-2.83
svk,20200510,-2.49
svk,20200517,-2.24
svk,20200524,-2.2
svk,20200531,-2.31
svk,20200607,-2.08
svk,20200614,-1.98
svk,20200621,-2.14
svk,20200628,-2.05
svk,20200705,-1.84
svk,20200712,-1.7
svk,20200719,-1.66
svk,20200726,-1.83
svk,20200802,-1.76
svk,20200809,-1.43
svk,20200816,-1.4
svk,20200823,-1.3
svk,20200830,-1.09
svk,20200906,-1.02
svk,20200913,-0.78
svk,20200920,-0.82
svk,20200927,-0.68
svk,20201004,-0.32
svk,20201011,-0.12
svk,20201018,0.32
svk,20201025,0.96
svk,20201101,1.73
svk,20201108,2.61
svk,20201115,3.4
svk,20201122,4.07
svk,20201129,4.82
svk,20201206,5.67
svk,20201213,6.6
svk,20201220,7.46
svk,20201227,8.61
svk,20210103,10.22
svk,20210110,11.67
svk,20210117,13.11
svk,20210124,14.2
svk,20210131,15.28
svk,20210207,16.22
svk,20210214,17.34
svk,20210221,18.3
svk,20210228,19.15
svk,20210307,19.83
svk,20210314,20.43
svk,20210321,20.94
svk,20210328,21.34
svk,20210404,21.6
svk,20210411,21.74
svk,20210418,21.78
svk,20210425,21.81
svk,20210502,21.72
svk,20210509,21.62
svk,20210516,21.57
svk,20210523,21.37
svk,20210530,21.09
svk,20210606,20.89
svk,20210613,20.73
svk,20210620,20.57
svk,20210627,20.49
svk,20210704,20.3
svk,20210711,20.13
svk,20210718,19.96
svk,20210725,19.67
svk,20210801,19.43
svk,20210808,19.18
svk,20210815,18.97
svk,20210822,18.81
svk,20210829,18.56
svk,20210905,18.4
svk,20210912,18.3
svk,20210919,18.31
svk,20210926,18.29
svk,20211003,18.18
svk,20211010,18.18
svk,20211017,18.16
svk,20211024,18.23
svk,20211031,18.35
svn,20200202,-7.85
svn,20200209,-7.38
svn,20200216,-5.54
svn,20200223,-5.55
svn,20200301,-5.92
svn,20200308,-5.34
svn,20200315,-5.18
svn,20200322,-4.59
svn,20200329,-5.07
svn,20200405,-5.24
svn,20200412,-4.34
svn,20200419,-3.81
svn,20200426,-3.63
svn,20200503,-3.73
svn,20200510,-3.49
svn,20200517,-3.51
svn,20200524,-2.95
svn,20200531,-3.19
svn,20200607,-3.23
svn,20200614,-2.88
svn,20200621,-2.64
svn,20200628,-1.93
svn,20200705,-1.84
svn,20200712,-2.04
svn,20200719,-2.11
svn,20200726,-2.14
svn,20200802,-1.86
svn,20200809,-1.76
svn,20200816,-1.52
svn,20200823,-1.62
svn,20200830,-1.8
svn,20200906,-1.62
svn,20200913,-1.44
svn,20200920,-1.1
svn,20200927,-1.14
svn,20201004,-0.97
svn,20201011,-0.83
svn,20201018,-0.48
svn,20201025,0.22
svn,20201101,1.4
svn,20201108,2.68
svn,20201115,4.45
svn,20201122,6.2
svn,20201129,8.19
svn,20201206,9.98
svn,20201213,11.59
svn,20201220,12.8
svn,20201227,13.79
svn,20210103,14.62
svn,20210110,15.0
svn,20210117,15.37
svn,20210124,15.53
svn,20210131,15.37
svn,20210207,15.15
svn,20210214,14.7
svn,20210221,14.22
svn,20210228,13.96
svn,20210307,13.58
svn,20210314,13.44
svn,20210321,13.16
svn,20210328,12.91
svn,20210404,12.7
svn,20210411,12.47
svn,20210418,12.44
svn,20210425,12.41
svn,20210502,12.2
svn,20210509,12.08
svn,20210516,12.02
svn,20210523,12.0
svn,20210530,11.93
svn,20210606,11.95
svn,20210613,11.89
svn,20210620,11.89
svn,20210627,11.82
svn,20210704,11.82
svn,20210711,11.6
svn,20210718,11.4
svn,20210725,11.15
svn,20210801,10.99
svn,20210808,10.77
svn,20210815,10.62
svn,20210822,10.39
svn,20210829,10.15
svn,20210905,10.1
svn,20210912,10.19
svn,20210919,10.17
svn,20210926,10.19
svn,20211003,10.25
svn,20211010,10.18
svn,20211017,10.19
zaf,20200209,2.81
zaf,20200216,2.85
zaf,20200223,2.99
zaf,20200301,2.2
zaf,20200308,2.51
zaf,20200315,2.56
zaf,20200322,2.45
zaf,20200329,1.96
zaf,20200405,1.12
zaf,20200412,0.57
zaf,20200419,0.01
zaf,20200426,-0.75
zaf,20200503,-1.72
zaf,20200510,-2.31
zaf,20200517,-2.81
zaf,20200524,-3.1
zaf,20200531,-3.43
zaf,20200607,-3.69
zaf,20200614,-3.72
zaf,20200621,-3.11
zaf,20200628,-2.36
zaf,20200705,-1.38
zaf,20200712,0.18
zaf,20200719,2.19
zaf,20200726,4.11
zaf,20200802,5.44
zaf,20200809,6.27
zaf,20200816,6.7
zaf,20200823,7.06
zaf,20200830,7.18
zaf,20200906,7.15
zaf,20200913,7.04
zaf,20200920,6.84
zaf,20200927,6.74
zaf,20201004,6.45
zaf,20201011,6.46
zaf,20201018,6.55
zaf,20201025,6.61
zaf,20201101,6.55
zaf,20201108,6.58
zaf,20201115,6.75
zaf,20201122,6.92
zaf,20201129,6.91
zaf,20201206,7.15
zaf,20201213,7.65
zaf,20201220,8.29
zaf,20201227,9.54
zaf,20210103,11.24
zaf,20210110,13.48
zaf,20210117,16.1
zaf,20210124,18.12
zaf,20210131,19.05
zaf,20210207,19.54
zaf,20210214,19.71
zaf,20210221,19.82
zaf,20210228,19.82
zaf,20210307,19.77
zaf,20210314,19.73
zaf,20210321,19.61
zaf,20210328,19.52
zaf,20210404,19.42
zaf,20210411,19.32
zaf,20210418,19.25
zaf,20210425,19.17
zaf,20210502,19.09
zaf,20210509,18.99
zaf,20210516,18.94
zaf,20210523,18.88
zaf,20210530,18.91
zaf,20210606,19.0
zaf,20210613,19.09
zaf,20210620,19.12
zaf,20210627,19.4
zaf,20210704,19.87
zaf,20210711,20.49
zaf,20210718,21.48
zaf,20210725,22.35
zaf,20210801,23.09
zaf,20210808,23.54
zaf,20210815,23.79
zaf,20210822,24.09
zaf,20210829,24.3
zaf,20210905,24.5
zaf,20210912,24.53
zaf,20210919,24.48
zaf,20210926,24.39
zaf,20211003,24.26
zaf,20211010,24.07
zaf,20211017,23.93
zaf,20211024,23.78
zaf,20211031,23.59
zaf,20211107,23.45
zaf,20211114,23.34
zaf,20211121,23.18
zaf,20211128,22.99
kor,20200126,0.17
kor,20200202,0.44
kor,20200209,1.03
kor,20200216,0.84
kor,20200223,0.24
kor,20200301,-0.11
kor,20200308,-0.35
kor,20200315,-0.48
kor,20200322,-0.57
kor,20200329,-0.79
kor,20200405,-1.05
kor,20200412,-0.88
kor,20200419,-0.92
kor,20200426,-0.98
kor,20200503,-0.75
kor,20200510,-0.84
kor,20200517,-1.02
kor,20200524,-1.05
kor,20200531,-1.19
kor,20200607,-1.05
kor,20200614,-0.95
kor,20200621,-0.95
kor,20200628,-0.92
kor,20200705,-0.89
kor,20200712,-0.96
kor,20200719,-0.89
kor,20200726,-0.85
kor,20200802,-0.87
kor,20200809,-0.92
kor,20200816,-0.76
kor,20200823,-0.49
kor,20200830,-0.3
kor,20200906,-0.26
kor,20200913,-0.2
kor,20200920,-0.12
kor,20200927,-0.06
kor,20201004,-0.05
kor,20201011,0.03
kor,20201018,0.03
kor,20201025,0.1
kor,20201101,0.17
kor,20201108,0.23
kor,20201115,0.27
kor,20201122,0.28
kor,20201129,0.21
kor,20201206,0.27
kor,20201213,0.23
kor,20201220,0.13
kor,20201227,0.09
kor,20210103,0.06
kor,20210110,-0.01
kor,20210117,-0.05
kor,20210124,-0.12
kor,20210131,-0.27
kor,20210207,-0.35
kor,20210214,-0.46
kor,20210221,-0.49
kor,20210228,-0.57
kor,20210307,-0.63
kor,20210314,-0.63
kor,20210321,-0.63
kor,20210328,-0.63
kor,20210404,-0.63
kor,20210411,-0.65
kor,20210418,-0.6
kor,20210425,-0.6
kor,20210502,-0.58
kor,20210509,-0.56
kor,20210516,-0.49
kor,20210523,-0.52
kor,20210530,-0.47
kor,20210606,-0.47
kor,20210613,-0.42
kor,20210620,-0.38
kor,20210627,-0.33
kor,20210704,-0.28
kor,20210711,-0.22
kor,20210718,-0.16
kor,20210725,-0.06
kor,20210801,0.04
kor,20210808,0.09
kor,20210815,0.13
kor,20210822,0.19
kor,20210829,0.25
kor,20210905,0.3
kor,20210912,0.36
kor,20210919,0.41
kor,20210926,0.47
kor,20211003,0.5
esp,20200202,-6.05
esp,20200209,-6.1
esp,20200216,-6.4
esp,20200223,-6.91
esp,20200301,-7.11
esp,20200308,-6.88
esp,20200315,-5.47
esp,20200322,-1.12
esp,20200329,8.28
esp,20200405,17.5
esp,20200412,23.14
esp,20200419,25.57
esp,20200426,26.04
esp,20200503,25.71
esp,20200510,25.05
esp,20200517,23.95
esp,20200524,23.06
esp,20200531,22.33
esp,20200607,21.39
esp,20200614,20.41
esp,20200621,19.47
esp,20200628,18.85
esp,20200705,18.19
esp,20200712,17.64
esp,20200719,17.12
esp,20200726,16.77
esp,20200802,16.71
esp,20200809,16.59
esp,20200816,16.51
esp,20200823,16.38
esp,20200830,16.29
esp,20200906,16.2
esp,20200913,16.23
esp,20200920,16.23
esp,20200927,16.14
esp,20201004,16.1
esp,20201011,16.15
esp,20201018,16.17
esp,20201025,16.4
esp,20201101,16.61
esp,20201108,16.96
esp,20201115,17.15
esp,20201122,17.23
esp,20201129,17.22
esp,20201206,17.18
esp,20201213,17.05
esp,20201220,16.8
esp,20201227,16.41
esp,20210103,16.11
esp,20210110,15.91
esp,20210117,15.94
esp,20210124,16.17
esp,20210131,16.41
esp,20210207,16.44
esp,20210214,16.28
esp,20210221,15.99
esp,20210228,15.66
esp,20210307,15.29
esp,20210314,14.96
esp,20210321,14.67
esp,20210328,14.47
esp,20210404,14.26
esp,20210411,14.08
esp,20210418,13.9
esp,20210425,13.78
esp,20210502,13.65
esp,20210509,13.6
esp,20210516,13.47
esp,20210523,13.33
esp,20210530,13.18
esp,20210606,13.06
esp,20210613,12.98
esp,20210620,12.94
esp,20210627,12.78
esp,20210704,12.68
esp,20210711,12.53
esp,20210718,12.4
esp,20210725,12.43
esp,20210801,12.46
esp,20210808,12.53
esp,20210815,12.62
esp,20210822,12.74
esp,20210829,12.8
esp,20210905,12.82
esp,20210912,12.86
esp,20210919,12.86
esp,20210926,12.82
esp,20211003,12.77
esp,20211010,12.71
esp,20211017,12.61
esp,20211024,12.5
swe,20200202,-4.17
swe,20200209,-4.65
swe,20200216,-4.56
swe,20200223,-5.18
swe,20200301,-5.59
swe,20200308,-5.37
swe,20200315,-5.58
swe,20200322,-4.76
swe,20200329,-3.45
swe,20200405,-0.98
swe,20200412,2.02
swe,20200419,4.49
swe,20200426,6.1
swe,20200503,7.63
swe,20200510,8.9
swe,20200517,9.74
swe,20200524,10.35
swe,20200531,10.26
swe,20200607,10.45
swe,20200614,10.59
swe,20200621,10.58
swe,20200628,10.53
swe,20200705,10.21
swe,20200712,9.96
swe,20200719,9.6
swe,20200726,9.33
swe,20200802,9.05
swe,20200809,8.91
swe,20200816,8.69
swe,20200823,8.56
swe,20200830,8.2
swe,20200906,7.95
swe,20200913,7.76
swe,20200920,7.52
swe,20200927,7.34
swe,20201004,7.07
swe,20201011,6.8
swe,20201018,6.66
swe,20201025,6.42
swe,20201101,6.31
swe,20201108,6.21
swe,20201115,6.33
swe,20201122,6.63
swe,20201129,6.78
swe,20201206,7.1
swe,20201213,7.41
swe,20201220,7.85
swe,20201227,8.26
swe,20210103,8.72
swe,20210110,8.93
swe,20210117,9.14
swe,20210124,9.3
swe,20210131,9.3
swe,20210207,9.12
swe,20210214,8.96
swe,20210221,8.74
swe,20210228,8.43
swe,20210307,8.01
swe,20210314,7.8
swe,20210321,7.5
swe,20210328,7.34
swe,20210404,7.11
swe,20210411,6.94
swe,20210418,6.79
swe,20210425,6.65
swe,20210502,6.51
swe,20210509,6.47
swe,20210516,6.43
swe,20210523,6.35
swe,20210530,6.26
swe,20210606,6.17
swe,20210613,6.09
swe,20210620,6.0
swe,20210627,5.92
swe,20210704,5.82
swe,20210711,5.73
swe,20210718,5.68
swe,20210725,5.59
swe,20210801,5.57
swe,20210808,5.45
swe,20210815,5.45
swe,20210822,5.41
swe,20210829,5.38
swe,20210905,5.33
swe,20210912,5.32
swe,20210919,5.35
swe,20210926,5.35
swe,20211003,5.36
swe,20211010,5.31
swe,20211017,5.26
swe,20211024,5.26
swe,20211031,5.23
swe,20211107,5.23
swe,20211114,5.21
che,20200301,-8.01
che,20200308,-7.92
che,20200315,-7.28
che,20200322,-5.73
che,20200329,-3.59
che,20200405,-0.57
che,20200412,1.3
che,20200419,2.7
che,20200426,3.25
che,20200503,3.12
che,20200510,2.89
che,20200517,2.64
che,20200524,2.42
che,20200531,2.1
che,20200607,2.01
che,20200614,1.94
che,20200621,1.75
che,20200628,1.62
che,20200705,1.5
che,20200712,1.39
che,20200719,1.03
che,20200726,0.88
che,20200802,1.09
che,20200809,1.04
che,20200816,1.13
che,20200823,1.17
che,20200830,1.13
che,20200906,1.07
che,20200913,1.15
che,20200920,1.16
che,20200927,1.18
che,20201004,1.1
che,20201011,1.22
che,20201018,1.25
che,20201025,1.66
che,20201101,2.38
che,20201108,3.7
che,20201115,5.06
che,20201122,6.38
che,20201129,7.49
che,20201206,8.66
che,20201213,9.84
che,20201220,10.85
che,20201227,11.69
che,20210103,12.3
che,20210110,12.63
che,20210117,12.77
che,20210124,12.85
che,20210131,12.78
che,20210207,12.47
che,20210214,12.08
che,20210221,11.56
che,20210228,11.08
che,20210307,10.56
che,20210314,10.16
che,20210321,9.78
che,20210328,9.52
che,20210404,9.31
che,20210411,9.11
che,20210418,8.98
che,20210425,8.86
che,20210502,8.81
che,20210509,8.66
che,20210516,8.6
che,20210523,8.49
che,20210530,8.36
che,20210606,8.3
che,20210613,8.13
che,20210620,8.08
che,20210627,7.99
che,20210704,7.86
che,20210711,7.73
che,20210718,7.62
che,20210725,7.5
che,20210801,7.37
che,20210808,7.26
che,20210815,7.3
che,20210822,7.27
che,20210829,7.23
che,20210905,7.27
che,20210912,7.32
che,20210919,7.34
che,20210926,7.31
che,20211003,7.28
che,20211010,7.15
che,20211017,7.09
che,20211024,7.05
che,20211031,7.03
che,20211107,6.95
che,20211114,6.93
che,20211121,6.92
twn,20200131,-5.91
twn,20200229,1.99
twn,20200331,-1.88
twn,20200430,-1.97
twn,20200531,-3.34
twn,20200630,-3.18
twn,20200731,-3.24
twn,20200831,-4.02
twn,20200930,-3.51
twn,20201031,-4.08
twn,20201130,-3.75
twn,20201231,-3.21
twn,20210131,-2.57
twn,20210228,-2.31
twn,20210331,-2.64
twn,20210430,-2.67
twn,20210531,-2.33
twn,20210630,-1.31
twn,20210731,-1.09
twn,20210831,-0.96
twn,20210930,-0.87
twn,20211031,-0.98
tha,20200131,5.43
tha,20200229,2.93
tha,20200331,4.19
tha,20200430,1.24
tha,20200531,-0.07
tha,20200630,0.34
tha,20200731,-0.02
tha,20200831,-0.2
tha,20200930,-0.36
tha,20201031,-0.72
tha,20201130,-0.1
tha,20201231,0.68
tha,20210131,0.99
tha,20210228,0.67
tha,20210331,1.46
tha,20210430,1.25
tha,20210531,1.66
tha,20210630,2.25
tha,20210731,3.18
tha,20210831,4.89
tha,20210930,5.6
tha,20211031,5.67
tha,20211130,6.26
tun,20200331,-2.83
tun,20200430,-4.21
tun,20200531,-5.15
tun,20200630,-5.38
tun,20200731,-5.83
tun,20200831,-4.84
tun,20200930,-4.12
tun,20201031,-0.25
tun,20201130,2.35
tun,20201231,4.49
tun,20210131,6.36
tun,20210228,5.3
tun,20210331,4.38
tun,20210430,5.91
ukr,20200331,-4.32
ukr,20200430,-4.42
ukr,20200531,-5.83
ukr,20200630,-4.07
ukr,20200731,-2.97
ukr,20200831,-2.54
ukr,20200930,-0.78
ukr,20201031,1.34
ukr,20201130,4.15
ukr,20201231,6.85
ukr,20210131,6.43
ukr,20210228,6.51
ukr,20210331,7.89
ukr,20210430,9.97
ukr,20210531,10.18
ukr,20210630,10.2
ukr,20210731,9.86
ukr,20210831,9.41
ukr,20210930,9.67
gbr,20200202,-2.68
gbr,20200209,-3.46
gbr,20200216,-3.85
gbr,20200223,-4.21
gbr,20200301,-4.11
gbr,20200308,-4.24
gbr,20200315,-4.02
gbr,20200322,-3.7
gbr,20200329,-2.94
gbr,20200405,0.89
gbr,20200412,5.33
gbr,20200419,11.08
gbr,20200426,16.05
gbr,20200503,18.98
gbr,20200510,19.55
gbr,20200517,20.52
gbr,20200524,20.59
gbr,20200531,20.51
gbr,20200607,19.95
gbr,20200614,19.42
gbr,20200621,18.72
gbr,20200628,17.98
gbr,20200705,17.37
gbr,20200712,16.65
gbr,20200719,16.06
gbr,20200726,15.55
gbr,20200802,15.08
gbr,20200809,14.63
gbr,20200816,14.29
gbr,20200823,14.04
gbr,20200830,13.92
gbr,20200906,13.23
gbr,20200913,13.02
gbr,20200920,12.75
gbr,20200927,12.47
gbr,20201004,12.29
gbr,20201011,12.03
gbr,20201018,11.89
gbr,20201025,11.85
gbr,20201101,11.83
gbr,20201108,11.88
gbr,20201115,12.01
gbr,20201122,12.19
gbr,20201129,12.34
gbr,20201206,12.38
gbr,20201213,12.39
gbr,20201220,12.35
gbr,20201227,12.78
gbr,20210103,12.96
gbr,20210110,13.68
gbr,20210117,13.99
gbr,20210124,14.53
gbr,20210131,15.1
gbr,20210207,15.56
gbr,20210214,15.77
gbr,20210221,15.8
gbr,20210228,15.66
gbr,20210307,15.44
gbr,20210314,15.09
gbr,20210321,14.7
gbr,20210328,14.39
gbr,20210404,13.91
gbr,20210411,13.54
gbr,20210418,13.15
gbr,20210425,12.9
gbr,20210502,12.61
gbr,20210509,12.19
gbr,20210516,12.1
gbr,20210523,11.9
gbr,20210530,11.7
gbr,20210606,11.54
gbr,20210613,11.42
gbr,20210620,11.29
gbr,20210627,11.08
gbr,20210704,10.9
gbr,20210711,10.84
gbr,20210718,10.78
gbr,20210725,10.74
gbr,20210801,10.75
gbr,20210808,10.76
gbr,20210815,10.78
gbr,20210822,10.78
gbr,20210829,10.79
gbr,20210905,10.77
gbr,20210912,10.85
gbr,20210919,10.93
gbr,20210926,10.98
gbr,20211003,11.0
gbr,20211010,11.03
gbr,20211017,11.06
gbr,20211024,11.1
gbr,20211031,11.12
gbr,20211107,11.18
gbr,20211114,11.24
gbr,20211121,11.29
usa,20200126,-3.62
usa,20200202,-3.44
usa,20200209,-3.18
usa,20200216,-3.07
usa,20200223,-2.83
usa,20200301,-2.52
usa,20200308,-2.23
usa,20200315,-1.99
usa,20200322,-1.67
usa,20200329,-0.82
usa,20200405,1.03
usa,20200412,3.45
usa,20200419,5.47
usa,20200426,7.04
usa,20200503,8.01
usa,20200510,8.75
usa,20200517,9.27
usa,20200524,9.52
usa,20200531,9.62
usa,20200607,9.63
usa,20200614,9.6
usa,20200621,9.59
usa,20200628,9.62
usa,20200705,9.72
usa,20200712,9.97
usa,20200719,10.3
usa,20200726,10.68
usa,20200802,11.03
usa,20200809,11.33
usa,20200816,11.61
usa,20200823,11.83
usa,20200830,11.95
usa,20200906,12.0
usa,20200913,12.01
usa,20200920,12.02
usa,20200927,12.06
usa,20201004,12.01
usa,20201011,12.06
usa,20201018,12.03
usa,20201025,12.05
usa,20201101,12.11
usa,20201108,12.32
usa,20201115,12.53
usa,20201122,12.85
usa,20201129,13.19
usa,20201206,13.62
usa,20201213,14.18
usa,20201220,14.72
usa,20201227,15.27
usa,20210103,15.88
usa,20210110,16.35
usa,20210117,16.8
usa,20210124,17.17
usa,20210131,17.41
usa,20210207,17.58
usa,20210214,17.59
usa,20210221,17.55
usa,20210228,17.45
usa,20210307,17.28
usa,20210314,17.06
usa,20210321,16.84
usa,20210328,16.65
usa,20210404,16.43
usa,20210411,16.28
usa,20210418,16.1
usa,20210425,15.98
usa,20210502,15.88
usa,20210509,15.76
usa,20210516,15.65
usa,20210523,15.56
usa,20210530,15.45
usa,20210606,15.35
usa,20210613,15.23
usa,20210620,15.13
usa,20210627,15.03
usa,20210704,14.95
usa,20210711,14.85
usa,20210718,14.75
usa,20210725,14.7
usa,20210801,14.69
usa,20210808,14.74
usa,20210815,14.85
usa,20210822,15.03
usa,20210829,15.24
usa,20210905,15.46
usa,20210912,15.67
usa,20210919,15.85
usa,20210926,16.0
usa,20211003,16.12
usa,20211010,16.17
usa,20211017,16.17
usa,20211024,16.15
ury,20200331,-1.58
ury,20200430,-1.88
ury,20200531,-3.45
ury,20200630,-6.44
ury,20200731,-7.35
ury,20200831,-8.2
ury,20200930,-8.23
ury,20201031,-7.98
ury,20201130,-7.62
ury,20201231,-6.56
ury,20210131,-4.84
ury,20210228,-5.8
ury,20210331,-4.35
ury,20210430,0.06
ury,20210531,3.85
ury,20210630,5.77
ury,20210731,5.63
uzb,20200331,0.18
uzb,20200430,-2.91
uzb,20200531,-4.25
uzb,20200630,-1.59
uzb,20200731,2.54
uzb,20200831,10.38
uzb,20200930,11.3
uzb,20201031,13.07
uzb,20201130,12.75
uzb,20201231,11.9
uzb,20210131,12.13
uzb,20210228,11.89
uzb,20210331,11.06
uzb,20210430,10.02
uzb,20210531,9.16
uzb,20210630,9.68
uzb,20210731,10.6
uzb,20210831,12.05
uzb,20210930,13.95
