location,date,excess_mortality_cumulative_absolute
alb,20200229,-190.8
alb,20200331,-165.0
alb,20200430,-95.0
alb,20200531,23.0
alb,20200630,188.0
alb,20200731,602.8
alb,20200831,1384.2
alb,20200930,1848.0
alb,20201031,2600.0
alb,20201130,4703.4
alb,20201231,5812.4
alb,20210131,6355.2
alb,20210228,8131.6
alb,20210331,9106.4
alb,20210430,9778.4
alb,20210531,9955.4
alb,20210630,9850.4
alb,20210731,9907.2
alb,20210831,10269.6
alb,20210930,10923.4
and,20200331,16.0
and,20200430,51.6
and,20200531,66.0
and,20200630,66.2
and,20200731,67.8
and,20200831,61.6
and,20200930,63.4
and,20201031,87.0
and,20201130,79.8
and,20201231,89.6
atg,20200331,-5.3
atg,20200430,-5.6
atg,20200531,-4.7
atg,20200630,-13.8
atg,20200731,-14.9
atg,20200831,-30.0
atg,20200930,-37.5
atg,20201031,-44.0
atg,20201130,-47.7
atg,20201231,-57.8
arg,20200131,-773.3
arg,20200229,-297.4
arg,20200331,-571.1
arg,20200430,-1475.0
arg,20200531,-3225.1
arg,20200630,-7413.6
arg,20200731,-5740.5
arg,20200831,-469.4
arg,20200930,10341.1
arg,20201031,24892.4
arg,20201130,35026.5
arg,20201231,41948.2
arm,20200331,156.7
arm,20200430,234.0
arm,20200531,224.3
arm,20200630,1156.8
arm,20200731,1865.9
arm,20200831,2030.4
arm,20200930,2402.5
arm,20201031,4061.0
arm,20201130,7945.9
arm,20201231,10024.0
arm,20210131,10527.1
arm,20210228,10706.6
arm,20210331,11234.7
arm,20210430,12517.0
arm,20210531,13037.3
arm,20210630,13390.8
arm,20210731,13627.9
arm,20210831,13927.4
arm,20210930,14816.5
arm,20211031,16305.0
aus,20200126,-65.4
aus,20200202,-77.6
aus,20200209,-69.8
aus,20200216,11.4
aus,20200223,70.8
aus,20200301,195.6
aus,20200308,201.6
aus,20200315,239.0
aus,20200322,348.6
aus,20200329,532.2
aus,20200405,792.8
aus,20200412,935.4
aus,20200419,956.0
aus,20200426,1023.4
aus,20200503,1001.0
aus,20200510,1013.4
aus,20200517,906.0
aus,20200524,841.0
aus,20200531,742.4
aus,20200607,538.4
aus,20200614,373.8
aus,20200621,122.6
aus,20200628,-171.4
aus,20200705,-443.0
aus,20200712,-680.4
aus,20200719,-1001.8
aus,20200726,-1222.0
aus,20200802,-1362.8
aus,20200809,-1518.8
aus,20200816,-1603.0
aus,20200823,-1879.4
aus,20200830,-2181.6
aus,20200906,-2400.2
aus,20200913,-2630.2
aus,20200920,-2913.2
aus,20200927,-3008.6
aus,20201004,-3113.6
aus,20201011,-3278.4
aus,20201018,-3429.6
aus,20201025,-3568.0
aus,20201101,-3638.2
aus,20201108,-3652.6
aus,20201115,-3549.8
aus,20201122,-3594.2
aus,20201129,-3670.6
aus,20201206,-3562.6
aus,20201213,-3590.0
aus,20201220,-3556.2
aus,20201227,-3450.6
aus,20210103,-3426.0
aus,20210110,-3479.6
aus,20210117,-3564.8
aus,20210124,-3463.6
aus,20210131,-3481.4
aus,20210207,-3419.6
aus,20210214,-3402.8
aus,20210221,-3503.6
aus,20210228,-3319.2
aus,20210307,-3281.4
aus,20210314,-3139.4
aus,20210321,-3067.0
aus,20210328,-3060.4
aus,20210404,-3033.8
aus,20210411,-2952.2
aus,20210418,-2823.6
aus,20210425,-2705.0
aus,20210502,-2452.6
aus,20210509,-2101.0
aus,20210516,-1940.6
aus,20210523,-1882.0
aus,20210530,-1678.0
aus,20210606,-1646.6
aus,20210613,-1508.6
aus,20210620,-1292.2
aus,20210627,-1239.4
aus,20210704,-1161.4
aus,20210711,-1187.0
aus,20210718,-1176.4
aus,20210725,-1159.8
aus,20210801,-1082.0
aus,20210808,-1177.8
aus,20210815,-1285.8
aus,20210822,-1399.0
aus,20210829,-1443.4
aut,20200301,-749.0
aut,20200308,-777.8
aut,20200315,-790.4
aut,20200322,-571.6
aut,20200329,-471.6
aut,20200405,-248.2
aut,20200412,-20.6
aut,20200419,140.8
aut,20200426,239.4
aut,20200503,235.6
aut,20200510,297.0
aut,20200517,303.8
aut,20200524,344.0
aut,20200531,328.4
aut,20200607,386.8
aut,20200614,385.2
aut,20200621,371.4
aut,20200628,390.4
aut,20200705,497.0
aut,20200712,483.4
aut,20200719,437.4
aut,20200726,381.4
aut,20200802,384.4
aut,20200809,372.0
aut,20200816,499.2
aut,20200823,523.2
aut,20200830,577.2
aut,20200906,703.8
aut,20200913,827.8
aut,20200920,954.6
aut,20200927,995.8
aut,20201004,1053.2
aut,20201011,1139.0
aut,20201018,1233.6
aut,20201025,1485.4
aut,20201101,1849.2
aut,20201108,2326.6
aut,20201115,3042.0
aut,20201122,3898.8
aut,20201129,4775.4
aut,20201206,5703.2
aut,20201213,6556.2
aut,20201220,7147.4
aut,20201227,7524.0
aut,20210103,7773.6
aut,20210110,7907.4
aut,20210117,7990.2
aut,20210124,8194.6
aut,20210131,8378.4
aut,20210207,8408.6
aut,20210214,8311.6
aut,20210221,8201.6
aut,20210228,8028.4
aut,20210307,7783.6
aut,20210314,7761.8
aut,20210321,7725.2
aut,20210328,7767.0
aut,20210404,7880.0
aut,20210411,7939.4
aut,20210418,8072.0
aut,20210425,8221.4
aut,20210502,8432.0
aut,20210509,8608.2
aut,20210516,8756.6
aut,20210523,8798.4
aut,20210530,8849.6
aut,20210606,9025.0
aut,20210613,9158.4
aut,20210620,9300.8
aut,20210627,9528.0
aut,20210704,9620.0
aut,20210711,9636.6
aut,20210718,9700.0
aut,20210725,9795.0
aut,20210801,9822.0
aut,20210808,9759.0
aut,20210815,9943.6
aut,20210822,10087.8
aut,20210829,10209.8
aut,20210905,10318.8
aut,20210912,10554.4
aut,20210919,10694.4
aut,20210926,10832.2
aut,20211003,11013.4
aut,20211010,11089.8
aut,20211017,11186.6
aut,20211024,11385.2
aut,20211031,11748.0
aut,20211107,12151.8
aut,20211114,12681.2
aut,20211121,13221.6
aze,20200331,1003.8
aze,20200430,555.2
aze,20200531,94.4
aze,20200630,2083.0
aze,20200731,3631.0
aze,20200831,4093.0
aze,20200930,4419.2
aze,20201031,5713.4
aze,20201130,9500.2
aze,20201231,19200.0
aze,20210131,21843.0
aze,20210228,22213.8
aze,20210331,23209.8
aze,20210430,25650.2
aze,20210531,26330.4
aze,20210630,27314.0
aze,20210731,27539.0
aze,20210831,29451.0
aze,20210930,32797.2
blr,20200229,-1114.0
blr,20200331,-1265.1
blr,20200430,-678.0
blr,20200531,946.3
blr,20200630,4574.8
blr,20200731,5771.5
blr,20200831,6878.0
blr,20200930,8349.3
blr,20201031,10598.0
blr,20201130,16565.1
blr,20201231,23869.0
blr,20210131,28488.9
blr,20210228,31089.0
blr,20210331,31283.9
bel,20200209,-970.0
bel,20200216,-1181.5
bel,20200223,-1363.2
bel,20200301,-1653.9
bel,20200308,-1889.6
bel,20200315,-1995.1
bel,20200322,-1758.2
bel,20200329,-781.9
bel,20200405,1124.6
bel,20200412,3326.5
bel,20200419,4983.2
bel,20200426,5995.1
bel,20200503,6417.0
bel,20200510,6781.9
bel,20200517,6847.8
bel,20200524,6964.7
bel,20200531,7021.4
bel,20200607,6947.5
bel,20200614,6991.0
bel,20200621,6895.5
bel,20200628,6971.6
bel,20200705,6721.5
bel,20200712,6546.8
bel,20200719,6506.1
bel,20200726,6325.4
bel,20200802,6392.1
bel,20200809,6567.8
bel,20200816,7599.7
bel,20200823,7918.0
bel,20200830,7894.1
bel,20200906,7942.2
bel,20200913,7907.9
bel,20200920,8034.2
bel,20200927,8047.7
bel,20201004,8003.8
bel,20201011,8048.9
bel,20201018,8206.0
bel,20201025,8848.3
bel,20201101,10152.0
bel,20201108,11839.5
bel,20201115,13232.6
bel,20201122,14311.9
bel,20201129,15105.8
bel,20201206,15650.3
bel,20201213,16214.4
bel,20201220,16699.9
bel,20201227,17081.6
bel,20210103,17290.3
bel,20210110,17378.0
bel,20210117,17358.5
bel,20210124,17380.8
bel,20210131,17408.5
bel,20210207,17184.6
bel,20210214,16929.3
bel,20210221,16729.8
bel,20210228,16394.1
bel,20210307,15872.4
bel,20210314,15588.7
bel,20210321,15356.2
bel,20210328,15154.1
bel,20210404,15159.4
bel,20210411,15259.9
bel,20210418,15339.8
bel,20210425,15513.5
bel,20210502,15691.4
bel,20210509,15947.3
bel,20210516,15997.2
bel,20210523,16047.1
bel,20210530,16074.0
bel,20210606,16132.7
bel,20210613,16139.8
bel,20210620,16250.3
bel,20210627,16112.8
bel,20210704,16144.9
bel,20210711,15948.8
bel,20210718,15998.1
bel,20210725,16097.4
bel,20210801,15984.7
bel,20210808,15977.4
bel,20210815,15995.1
bel,20210822,15980.0
bel,20210829,15940.3
bel,20210905,15987.4
bel,20210912,16148.5
bel,20210919,16179.2
bel,20210926,16184.5
bel,20211003,16222.0
bel,20211010,16307.1
bel,20211017,16493.2
bel,20211024,16820.3
bel,20211031,17138.6
bel,20211107,17406.3
bel,20211114,17716.8
blz,20200331,-13.4
blz,20200430,-38.2
blz,20200531,-46.6
blz,20200630,-41.2
blz,20200731,-47.6
blz,20200831,-54.0
blz,20200930,-71.8
blz,20201031,-50.6
blz,20201130,34.6
blz,20201231,127.6
bol,20200331,749.8
bol,20200430,-439.2
bol,20200531,-570.8
bol,20200630,3046.4
bol,20200731,14293.0
bol,20200831,20430.4
bol,20200930,21354.4
bol,20201031,21913.0
bol,20201130,22328.0
bol,20201231,22614.8
bol,20210131,27258.8
bol,20210228,29928.0
bol,20210331,31492.6
bol,20210430,32603.6
bol,20210531,36456.0
bol,20210630,41792.2
bol,20210731,45082.8
bol,20210831,46961.2
bol,20210930,48071.2
bih,20200331,-1107.2
bih,20200430,-911.2
bih,20200531,-972.0
bih,20200630,-783.6
bih,20200731,-526.6
bih,20200831,-51.3999999999999
bih,20200930,738.0
bih,20201031,1229.2
bih,20201130,3703.2
bih,20201231,6595.8
bih,20210131,6649.0
bih,20210228,6787.8
bih,20210331,8208.6
bih,20210430,11248.6
bih,20210531,12472.8
bih,20210630,12984.2
bra,20200229,7049.6
bra,20200331,14401.0
bra,20200430,27364.4
bra,20200531,64230.2
bra,20200630,87328.6
bra,20200731,110785.4
bra,20200831,136300.4
bra,20200930,153903.4
bra,20201031,171723.0
bra,20201130,189223.8
bra,20201231,217558.4
bra,20210131,253452.1
bra,20210228,287678.7
bra,20210331,380068.6
bra,20210430,472091.0
bra,20210531,531003.8
bra,20210630,590185.2
bra,20210731,628627.2
bra,20210831,660153.7
bra,20210930,678875.4
bra,20211031,686558.9
bgr,20200308,-1442.6
bgr,20200315,-1551.7
bgr,20200322,-1649.8
bgr,20200329,-1691.7
bgr,20200405,-1762.2
bgr,20200412,-1786.9
bgr,20200419,-1809.2
bgr,20200426,-1861.3
bgr,20200503,-1963.4
bgr,20200510,-2059.9
bgr,20200517,-1923.6
bgr,20200524,-1978.9
bgr,20200531,-2113.8
bgr,20200607,-2091.3
bgr,20200614,-2056.0
bgr,20200621,-2068.1
bgr,20200628,-2102.0
bgr,20200705,-1842.9
bgr,20200712,-1720.8
bgr,20200719,-1726.9
bgr,20200726,-1692.8
bgr,20200802,-1473.5
bgr,20200809,-1328.2
bgr,20200816,-1193.5
bgr,20200823,-1095.6
bgr,20200830,-958.7
bgr,20200906,-806.8
bgr,20200913,-693.1
bgr,20200920,-636.6
bgr,20200927,-577.1
bgr,20201004,-519.2
bgr,20201011,-401.9
bgr,20201018,-282.8
bgr,20201025,56.9000000000001
bgr,20201101,721.8
bgr,20201108,1873.5
bgr,20201115,3716.6
bgr,20201122,6060.9
bgr,20201129,8717.8
bgr,20201206,11334.9
bgr,20201213,13530.0
bgr,20201220,15269.3
bgr,20201227,16174.6
bgr,20210103,16801.9
bgr,20210110,16857.2
bgr,20210117,16786.7
bgr,20210124,16798.0
bgr,20210131,16762.7
bgr,20210207,16701.8
bgr,20210214,16771.9
bgr,20210221,16975.2
bgr,20210228,17281.5
bgr,20210307,17770.0
bgr,20210314,18536.3
bgr,20210321,19738.2
bgr,20210328,21272.1
bgr,20210404,23184.2
bgr,20210411,24846.7
bgr,20210418,26520.0
bgr,20210425,27898.7
bgr,20210502,28994.6
bgr,20210509,29792.5
bgr,20210516,30325.0
bgr,20210523,30723.3
bgr,20210530,30949.0
bgr,20210606,31102.1
bgr,20210613,31254.6
bgr,20210620,31356.9
bgr,20210627,31695.8
bgr,20210704,31887.9
bgr,20210711,32097.0
bgr,20210718,32253.1
bgr,20210725,32322.0
bgr,20210801,32450.1
bgr,20210808,32735.4
bgr,20210815,33042.7
bgr,20210822,33261.4
bgr,20210829,33769.3
bgr,20210905,34419.2
bgr,20210912,35250.1
bgr,20210919,36314.8
bgr,20210926,37266.3
bgr,20211003,38292.8
bgr,20211010,39394.7
bgr,20211017,40772.0
bgr,20211024,42505.1
bgr,20211031,44433.8
bgr,20211107,46433.7
bgr,20211114,48344.4
bgr,20211121,50142.5
can,20200126,-580.3
can,20200202,-809.4
can,20200209,-988.5
can,20200216,-1327.6
can,20200223,-1681.7
can,20200301,-1855.8
can,20200308,-2054.9
can,20200315,-2227.0
can,20200322,-2180.1
can,20200329,-2028.2
can,20200405,-1451.3
can,20200412,-489.4
can,20200419,488.5
can,20200426,1850.4
can,20200503,3143.3
can,20200510,4085.2
can,20200517,4817.1
can,20200524,5398.0
can,20200531,5999.9
can,20200607,6306.8
can,20200614,6279.7
can,20200621,6400.6
can,20200628,6495.5
can,20200705,6448.4
can,20200712,6658.3
can,20200719,6820.2
can,20200726,6952.1
can,20200802,7035.0
can,20200809,7104.9
can,20200816,7373.8
can,20200823,7633.7
can,20200830,7678.6
can,20200906,7892.5
can,20200913,7987.4
can,20200920,8206.3
can,20200927,8572.2
can,20201004,8787.1
can,20201011,9056.0
can,20201018,9189.9
can,20201025,9351.8
can,20201101,9589.7
can,20201108,10239.6
can,20201115,10762.5
can,20201122,11242.4
can,20201129,11870.3
can,20201206,12651.2
can,20201213,13399.1
can,20201220,13955.0
can,20201227,14629.9
can,20210103,15389.8
can,20210110,15662.7
can,20210117,15853.6
can,20210124,16001.5
can,20210131,16152.4
can,20210207,16353.3
can,20210214,16184.2
can,20210221,15975.1
can,20210228,15696.0
can,20210307,15491.9
can,20210314,15082.8
can,20210321,14625.7
can,20210328,14257.6
can,20210404,13919.5
can,20210411,13801.4
can,20210418,13638.3
can,20210425,13491.2
can,20210502,13598.1
can,20210509,13611.0
can,20210516,13647.9
can,20210523,13809.8
can,20210530,13625.7
can,20210606,13762.6
can,20210613,13659.5
can,20210620,13642.4
can,20210627,13533.3
can,20210704,14223.2
can,20210711,13981.1
chl,20200223,205.0
chl,20200301,218.4
chl,20200308,226.0
chl,20200315,270.6
chl,20200322,384.5
chl,20200329,460.9
chl,20200405,567.3
chl,20200412,537.7
chl,20200419,627.6
chl,20200426,650.0
chl,20200503,665.6
chl,20200510,964.0
chl,20200517,1276.6
chl,20200524,1945.0
chl,20200531,3042.9
chl,20200607,4543.0
chl,20200614,6022.6
chl,20200621,7241.0
chl,20200628,8231.1
chl,20200705,8823.0
chl,20200712,9341.1
chl,20200719,9642.2
chl,20200726,9882.3
chl,20200802,10103.2
chl,20200809,10253.3
chl,20200816,10351.2
chl,20200823,10636.1
chl,20200830,10872.0
chl,20200906,10965.6
chl,20200913,11128.2
chl,20200920,11227.3
chl,20200927,11380.7
chl,20201004,11563.3
chl,20201011,11865.7
chl,20201018,12103.3
chl,20201025,12361.2
chl,20201101,12599.1
chl,20201108,12803.5
chl,20201115,12938.4
chl,20201122,13092.0
chl,20201129,13311.1
chl,20201206,13546.7
chl,20201213,13755.6
chl,20201220,13938.7
chl,20201227,14330.1
chl,20210103,14667.5
chl,20210110,15092.4
chl,20210117,15598.5
chl,20210124,16319.1
chl,20210131,16878.0
chl,20210207,17508.1
chl,20210214,18089.5
chl,20210221,18670.1
chl,20210228,19308.5
chl,20210307,20099.9
chl,20210314,20878.5
chl,20210321,21545.1
chl,20210328,22392.0
chl,20210404,23295.4
chl,20210411,24169.8
chl,20210418,25028.2
chl,20210425,25695.1
chl,20210502,26409.5
chl,20210509,27076.1
chl,20210516,27799.5
chl,20210523,28610.1
chl,20210530,29426.5
chl,20210606,30145.4
chl,20210613,30878.5
chl,20210620,31557.1
chl,20210627,32238.5
chl,20210704,33035.6
chl,20210711,33676.5
chl,20210718,34269.6
chl,20210725,34623.7
chl,20210801,34910.8
chl,20210808,35118.7
chl,20210815,35378.8
chl,20210822,35658.7
chl,20210829,35708.6
chl,20210905,35803.5
chl,20210912,35898.1
chl,20210919,36040.7
chl,20210926,36097.8
chl,20211003,36136.2
chl,20211010,36303.8
chl,20211017,36567.2
chl,20211024,36716.8
chl,20211031,37069.7
chl,20211107,37277.6
chl,20211114,37628.0
chl,20211121,37971.9
chl,20211128,38207.5
col,20200308,-212.6
col,20200315,-459.0
col,20200322,-610.4
col,20200329,-947.4
col,20200405,-1398.0
col,20200412,-1754.6
col,20200419,-2029.0
col,20200426,-2321.6
col,20200503,-2749.4
col,20200510,-3011.2
col,20200517,-3311.6
col,20200524,-3448.4
col,20200531,-3553.0
col,20200607,-3299.2
col,20200614,-2829.6
col,20200621,-1958.8
col,20200628,-779.4
col,20200705,537.0
col,20200712,2383.8
col,20200719,4904.4
col,20200726,7945.6
col,20200802,11309.2
col,20200809,14404.8
col,20200816,17300.0
col,20200823,19768.4
col,20200830,21867.2
col,20200906,23745.2
col,20200913,25467.0
col,20200920,26991.2
col,20200927,28541.0
col,20201004,29897.2
col,20201011,31379.6
col,20201018,32898.6
col,20201025,34608.6
col,20201101,35988.8
col,20201108,37522.4
col,20201115,38904.4
col,20201122,40370.8
col,20201129,41808.6
col,20201206,43072.6
col,20201213,44761.8
col,20201220,46477.6
col,20201227,48528.8
col,20210103,51190.0
col,20210110,53991.6
col,20210117,57498.6
col,20210124,61018.6
col,20210131,63866.6
col,20210207,66189.6
col,20210214,67878.2
col,20210221,69183.0
col,20210228,70161.2
col,20210307,71097.2
col,20210314,71758.4
col,20210321,72638.0
col,20210328,73948.6
col,20210404,75772.6
col,20210411,78355.0
col,20210418,82188.4
col,20210425,86359.0
col,20210502,90536.4
col,20210509,94741.6
col,20210516,99008.8
col,20210523,103199.4
col,20210530,107678.6
col,20210606,112644.0
col,20210613,117864.8
col,20210620,123480.4
col,20210627,129085.2
col,20210704,134466.6
col,20210711,139153.0
col,20210718,143079.8
col,20210725,145968.4
col,20210801,148346.6
col,20210808,149903.2
col,20210815,150885.8
col,20210822,151690.0
col,20210829,152238.4
col,20210905,152519.2
cri,20200331,-80.3
cri,20200430,-225.0
cri,20200531,-461.3
cri,20200630,-707.6
cri,20200731,-742.5
cri,20200831,-583.8
cri,20200930,-112.5
cri,20201031,209.0
cri,20201130,362.5
cri,20201231,920.8
hrv,20200301,-961.1
hrv,20200308,-1011.2
hrv,20200315,-999.1
hrv,20200322,-946.0
hrv,20200329,-841.5
hrv,20200405,-854.8
hrv,20200412,-830.5
hrv,20200419,-796.2
hrv,20200426,-921.5
hrv,20200503,-961.0
hrv,20200510,-1011.1
hrv,20200517,-1022.2
hrv,20200524,-1043.3
hrv,20200531,-1103.2
hrv,20200607,-1057.7
hrv,20200614,-998.4
hrv,20200621,-1009.9
hrv,20200628,-974.4
hrv,20200705,-935.9
hrv,20200712,-945.2
hrv,20200719,-992.3
hrv,20200726,-984.4
hrv,20200802,-863.7
hrv,20200809,-846.2
hrv,20200816,-838.3
hrv,20200823,-801.4
hrv,20200830,-724.3
hrv,20200906,-659.6
hrv,20200913,-537.7
hrv,20200920,-473.0
hrv,20200927,-435.9
hrv,20201004,-312.0
hrv,20201011,-294.7
hrv,20201018,-120.4
hrv,20201025,79.7
hrv,20201101,296.0
hrv,20201108,628.5
hrv,20201115,1029.6
hrv,20201122,1580.5
hrv,20201129,2111.8
hrv,20201206,2834.3
hrv,20201213,3567.6
hrv,20201220,4328.5
hrv,20201227,4926.2
hrv,20210103,5358.9
hrv,20210110,5510.2
hrv,20210117,5629.9
hrv,20210124,5703.8
hrv,20210131,5734.9
hrv,20210207,5765.0
hrv,20210214,5786.9
hrv,20210221,5789.8
hrv,20210228,5790.9
hrv,20210307,5728.8
hrv,20210314,5701.7
hrv,20210321,5651.8
hrv,20210328,5750.9
hrv,20210404,5965.4
hrv,20210411,6222.1
hrv,20210418,6535.4
hrv,20210425,6910.7
hrv,20210502,7258.4
hrv,20210509,7561.9
hrv,20210516,7888.8
hrv,20210523,8074.7
hrv,20210530,8197.6
hrv,20210606,8432.7
hrv,20210613,8565.2
hrv,20210620,8673.5
hrv,20210627,8889.0
hrv,20210704,8979.5
hrv,20210711,9051.0
hrv,20210718,9112.7
hrv,20210725,9084.6
hrv,20210801,9186.5
hrv,20210808,9200.2
hrv,20210815,9323.7
hrv,20210822,9399.6
hrv,20210829,9475.5
hrv,20210905,9622.6
hrv,20210912,9847.3
hrv,20210919,10068.2
hrv,20210926,10233.9
hrv,20211003,10408.0
hrv,20211010,10544.9
hrv,20211017,10685.2
hrv,20211024,10903.5
hrv,20211031,11161.6
cub,20200331,737.1
cub,20200430,1277.4
cub,20200531,813.3
cub,20200630,350.4
cub,20200731,-237.5
cub,20200831,-338.2
cub,20200930,-942.3
cub,20201031,-1140.6
cub,20201130,-949.7
cub,20201231,495.2
cyp,20200308,-21.3
cyp,20200315,-21.8
cyp,20200322,-13.7
cyp,20200329,5.2
cyp,20200405,12.3
cyp,20200412,1.6
cyp,20200419,1.3
cyp,20200426,-9.6
cyp,20200503,-13.9
cyp,20200510,-15.0
cyp,20200517,18.1
cyp,20200524,85.6
cyp,20200531,81.9
cyp,20200607,102.6
cyp,20200614,94.9
cyp,20200621,82.4
cyp,20200628,79.9
cyp,20200705,85.0
cyp,20200712,73.9
cyp,20200719,74.0
cyp,20200726,82.5
cyp,20200802,86.6
cyp,20200809,61.5
cyp,20200816,63.4
cyp,20200823,64.7
cyp,20200830,60.4
cyp,20200906,49.3
cyp,20200913,61.0
cyp,20200920,58.9
cyp,20200927,55.0
cyp,20201004,61.1
cyp,20201011,61.2
cyp,20201018,63.9
cyp,20201025,70.4
cyp,20201101,65.9
cyp,20201108,70.6
cyp,20201115,73.7
cyp,20201122,68.0
cyp,20201129,73.1
cyp,20201206,81.0
cyp,20201213,103.1
cyp,20201220,104.2
cyp,20201227,100.5
cyp,20210103,55.8
cyp,20210110,89.9
cyp,20210117,72.0
cyp,20210124,71.7
cyp,20210131,84.8
cyp,20210207,90.9
cyp,20210214,49.2
cyp,20210221,49.1
cyp,20210228,47.6
cyp,20210307,34.7
cyp,20210314,28.6
cyp,20210321,37.1
cyp,20210328,38.2
cyp,20210404,59.1
cyp,20210411,88.2
cyp,20210418,137.5
cyp,20210425,165.2
cyp,20210502,189.3
cyp,20210509,226.0
cyp,20210516,229.9
cyp,20210523,226.0
cyp,20210530,235.5
cyp,20210606,245.8
cyp,20210613,258.5
cyp,20210620,273.8
cyp,20210627,271.3
cyp,20210704,305.8
cyp,20210711,331.9
cyp,20210718,356.8
cyp,20210725,400.9
cyp,20210801,452.4
cyp,20210808,523.5
cyp,20210815,583.4
cyp,20210822,618.3
cyp,20210829,661.6
cyp,20210905,690.3
cyp,20210912,712.2
cyp,20210919,729.9
cze,20200301,-1175.2
cze,20200308,-1335.0
cze,20200315,-1413.6
cze,20200322,-1397.2
cze,20200329,-1342.0
cze,20200405,-1226.6
cze,20200412,-1141.8
cze,20200419,-1125.6
cze,20200426,-1242.6
cze,20200503,-1203.8
cze,20200510,-1270.4
cze,20200517,-1268.8
cze,20200524,-1379.2
cze,20200531,-1521.4
cze,20200607,-1385.6
cze,20200614,-1402.8
cze,20200621,-1371.6
cze,20200628,-1293.6
cze,20200705,-1208.2
cze,20200712,-1240.0
cze,20200719,-1287.6
cze,20200726,-1271.4
cze,20200802,-1123.0
cze,20200809,-1019.6
cze,20200816,-931.4
cze,20200823,-832.2
cze,20200830,-798.4
cze,20200906,-761.2
cze,20200913,-675.2
cze,20200920,-485.8
cze,20200927,-154.8
cze,20201004,81.6
cze,20201011,538.4
cze,20201018,1368.8
cze,20201025,2893.6
cze,20201101,5020.8
cze,20201108,7179.2
cze,20201115,8901.2
cze,20201122,10193.6
cze,20201129,11230.0
cze,20201206,12168.6
cze,20201213,13069.6
cze,20201220,14046.0
cze,20201227,14969.2
cze,20210103,16222.4
cze,20210110,17647.2
cze,20210117,19005.8
cze,20210124,20165.0
cze,20210131,21179.0
cze,20210207,22000.6
cze,20210214,22927.4
cze,20210221,23861.6
cze,20210228,24944.8
cze,20210307,26352.2
cze,20210314,27924.4
cze,20210321,29382.8
cze,20210328,30542.2
cze,20210404,31686.4
cze,20210411,32427.8
cze,20210418,32908.6
cze,20210425,33309.8
cze,20210502,33628.8
cze,20210509,33856.6
cze,20210516,34036.0
cze,20210523,34060.6
cze,20210530,33988.2
cze,20210606,33960.0
cze,20210613,33923.8
cze,20210620,33975.6
cze,20210627,33981.8
cze,20210704,33855.8
cze,20210711,33757.2
cze,20210718,33748.4
cze,20210725,33664.8
cze,20210801,33686.0
cze,20210808,33505.4
cze,20210815,33456.8
cze,20210822,33328.0
cze,20210829,33266.2
cze,20210905,33264.0
cze,20210912,33322.2
cze,20210919,33427.2
cze,20210926,33473.6
cze,20211003,33483.6
cze,20211010,33418.0
cze,20211017,33453.8
cze,20211024,33565.2
dnk,20200202,-273.0
dnk,20200209,-362.8
dnk,20200216,-501.2
dnk,20200223,-653.4
dnk,20200301,-840.8
dnk,20200308,-979.4
dnk,20200315,-1101.6
dnk,20200322,-1113.8
dnk,20200329,-1117.0
dnk,20200405,-1046.6
dnk,20200412,-1002.2
dnk,20200419,-979.6
dnk,20200426,-906.8
dnk,20200503,-923.6
dnk,20200510,-940.4
dnk,20200517,-992.2
dnk,20200524,-996.4
dnk,20200531,-1027.6
dnk,20200607,-1067.0
dnk,20200614,-1071.0
dnk,20200621,-1122.8
dnk,20200628,-1098.6
dnk,20200705,-1075.2
dnk,20200712,-1091.0
dnk,20200719,-1053.0
dnk,20200726,-1118.2
dnk,20200802,-1131.0
dnk,20200809,-1160.4
dnk,20200816,-1141.6
dnk,20200823,-1145.8
dnk,20200830,-1163.8
dnk,20200906,-1150.8
dnk,20200913,-1147.0
dnk,20200920,-1060.2
dnk,20200927,-1095.2
dnk,20201004,-1099.6
dnk,20201011,-1183.4
dnk,20201018,-1188.2
dnk,20201025,-1106.0
dnk,20201101,-1143.6
dnk,20201108,-1144.0
dnk,20201115,-1095.2
dnk,20201122,-1062.4
dnk,20201129,-1037.2
dnk,20201206,-1043.0
dnk,20201213,-1048.6
dnk,20201220,-861.6
dnk,20201227,-743.8
dnk,20210103,-579.0
dnk,20210110,-496.4
dnk,20210117,-428.4
dnk,20210124,-290.8
dnk,20210131,-202.8
dnk,20210207,-176.0
dnk,20210214,-231.8
dnk,20210221,-367.2
dnk,20210228,-584.4
dnk,20210307,-822.8
dnk,20210314,-970.4
dnk,20210321,-1190.6
dnk,20210328,-1308.8
dnk,20210404,-1451.0
dnk,20210411,-1562.6
dnk,20210418,-1631.2
dnk,20210425,-1627.6
dnk,20210502,-1626.8
dnk,20210509,-1571.6
dnk,20210516,-1569.4
dnk,20210523,-1523.2
dnk,20210530,-1489.4
dnk,20210606,-1458.6
dnk,20210613,-1408.0
dnk,20210620,-1412.0
dnk,20210627,-1405.8
dnk,20210704,-1304.6
dnk,20210711,-1321.2
dnk,20210718,-1219.0
dnk,20210725,-1157.0
dnk,20210801,-1109.2
dnk,20210808,-971.0
dnk,20210815,-873.4
dnk,20210822,-799.6
dnk,20210829,-736.8
dnk,20210905,-655.8
dnk,20210912,-534.8
dnk,20210919,-464.0
dnk,20210926,-409.2
dnk,20211003,-282.2
dnk,20211010,-219.6
dnk,20211017,-80.4
dnk,20211024,34.8
dnk,20211031,157.0
dnk,20211107,280.4
dnk,20211114,391.0
dnk,20211121,467.8
dnk,20211128,608.6
dom,20200331,-170.5
dom,20200430,-983.8
dom,20200531,-1612.3
dom,20200630,-1430.0
dom,20200731,-348.3
dom,20200831,477.6
dom,20200930,363.7
ecu,20200301,-259.9
ecu,20200308,-389.8
ecu,20200315,-459.7
ecu,20200322,-431.6
ecu,20200329,1824.7
ecu,20200405,7500.0
ecu,20200412,12264.5
ecu,20200419,15248.4
ecu,20200426,17269.1
ecu,20200503,18613.4
ecu,20200510,19794.5
ecu,20200517,20637.6
ecu,20200524,21341.1
ecu,20200531,22010.2
ecu,20200607,22630.1
ecu,20200614,23376.0
ecu,20200621,24063.9
ecu,20200628,24747.6
ecu,20200705,25528.1
ecu,20200712,26532.2
ecu,20200719,27625.5
ecu,20200726,28787.2
ecu,20200802,29886.5
ecu,20200809,30931.0
ecu,20200816,31856.7
ecu,20200823,32644.0
ecu,20200830,33246.9
ecu,20200906,33891.2
ecu,20200913,34427.5
ecu,20200920,34902.8
ecu,20200927,35271.7
ecu,20201004,35532.8
ecu,20201011,35957.5
ecu,20201018,36265.0
ecu,20201025,36611.9
ecu,20201101,36853.4
ecu,20201108,37062.1
ecu,20201115,37397.8
ecu,20201122,37797.1
ecu,20201129,38090.4
ecu,20201206,38441.9
ecu,20201213,38641.2
ecu,20201220,38938.3
ecu,20201227,39265.4
ecu,20210103,39727.5
ecu,20210110,40221.2
ecu,20210117,40907.1
ecu,20210124,41741.0
ecu,20210131,42448.3
ecu,20210207,43204.6
ecu,20210214,43905.3
ecu,20210221,44651.8
ecu,20210228,45423.1
ecu,20210307,46134.6
ecu,20210314,46978.7
ecu,20210321,48064.8
ecu,20210328,49281.9
ecu,20210404,50637.2
ecu,20210411,52154.5
ecu,20210418,53674.0
ecu,20210425,55464.9
ecu,20210502,57101.6
ecu,20210509,58521.9
ecu,20210516,59675.0
ecu,20210523,60595.1
ecu,20210530,61338.6
ecu,20210606,61880.7
ecu,20210613,62395.6
ecu,20210620,62899.5
ecu,20210627,63357.4
ecu,20210704,63733.1
ecu,20210711,64151.6
ecu,20210718,64539.7
ecu,20210725,64839.0
ecu,20210801,65201.7
ecu,20210808,65370.0
ecu,20210815,65516.5
ecu,20210822,65611.2
ecu,20210829,65814.5
ecu,20210905,65902.4
ecu,20210912,65999.7
ecu,20210919,66128.0
ecu,20210926,66216.3
ecu,20211003,66397.2
ecu,20211010,66436.3
ecu,20211017,66572.0
ecu,20211024,66618.5
ecu,20211031,66655.4
ecu,20211107,66643.9
ecu,20211114,66714.6
ecu,20211121,66804.3
egy,20200229,171.0
egy,20200331,3124.8
egy,20200430,2889.4
egy,20200531,16112.4
egy,20200630,52029.0
egy,20200731,66080.4
egy,20200831,73052.2
egy,20200930,79892.8
egy,20201031,82956.4
egy,20201130,89816.6
egy,20201231,105580.2
egy,20210131,118218.8
egy,20210228,124546.2
egy,20210331,139793.0
egy,20210430,165551.6
egy,20210531,196590.6
egy,20210630,208029.2
slv,20200331,-655.4
slv,20200430,-2226.8
slv,20200531,-3808.6
slv,20200630,-1558.0
slv,20200731,3020.0
slv,20200831,4739.0
est,20200209,-251.4
est,20200216,-254.5
est,20200223,-265.6
est,20200301,-287.5
est,20200308,-332.4
est,20200315,-319.5
est,20200322,-323.8
est,20200329,-319.1
est,20200405,-309.8
est,20200412,-307.3
est,20200419,-301.2
est,20200426,-270.9
est,20200503,-259.8
est,20200510,-243.9
est,20200517,-267.6
est,20200524,-279.7
est,20200531,-256.6
est,20200607,-270.7
est,20200614,-270.0
est,20200621,-266.5
est,20200628,-245.8
est,20200705,-243.5
est,20200712,-242.4
est,20200719,-231.9
est,20200726,-220.0
est,20200802,-187.5
est,20200809,-196.2
est,20200816,-182.9
est,20200823,-185.6
est,20200830,-163.3
est,20200906,-152.6
est,20200913,-172.7
est,20200920,-145.8
est,20200927,-105.9
est,20201004,-95.2
est,20201011,-110.1
est,20201018,-97.0
est,20201025,-92.1
est,20201101,-123.0
est,20201108,-119.3
est,20201115,-122.8
est,20201122,-89.9
est,20201129,-52.2
est,20201206,-12.9
est,20201213,30.8
est,20201220,61.1
est,20201227,103.2
est,20210103,153.3
est,20210110,188.0
est,20210117,234.7
est,20210124,307.4
est,20210131,321.3
est,20210207,331.2
est,20210214,365.9
est,20210221,388.8
est,20210228,452.7
est,20210307,537.8
est,20210314,621.9
est,20210321,719.8
est,20210328,809.5
est,20210404,903.2
est,20210411,998.5
est,20210418,1079.0
est,20210425,1137.1
est,20210502,1163.4
est,20210509,1221.5
est,20210516,1279.4
est,20210523,1288.7
est,20210530,1317.6
est,20210606,1332.7
est,20210613,1352.6
est,20210620,1377.3
est,20210627,1495.8
est,20210704,1543.5
est,20210711,1648.8
est,20210718,1703.9
est,20210725,1705.4
est,20210801,1707.3
est,20210808,1744.8
est,20210815,1765.1
est,20210822,1770.4
est,20210829,1801.7
est,20210905,1852.0
est,20210912,1928.7
est,20210919,1950.6
est,20210926,2016.5
est,20211003,2071.4
est,20211010,2119.1
est,20211017,2186.2
est,20211024,2253.3
est,20211031,2370.2
est,20211107,2487.3
est,20211114,2595.0
est,20211121,2697.5
est,20211128,2826.4
fro,20210131,-64.2
fro,20210228,-62.6
fro,20210331,-79.0
fro,20210430,-72.0
fro,20210531,-78.4
fro,20210630,-81.2
fro,20210731,-79.8
fro,20210831,-84.8
fro,20210930,-83.0
fin,20200202,-597.8
fin,20200209,-627.0
fin,20200216,-649.0
fin,20200223,-674.4
fin,20200301,-765.8
fin,20200308,-783.6
fin,20200315,-802.6
fin,20200322,-789.4
fin,20200329,-766.6
fin,20200405,-754.8
fin,20200412,-642.4
fin,20200419,-627.4
fin,20200426,-522.0
fin,20200503,-450.0
fin,20200510,-388.6
fin,20200517,-276.6
fin,20200524,-299.4
fin,20200531,-281.0
fin,20200607,-284.4
fin,20200614,-252.6
fin,20200621,-172.8
fin,20200628,-123.6
fin,20200705,-94.6
fin,20200712,-114.8
fin,20200719,-74.6
fin,20200726,-105.2
fin,20200802,-83.0
fin,20200809,-75.0
fin,20200816,-69.6
fin,20200823,-33.4
fin,20200830,-28.6
fin,20200906,-38.0
fin,20200913,99.8
fin,20200920,138.0
fin,20200927,215.0
fin,20201004,154.4
fin,20201011,94.4
fin,20201018,131.8
fin,20201025,145.8
fin,20201101,224.0
fin,20201108,237.2
fin,20201115,246.2
fin,20201122,320.8
fin,20201129,375.0
fin,20201206,414.8
fin,20201213,439.0
fin,20201220,477.6
fin,20201227,423.0
fin,20210103,415.4
fin,20210110,333.0
fin,20210117,256.4
fin,20210124,268.8
fin,20210131,278.4
fin,20210207,224.6
fin,20210214,136.4
fin,20210221,175.4
fin,20210228,192.0
fin,20210307,141.6
fin,20210314,66.8
fin,20210321,32.8
fin,20210328,-55.0
fin,20210404,-89.2
fin,20210411,-133.4
fin,20210418,-169.0
fin,20210425,-194.0
fin,20210502,-223.6
fin,20210509,-215.6
fin,20210516,-113.2
fin,20210523,-97.2
fin,20210530,-82.0
fin,20210606,-42.6
fin,20210613,-49.0
fin,20210620,-11.2
fin,20210627,79.6
fin,20210704,116.8
fin,20210711,240.8
fin,20210718,424.6
fin,20210725,456.8
fin,20210801,488.2
fin,20210808,590.4
fin,20210815,742.4
fin,20210822,846.8
fin,20210829,933.0
fin,20210905,1027.8
fin,20210912,1181.4
fin,20210919,1258.2
fin,20210926,1365.4
fin,20211003,1478.4
fin,20211010,1569.8
fin,20211017,1702.8
fin,20211024,1849.2
fin,20211031,1902.2
fin,20211107,1907.4
fin,20211114,1963.6
fra,20200126,-3599.6
fra,20200202,-4424.0
fra,20200209,-5500.8
fra,20200216,-6558.0
fra,20200223,-7910.2
fra,20200301,-9084.6
fra,20200308,-9863.4
fra,20200315,-9640.4
fra,20200322,-7740.6
fra,20200329,-3489.2
fra,20200405,3641.4
fra,20200412,9736.6
fra,20200419,13810.6
fra,20200426,15420.0
fra,20200503,15608.8
fra,20200510,15705.4
fra,20200517,15633.0
fra,20200524,15923.8
fra,20200531,15798.0
fra,20200607,15688.2
fra,20200614,15660.8
fra,20200621,15428.2
fra,20200628,15858.8
fra,20200705,14838.0
fra,20200712,14641.2
fra,20200719,14031.4
fra,20200726,13842.6
fra,20200802,14257.8
fra,20200809,14453.0
fra,20200816,15902.8
fra,20200823,15802.6
fra,20200830,15729.2
fra,20200906,15979.6
fra,20200913,16528.2
fra,20200920,17400.4
fra,20200927,17345.8
fra,20201004,18033.2
fra,20201011,18432.2
fra,20201018,19293.6
fra,20201025,21531.2
fra,20201101,24676.4
fra,20201108,28702.0
fra,20201115,32572.6
fra,20201122,35848.6
fra,20201129,38701.0
fra,20201206,41268.0
fra,20201213,43515.8
fra,20201220,45022.4
fra,20201227,45910.6
fra,20210103,47362.8
fra,20210110,48296.6
fra,20210117,49071.4
fra,20210124,50708.2
fra,20210131,52120.2
fra,20210207,53184.8
fra,20210214,53854.0
fra,20210221,54658.8
fra,20210228,54787.6
fra,20210307,54532.2
fra,20210314,54408.4
fra,20210321,55037.4
fra,20210328,55772.2
fra,20210404,57072.6
fra,20210411,58394.2
fra,20210418,60005.4
fra,20210425,61898.4
fra,20210502,63427.8
fra,20210509,64857.6
fra,20210516,65418.2
fra,20210523,65825.8
fra,20210530,66053.6
fra,20210606,66300.8
fra,20210613,66466.0
fra,20210620,66920.6
fra,20210627,66114.0
fra,20210704,65562.6
fra,20210711,65000.8
fra,20210718,64804.0
fra,20210725,65548.2
fra,20210801,65475.4
fra,20210808,65562.6
fra,20210815,66572.8
fra,20210822,67451.6
fra,20210829,67770.4
fra,20210905,68642.0
fra,20210912,69967.4
fra,20210919,70221.0
fra,20210926,70169.2
fra,20211003,70482.6
fra,20211010,70627.0
fra,20211017,71118.0
fra,20211024,71601.4
fra,20211031,72006.0
fra,20211107,71156.2
pyf,20210228,-17.0
pyf,20210331,-38.6
pyf,20210430,-72.0
pyf,20210531,-91.6
pyf,20210630,-105.6
pyf,20210731,-112.0
pyf,20210831,316.8
pyf,20210930,510.4
geo,20200229,304.8
geo,20200331,157.1
geo,20200430,-84.0
geo,20200531,-41.9
geo,20200630,6.80000000000002
geo,20200731,311.7
geo,20200831,190.8
geo,20200930,358.7
geo,20201031,853.6
geo,20201130,2966.7
geo,20201231,5109.2
geo,20210131,5622.5
geo,20210228,5603.0
geo,20210331,5720.3
geo,20210430,5945.2
geo,20210531,6616.3
geo,20210630,7143.0
deu,20200202,-4767.9
deu,20200209,-6599.8
deu,20200216,-8363.3
deu,20200223,-11277.2
deu,20200301,-14146.5
deu,20200308,-16342.4
deu,20200315,-17429.1
deu,20200322,-17779.2
deu,20200329,-17504.1
deu,20200405,-15790.4
deu,20200412,-13650.7
deu,20200419,-12330.0
deu,20200426,-11659.9
deu,20200503,-11163.0
deu,20200510,-11208.1
deu,20200517,-11468.6
deu,20200524,-11256.1
deu,20200531,-11580.2
deu,20200607,-11262.1
deu,20200614,-11108.0
deu,20200621,-11491.5
deu,20200628,-11099.8
deu,20200705,-12077.1
deu,20200712,-12658.6
deu,20200719,-13255.9
deu,20200726,-14078.8
deu,20200802,-14018.3
deu,20200809,-13554.8
deu,20200816,-10675.5
deu,20200823,-9762.0
deu,20200830,-9908.3
deu,20200906,-9508.6
deu,20200913,-8985.1
deu,20200920,-8107.8
deu,20200927,-7504.5
deu,20201004,-6902.2
deu,20201011,-7086.1
deu,20201018,-6920.8
deu,20201025,-5935.5
deu,20201101,-4874.0
deu,20201108,-3813.5
deu,20201115,-2082.4
deu,20201122,-70.1000000000007
deu,20201129,2916.0
deu,20201206,6785.1
deu,20201213,12072.2
deu,20201220,17710.5
deu,20201227,24500.0
deu,20210103,31209.5
deu,20210110,36398.8
deu,20210117,40928.9
deu,20210124,45033.8
deu,20210131,47487.9
deu,20210207,48349.6
deu,20210214,48397.7
deu,20210221,47447.2
deu,20210228,44523.3
deu,20210307,40577.0
deu,20210314,37307.1
deu,20210321,34691.4
deu,20210328,32992.3
deu,20210404,32072.4
deu,20210411,31931.1
deu,20210418,32618.8
deu,20210425,33892.5
deu,20210502,35492.6
deu,20210509,37364.5
deu,20210516,38245.4
deu,20210523,38754.9
deu,20210530,38938.4
deu,20210606,39974.3
deu,20210613,40416.4
deu,20210620,42989.5
deu,20210627,43354.0
deu,20210704,43402.7
deu,20210711,42886.4
deu,20210718,43753.9
deu,20210725,44162.6
deu,20210801,43619.7
deu,20210808,43201.2
deu,20210815,43686.7
deu,20210822,44230.0
deu,20210829,44676.5
deu,20210905,45121.2
deu,20210912,47447.9
deu,20210919,48719.4
deu,20210926,49988.7
deu,20211003,51059.0
deu,20211010,52024.3
deu,20211017,52986.4
deu,20211024,54852.7
deu,20211031,57034.0
deu,20211107,59411.5
deu,20211114,62085.0
deu,20211121,65841.1
gib,20210131,20.4
grc,20200301,-87.0
grc,20200308,37.2
grc,20200315,150.8
grc,20200322,280.4
grc,20200329,348.2
grc,20200405,391.6
grc,20200412,367.6
grc,20200419,295.0
grc,20200426,199.0
grc,20200503,175.0
grc,20200510,49.2
grc,20200517,359.8
grc,20200524,565.4
grc,20200531,301.0
grc,20200607,188.4
grc,20200614,114.8
grc,20200621,59.6000000000001
grc,20200628,-100.8
grc,20200705,245.6
grc,20200712,236.8
grc,20200719,173.0
grc,20200726,73.2
grc,20200802,387.6
grc,20200809,463.6
grc,20200816,516.8
grc,20200823,682.4
grc,20200830,790.6
grc,20200906,929.2
grc,20200913,1097.4
grc,20200920,1308.4
grc,20200927,1425.0
grc,20201004,1525.8
grc,20201011,1556.2
grc,20201018,1503.0
grc,20201025,1504.4
grc,20201101,1633.6
grc,20201108,1820.2
grc,20201115,2253.8
grc,20201122,3017.2
grc,20201129,3924.4
grc,20201206,4836.8
grc,20201213,5469.4
grc,20201220,5863.2
grc,20201227,5983.6
grc,20210103,6019.0
grc,20210110,5820.6
grc,20210117,5276.6
grc,20210124,4990.0
grc,20210131,4715.4
grc,20210207,4368.8
grc,20210214,4102.0
grc,20210221,4038.0
grc,20210228,4134.6
grc,20210307,4262.0
grc,20210314,4395.2
grc,20210321,4697.8
grc,20210328,5037.4
grc,20210404,5595.2
grc,20210411,6082.6
grc,20210418,6664.6
grc,20210425,6989.0
grc,20210502,7493.0
grc,20210509,8099.0
grc,20210516,8280.2
grc,20210523,8616.8
grc,20210530,9078.4
grc,20210606,9168.0
grc,20210613,9347.4
grc,20210620,9375.8
grc,20210627,9924.6
grc,20210704,10737.2
grc,20210711,11114.6
grc,20210718,11500.8
grc,20210725,11749.0
grc,20210801,12239.2
grc,20210808,13723.6
grc,20210815,14219.6
grc,20210822,14573.8
grc,20210829,15152.4
grc,20210905,15525.6
grc,20210912,15866.2
grc,20210919,16474.4
grc,20210926,16848.4
grc,20211003,17241.0
gtm,20200223,-5.0
gtm,20200301,-23.9
gtm,20200308,-69.8
gtm,20200315,-216.3
gtm,20200322,-458.2
gtm,20200329,-793.9
gtm,20200405,-1140.0
gtm,20200412,-1510.5
gtm,20200419,-1852.6
gtm,20200426,-2163.3
gtm,20200503,-2469.6
gtm,20200510,-2717.5
gtm,20200517,-2961.4
gtm,20200524,-3102.9
gtm,20200531,-3109.6
gtm,20200607,-2897.9
gtm,20200614,-2574.8
gtm,20200621,-2139.1
gtm,20200628,-1452.6
gtm,20200705,-508.1
gtm,20200712,794.0
gtm,20200719,1917.5
gtm,20200726,2958.2
gtm,20200802,3934.3
gtm,20200809,4666.6
gtm,20200816,5306.9
gtm,20200823,5810.4
gtm,20200830,6370.9
gtm,20200906,6788.0
gtm,20200913,7129.5
gtm,20200920,7433.6
gtm,20200927,7730.5
gtm,20201004,7867.8
gtm,20201011,8151.7
gtm,20201018,8353.6
gtm,20201025,8536.3
gtm,20201101,8764.8
gtm,20201108,9030.7
gtm,20201115,9271.4
gtm,20201122,9565.9
gtm,20201129,9873.0
gtm,20201206,10072.5
gtm,20201213,10328.4
gtm,20201220,10575.7
gtm,20201227,10779.0
gtm,20210103,11069.8
gtm,20210110,11402.6
gtm,20210117,11895.7
gtm,20210124,12246.4
gtm,20210131,12696.5
gtm,20210207,13102.0
gtm,20210214,13368.3
gtm,20210221,13523.8
gtm,20210228,13742.3
gtm,20210307,14049.4
gtm,20210314,14260.5
gtm,20210321,14565.0
gtm,20210328,14998.1
gtm,20210404,15180.4
gtm,20210411,15376.3
gtm,20210418,15981.8
gtm,20210425,16526.7
gtm,20210502,16779.0
gtm,20210509,17475.7
gtm,20210516,18040.8
gtm,20210523,18641.9
gtm,20210530,19244.4
gtm,20210606,19833.7
gtm,20210613,20396.4
gtm,20210620,20957.5
gtm,20210627,21590.2
gtm,20210704,22071.7
gtm,20210711,22867.2
gtm,20210718,23411.3
gtm,20210725,24619.8
gtm,20210801,25666.5
gtm,20210808,26821.6
gtm,20210815,28042.9
gtm,20210822,29528.2
gtm,20210829,31128.7
gtm,20210905,33038.2
gtm,20210912,35347.3
gtm,20210919,37189.8
gtm,20210926,39352.9
hkg,20200131,46.0
hkg,20200229,362.8
hkg,20200331,89.2
hkg,20200430,-68.2
hkg,20200531,-6.60000000000002
hkg,20200630,-84.0
hkg,20200731,74.8
hkg,20200831,397.2
hkg,20200930,594.0
hkg,20201031,855.8
hkg,20201130,1170.2
hkg,20201231,1568.6
hkg,20210131,2376.6
hkg,20210228,2210.4
hkg,20210331,1996.8
hkg,20210430,2152.4
hkg,20210531,2317.0
hkg,20210630,1944.6
hkg,20210731,2087.4
hkg,20210831,2312.8
hun,20200308,-2845.6
hun,20200315,-2976.5
hun,20200322,-2810.4
hun,20200329,-2809.7
hun,20200405,-2792.0
hun,20200412,-2694.9
hun,20200419,-2615.8
hun,20200426,-2693.3
hun,20200503,-2811.0
hun,20200510,-2833.3
hun,20200517,-2758.8
hun,20200524,-2924.3
hun,20200531,-3019.6
hun,20200607,-2882.5
hun,20200614,-2886.2
hun,20200621,-3067.9
hun,20200628,-2992.0
hun,20200705,-2893.7
hun,20200712,-3005.4
hun,20200719,-3174.3
hun,20200726,-3401.4
hun,20200802,-3348.5
hun,20200809,-3322.0
hun,20200816,-3360.3
hun,20200823,-3327.2
hun,20200830,-3417.5
hun,20200906,-3419.8
hun,20200913,-3357.9
hun,20200920,-3201.6
hun,20200927,-3099.7
hun,20201004,-2938.8
hun,20201011,-2827.5
hun,20201018,-2497.0
hun,20201025,-1920.9
hun,20201101,-1121.8
hun,20201108,24.4999999999999
hun,20201115,1590.4
hun,20201122,3073.1
hun,20201129,4684.4
hun,20201206,6278.3
hun,20201213,7810.4
hun,20201220,8905.9
hun,20201227,9979.6
hun,20210103,10772.3
hun,20210110,11106.2
hun,20210117,11393.1
hun,20210124,11510.8
hun,20210131,11355.5
hun,20210207,11187.6
hun,20210214,11000.5
hun,20210221,10944.4
hun,20210228,11158.9
hun,20210307,11535.4
hun,20210314,12529.7
hun,20210321,14125.8
hun,20210328,16059.9
hun,20210404,18002.6
hun,20210411,19632.3
hun,20210418,20684.4
hun,20210425,21502.5
hun,20210502,22033.0
hun,20210509,22387.3
hun,20210516,22623.0
hun,20210523,22739.5
hun,20210530,22797.0
hun,20210606,22923.7
hun,20210613,23035.8
hun,20210620,23108.1
hun,20210627,23532.4
hun,20210704,23726.3
hun,20210711,23866.6
hun,20210718,24006.9
hun,20210725,23835.0
hun,20210801,23958.9
hun,20210808,23828.8
hun,20210815,23893.3
hun,20210822,23788.0
hun,20210829,23797.1
hun,20210905,23768.8
hun,20210912,23941.5
hun,20210919,24118.4
hun,20210926,24153.7
hun,20211003,24169.6
hun,20211010,24224.5
hun,20211017,24294.8
hun,20211024,24365.3
hun,20211031,24712.4
isl,20200301,25.7
isl,20200308,29.6
isl,20200315,25.7
isl,20200322,22.4
isl,20200329,16.5
isl,20200405,22.4
isl,20200412,26.3
isl,20200419,37.0
isl,20200426,26.9
isl,20200503,30.0
isl,20200510,24.7
isl,20200517,22.8
isl,20200524,28.5
isl,20200531,35.2
isl,20200607,23.5
isl,20200614,23.2
isl,20200621,16.1
isl,20200628,2.4
isl,20200705,-6.3
isl,20200712,0.800000000000002
isl,20200719,2.9
isl,20200726,-7.8
isl,20200802,-9.5
isl,20200809,-12.0
isl,20200816,-8.7
isl,20200823,-19.0
isl,20200830,-27.5
isl,20200906,-12.4
isl,20200913,-15.5
isl,20200920,-11.8
isl,20200927,-25.5
isl,20201004,-30.6
isl,20201011,-20.7
isl,20201018,-16.6
isl,20201025,-13.3
isl,20201101,-0.399999999999997
isl,20201108,10.5
isl,20201115,16.8
isl,20201122,16.9
isl,20201129,7.2
isl,20201206,3.7
isl,20201213,6.8
isl,20201220,5.3
isl,20201227,15.6
isl,20210103,18.9
isl,20210110,33.4
isl,20210117,41.9
isl,20210124,44.8
isl,20210131,41.5
isl,20210207,37.2
isl,20210214,34.7
isl,20210221,41.8
isl,20210228,40.9
isl,20210307,42.6
isl,20210314,37.5
isl,20210321,33.6
isl,20210328,28.3
isl,20210404,32.4
isl,20210411,28.3
isl,20210418,37.2
isl,20210425,32.9
isl,20210502,34.8
isl,20210509,46.9
isl,20210516,45.6
isl,20210523,42.7
isl,20210530,33.4
isl,20210606,28.1
isl,20210613,27.4
isl,20210620,39.1
isl,20210627,45.0
isl,20210704,42.3
isl,20210711,41.6
isl,20210718,49.7
isl,20210725,47.8
isl,20210801,58.1
isl,20210808,67.4
isl,20210815,74.9
isl,20210822,79.2
isl,20210829,79.9
isl,20210905,79.4
isl,20210912,82.5
isl,20210919,82.4
isl,20210926,72.1
isl,20211003,56.4
isl,20211010,54.3
isl,20211017,54.2
isl,20211024,40.3
isl,20211031,31.6
irn,20200223,-2658.0
irn,20200301,-2459.5
irn,20200308,-1414.9
irn,20200315,1316.2
irn,20200322,5853.1
irn,20200329,6848.2
irn,20200405,7831.7
irn,20200412,10123.8
irn,20200419,12085.0
irn,20200426,13033.9
irn,20200503,14085.0
irn,20200510,14491.2
irn,20200517,14812.1
irn,20200524,15232.5
irn,20200531,15344.9
irn,20200607,16848.8
irn,20200614,18786.8
irn,20200621,20177.4
irn,20200628,22995.7
irn,20200705,25350.7
irn,20200712,27927.6
irn,20200719,30928.1
irn,20200726,34097.8
irn,20200802,38154.5
irn,20200809,41706.8
irn,20200816,44397.1
irn,20200823,47109.8
irn,20200830,49254.9
irn,20200906,50497.7
irn,20200913,53007.6
irn,20200920,55131.8
irn,20200927,57189.2
irn,20201004,60053.5
irn,20201011,63110.2
irn,20201018,67422.2
irn,20201025,71576.7
irn,20201101,77387.9
irn,20201108,83893.4
irn,20201115,91533.8
irn,20201122,98200.9
irn,20201129,103966.3
irn,20201206,107944.2
irn,20201213,110928.5
irn,20201220,113301.4
irn,20201227,114480.1
irn,20210103,115210.5
irn,20210110,115739.3
irn,20210117,116261.4
irn,20210124,116707.2
irn,20210131,117471.3
irn,20210207,117892.0
irn,20210214,117998.5
irn,20210221,118877.3
irn,20210228,119251.8
irn,20210307,120227.1
irn,20210314,121032.0
irn,20210321,122545.7
irn,20210328,122143.6
irn,20210404,124196.9
irn,20210411,127756.6
irn,20210418,130920.3
irn,20210425,135762.2
irn,20210502,140703.1
irn,20210509,144524.5
irn,20210516,148153.4
irn,20210523,152166.9
irn,20210530,155318.7
irn,20210606,157849.5
irn,20210613,160664.7
irn,20210620,162430.4
irn,20210627,164025.9
irn,20210704,165950.6
irn,20210711,167536.2
irn,20210718,169875.6
irn,20210725,171871.5
irn,20210801,176093.0
irn,20210808,181830.0
irn,20210815,187393.9
irn,20210822,194960.7
irn,20210829,206445.0
irn,20210905,215434.5
irn,20210912,223620.9
irn,20210919,230148.0
irn,20210926,235198.6
irn,20211003,238639.5
irn,20211010,241230.4
irn,20211017,245279.4
irn,20211024,248180.4
irn,20211031,250484.4
irn,20211107,252925.6
irn,20211114,254631.1
irn,20211121,255594.7
irn,20211128,256863.5
irl,20200229,-442.2
irl,20200331,-448.0
irl,20200430,482.0
irl,20200531,563.8
irl,20200630,417.2
irl,20200731,319.6
irl,20200831,324.8
irl,20200930,286.6
irl,20201031,408.6
irl,20201130,315.6
irl,20201231,141.6
irl,20210131,786.6
irl,20210228,1176.4
irl,20210331,946.6
irl,20210430,911.6
irl,20210531,966.4
irl,20210630,929.8
isr,20200223,-331.6
isr,20200301,-411.9
isr,20200308,-446.2
isr,20200315,-427.5
isr,20200322,-421.8
isr,20200329,-352.1
isr,20200405,-216.2
isr,20200412,-198.3
isr,20200419,-119.2
isr,20200426,-94.7
isr,20200503,-103.8
isr,20200510,-88.3
isr,20200517,-66.8
isr,20200524,71.1
isr,20200531,95.8
isr,20200607,107.3
isr,20200614,115.0
isr,20200621,118.9
isr,20200628,114.8
isr,20200705,100.3
isr,20200712,155.4
isr,20200719,209.9
isr,20200726,212.6
isr,20200802,360.7
isr,20200809,410.6
isr,20200816,563.7
isr,20200823,676.8
isr,20200830,773.3
isr,20200906,877.2
isr,20200913,1053.7
isr,20200920,1261.2
isr,20200927,1482.3
isr,20201004,1683.0
isr,20201011,1974.7
isr,20201018,2208.4
isr,20201025,2412.7
isr,20201101,2489.0
isr,20201108,2535.5
isr,20201115,2472.8
isr,20201122,2541.1
isr,20201129,2548.2
isr,20201206,2584.7
isr,20201213,2586.4
isr,20201220,2635.5
isr,20201227,2653.0
isr,20210103,2791.5
isr,20210110,2966.8
isr,20210117,3151.3
isr,20210124,3370.6
isr,20210131,3593.1
isr,20210207,3764.8
isr,20210214,3870.5
isr,20210221,3947.6
isr,20210228,3947.9
isr,20210307,3948.6
isr,20210314,4026.3
isr,20210321,4142.0
isr,20210328,4252.7
isr,20210404,4259.4
isr,20210411,4374.3
isr,20210418,4442.2
isr,20210425,4469.3
isr,20210502,4488.8
isr,20210509,4508.7
isr,20210516,4573.2
isr,20210523,4626.7
isr,20210530,4640.6
isr,20210606,4626.3
isr,20210613,4612.8
isr,20210620,4641.5
isr,20210627,4718.4
isr,20210704,4772.3
isr,20210711,4813.8
isr,20210718,4779.9
isr,20210725,4896.4
isr,20210801,4971.1
isr,20210808,5126.2
isr,20210815,5337.1
isr,20210822,5588.2
isr,20210829,5827.3
isr,20210905,6106.8
isr,20210912,6297.7
isr,20210919,6536.2
isr,20210926,6682.7
isr,20211003,6821.8
isr,20211010,6966.5
isr,20211017,7054.2
isr,20211024,7153.9
isr,20211031,7171.2
isr,20211107,7183.5
ita,20200202,-6878.1
ita,20200209,-7684.4
ita,20200216,-8225.1
ita,20200223,-8888.8
ita,20200301,-9038.9
ita,20200308,-7883.4
ita,20200315,-2833.7
ita,20200322,6413.4
ita,20200329,17233.3
ita,20200405,25765.4
ita,20200412,32570.5
ita,20200419,37374.0
ita,20200426,40332.9
ita,20200503,41903.2
ita,20200510,42918.7
ita,20200517,43641.2
ita,20200524,43726.5
ita,20200531,43575.2
ita,20200607,43323.1
ita,20200614,42724.0
ita,20200621,42673.7
ita,20200628,43505.4
ita,20200705,44399.9
ita,20200712,44139.0
ita,20200719,43553.1
ita,20200726,43026.2
ita,20200802,43940.7
ita,20200809,43893.0
ita,20200816,44953.3
ita,20200823,45922.4
ita,20200830,46785.7
ita,20200906,47330.8
ita,20200913,48182.1
ita,20200920,49104.2
ita,20200927,49306.9
ita,20201004,50095.6
ita,20201011,50580.3
ita,20201018,51683.4
ita,20201025,54431.5
ita,20201101,58537.0
ita,20201108,64016.5
ita,20201115,70608.6
ita,20201122,77290.9
ita,20201129,84044.2
ita,20201206,89541.9
ita,20201213,94123.4
ita,20201220,97829.7
ita,20201227,99615.8
ita,20210103,101968.9
ita,20210110,103252.8
ita,20210117,104366.5
ita,20210124,105998.0
ita,20210131,107344.9
ita,20210207,108098.8
ita,20210214,108015.5
ita,20210221,108713.8
ita,20210228,109165.1
ita,20210307,110012.0
ita,20210314,111660.5
ita,20210321,113978.2
ita,20210328,117225.3
ita,20210404,120442.2
ita,20210411,123220.3
ita,20210418,125641.4
ita,20210425,128183.9
ita,20210502,130101.8
ita,20210509,131255.1
ita,20210516,132029.6
ita,20210523,132891.1
ita,20210530,133465.4
ita,20210606,134208.1
ita,20210613,134603.0
ita,20210620,134914.9
ita,20210627,136494.6
ita,20210704,137528.3
ita,20210711,137921.8
ita,20210718,137714.9
ita,20210725,138038.0
ita,20210801,138775.1
ita,20210808,139410.6
ita,20210815,140756.9
ita,20210822,142044.2
ita,20210829,142874.3
ita,20210905,143706.6
ita,20210912,144822.7
ita,20210919,145935.0
ita,20210926,146294.1
jam,20200331,-519.2
jam,20200430,-583.6
jam,20200531,-708.2
jam,20200630,-785.4
jam,20200731,-916.6
jam,20200831,-852.0
jam,20200930,-741.6
jam,20201031,-689.0
jam,20201130,-659.8
jpn,20200131,-7817.8
jpn,20200229,-13282.8
jpn,20200331,-18115.0
jpn,20200430,-19041.8
jpn,20200531,-22587.0
jpn,20200630,-26108.2
jpn,20200731,-30363.0
jpn,20200831,-30080.0
jpn,20200930,-31182.6
jpn,20201031,-30278.0
jpn,20201130,-31959.4
jpn,20201231,-28004.0
jpn,20210131,-27599.8
jpn,20210228,-31090.8
jpn,20210331,-31505.0
jpn,20210430,-27624.8
jpn,20210531,-20916.0
jpn,20210630,-16126.2
jpn,20210731,-13008.0
jpn,20210831,-6512.0
jpn,20210930,623.4
kaz,20200331,-2672.9
kaz,20200430,-9354.0
kaz,20200531,-6185.1
kaz,20200630,-2099.8
kaz,20200731,14436.9
kaz,20200831,21701.0
kaz,20200930,24762.3
kaz,20201031,26140.6
kaz,20201130,27804.3
kaz,20201231,30139.8
kaz,20210131,30345.1
kaz,20210228,30964.8
kaz,20210331,32386.9
kaz,20210430,34581.8
kaz,20210531,37594.7
kaz,20210630,39635.0
kaz,20210731,44693.7
kaz,20210831,58464.8
kaz,20210930,67829.1
owid_kos,20200331,360.5
owid_kos,20200430,130.6
owid_kos,20200531,247.3
owid_kos,20200630,234.0
owid_kos,20200731,800.4
owid_kos,20200831,1538.6
owid_kos,20200930,2202.1
owid_kos,20201031,2509.2
owid_kos,20201130,2993.7
owid_kos,20201231,3313.8
owid_kos,20210131,3856.0
owid_kos,20210228,4169.0
owid_kos,20210331,4856.0
owid_kos,20210430,5569.4
owid_kos,20210531,5855.6
owid_kos,20210630,5997.8
owid_kos,20210731,6111.4
owid_kos,20210831,6687.6
owid_kos,20210930,7529.2
kwt,20200229,-113.6
kwt,20200331,-113.0
kwt,20200430,-2.0
kwt,20200531,748.8
kwt,20200630,1398.6
kwt,20200731,1862.0
kwt,20200831,2208.4
kwt,20200930,2520.0
kwt,20201031,2848.6
kwt,20201130,3109.2
kwt,20201231,3210.8
kgz,20200331,159.6
kgz,20200430,-1214.0
kgz,20200531,-1027.0
kgz,20200630,-34.1999999999999
kgz,20200731,1175.2
kgz,20200831,3160.8
kgz,20200930,4088.6
kgz,20201031,4792.8
kgz,20201130,6239.2
kgz,20201231,7482.2
kgz,20210131,7507.4
kgz,20210228,7589.2
kgz,20210331,8015.8
kgz,20210430,8403.2
kgz,20210531,8539.2
kgz,20210630,9348.0
kgz,20210731,10347.4
kgz,20210831,11571.0
kgz,20210930,12394.8
lva,20200301,-476.0
lva,20200308,-582.4
lva,20200315,-620.0
lva,20200322,-670.8
lva,20200329,-727.8
lva,20200405,-732.4
lva,20200412,-733.8
lva,20200419,-764.6
lva,20200426,-750.0
lva,20200503,-731.6
lva,20200510,-812.8
lva,20200517,-749.6
lva,20200524,-726.6
lva,20200531,-739.6
lva,20200607,-730.4
lva,20200614,-681.0
lva,20200621,-689.2
lva,20200628,-621.8
lva,20200705,-594.8
lva,20200712,-623.2
lva,20200719,-620.8
lva,20200726,-616.6
lva,20200802,-611.6
lva,20200809,-581.4
lva,20200816,-544.2
lva,20200823,-503.6
lva,20200830,-504.2
lva,20200906,-492.2
lva,20200913,-507.2
lva,20200920,-518.2
lva,20200927,-505.0
lva,20201004,-492.2
lva,20201011,-499.6
lva,20201018,-472.8
lva,20201025,-412.6
lva,20201101,-385.8
lva,20201108,-332.6
lva,20201115,-281.6
lva,20201122,-211.6
lva,20201129,-124.0
lva,20201206,4.2
lva,20201213,172.8
lva,20201220,320.4
lva,20201227,563.4
lva,20210103,729.4
lva,20210110,960.4
lva,20210117,1163.0
lva,20210124,1326.2
lva,20210131,1496.6
lva,20210207,1653.0
lva,20210214,1768.0
lva,20210221,1848.2
lva,20210228,1890.6
lva,20210307,1862.4
lva,20210314,1852.0
lva,20210321,1891.4
lva,20210328,1871.6
lva,20210404,1877.6
lva,20210411,1850.0
lva,20210418,1868.6
lva,20210425,1918.8
lva,20210502,2001.4
lva,20210509,2094.8
lva,20210516,2207.6
lva,20210523,2287.8
lva,20210530,2332.8
lva,20210606,2372.8
lva,20210613,2511.0
lva,20210620,2554.4
lva,20210627,2741.2
lva,20210704,2856.6
lva,20210711,2947.6
lva,20210718,3076.2
lva,20210725,3057.6
lva,20210801,3109.8
lva,20210808,3171.8
lva,20210815,3193.0
lva,20210822,3253.2
lva,20210829,3261.8
lva,20210905,3315.2
lva,20210912,3449.2
lva,20210919,3506.2
lva,20210926,3625.2
lva,20211003,3746.4
lva,20211010,3874.2
lva,20211017,4131.8
lva,20211024,4512.6
lva,20211031,4908.8
lva,20211107,5289.6
lva,20211114,5673.8
lbn,20200229,125.2
lbn,20200331,-89.3
lbn,20200430,-350.2
lbn,20200531,-281.1
lbn,20200630,-382.2
lbn,20200731,-341.3
lbn,20200831,-86.2
lbn,20200930,402.1
lbn,20201031,1008.4
lbn,20201130,1887.5
lbn,20201231,2966.8
lbn,20210131,4889.5
lbn,20210228,6767.0
lbn,20210331,8791.5
lbn,20210430,10299.6
lbn,20210531,10679.7
lbn,20210630,10761.6
lbn,20210731,11002.5
lbn,20210831,11610.6
lbn,20210930,12119.9
lie,20200331,-2.4
lie,20200430,-1.2
lie,20200531,0.8
lie,20200630,-1.2
lie,20200731,-4.4
lie,20200831,-4.6
lie,20200930,4.0
lie,20201031,4.0
lie,20201130,20.4
lie,20201231,49.0
lie,20210131,54.4
lie,20210228,56.6
lie,20210331,44.6
lie,20210430,52.8
lie,20210531,57.8
lie,20210630,48.8
lie,20210731,52.6
lie,20210831,49.4
lie,20210930,46.0
lie,20211031,43.0
ltu,20200301,-547.9
ltu,20200308,-568.4
ltu,20200315,-566.9
ltu,20200322,-519.4
ltu,20200329,-441.9
ltu,20200405,-414.6
ltu,20200412,-352.7
ltu,20200419,-306.0
ltu,20200426,-235.3
ltu,20200503,-167.4
ltu,20200510,-165.3
ltu,20200517,-120.6
ltu,20200524,-134.1
ltu,20200531,-91.6
ltu,20200607,-50.7
ltu,20200614,105.6
ltu,20200621,202.7
ltu,20200628,332.6
ltu,20200705,372.9
ltu,20200712,421.8
ltu,20200719,529.1
ltu,20200726,595.0
ltu,20200802,669.5
ltu,20200809,724.4
ltu,20200816,820.9
ltu,20200823,954.6
ltu,20200830,1022.5
ltu,20200906,1066.8
ltu,20200913,1190.5
ltu,20200920,1263.8
ltu,20200927,1379.3
ltu,20201004,1434.4
ltu,20201011,1530.9
ltu,20201018,1637.0
ltu,20201025,1758.3
ltu,20201101,1906.2
ltu,20201108,2091.3
ltu,20201115,2343.4
ltu,20201122,2743.9
ltu,20201129,3151.0
ltu,20201206,3666.5
ltu,20201213,4189.6
ltu,20201220,4825.9
ltu,20201227,5446.4
ltu,20210103,6014.9
ltu,20210110,6378.8
ltu,20210117,6727.1
ltu,20210124,6937.0
ltu,20210131,7156.7
ltu,20210207,7256.0
ltu,20210214,7387.3
ltu,20210221,7476.0
ltu,20210228,7401.7
ltu,20210307,7438.0
ltu,20210314,7537.5
ltu,20210321,7580.0
ltu,20210328,7645.5
ltu,20210404,7668.0
ltu,20210411,7803.3
ltu,20210418,7896.2
ltu,20210425,8017.9
ltu,20210502,8112.6
ltu,20210509,8284.5
ltu,20210516,8423.6
ltu,20210523,8561.3
ltu,20210530,8639.8
ltu,20210606,8752.3
ltu,20210613,8863.2
ltu,20210620,8999.5
ltu,20210627,9246.6
ltu,20210704,9247.5
ltu,20210711,9413.8
ltu,20210718,9618.7
ltu,20210725,9648.0
ltu,20210801,9692.9
ltu,20210808,9755.4
ltu,20210815,9856.3
ltu,20210822,10005.8
ltu,20210829,10153.5
ltu,20210905,10262.4
ltu,20210912,10485.7
ltu,20210919,10753.4
ltu,20210926,11068.7
ltu,20211003,11404.2
ltu,20211010,11709.3
ltu,20211017,12090.8
ltu,20211024,12395.9
ltu,20211031,12769.2
ltu,20211107,13100.1
ltu,20211114,13429.2
ltu,20211121,13697.3
lux,20200301,-146.6
lux,20200308,-162.4
lux,20200315,-162.8
lux,20200322,-167.6
lux,20200329,-146.6
lux,20200405,-145.0
lux,20200412,-106.4
lux,20200419,-103.2
lux,20200426,-100.2
lux,20200503,-108.8
lux,20200510,-98.0
lux,20200517,-95.2
lux,20200524,-100.4
lux,20200531,-98.4
lux,20200607,-105.0
lux,20200614,-115.4
lux,20200621,-109.8
lux,20200628,-117.4
lux,20200705,-128.4
lux,20200712,-141.6
lux,20200719,-146.6
lux,20200726,-156.2
lux,20200802,-146.0
lux,20200809,-133.4
lux,20200816,-114.2
lux,20200823,-115.2
lux,20200830,-136.0
lux,20200906,-131.8
lux,20200913,-138.4
lux,20200920,-124.6
lux,20200927,-136.2
lux,20201004,-137.2
lux,20201011,-158.8
lux,20201018,-152.4
lux,20201025,-139.6
lux,20201101,-132.6
lux,20201108,-108.4
lux,20201115,-76.4
lux,20201122,-41.2
lux,20201129,12.8
lux,20201206,38.4
lux,20201213,75.8
lux,20201220,91.2
lux,20201227,118.2
lux,20210103,125.2
lux,20210110,133.6
lux,20210117,129.2
lux,20210124,125.0
lux,20210131,140.0
lux,20210207,131.0
lux,20210214,117.2
lux,20210221,107.2
lux,20210228,97.0
lux,20210307,92.6
lux,20210314,98.8
lux,20210321,126.4
lux,20210328,112.6
lux,20210404,98.6
lux,20210411,97.2
lux,20210418,94.8
lux,20210425,93.0
lux,20210502,106.0
lux,20210509,105.4
lux,20210516,92.2
lux,20210523,101.0
lux,20210530,86.8
lux,20210606,77.8
lux,20210613,79.2
lux,20210620,83.8
lux,20210627,80.4
lux,20210704,90.8
lux,20210711,85.8
lux,20210718,85.6
lux,20210725,76.6
lux,20210801,62.0
lux,20210808,56.2
lux,20210815,52.8
lux,20210822,38.0
lux,20210829,37.0
lux,20210905,36.2
lux,20210912,46.4
lux,20210919,40.8
lux,20210926,36.6
lux,20211003,39.0
lux,20211010,50.0
lux,20211017,27.4
lux,20211024,28.8
lux,20211031,58.6
lux,20211107,68.6
mac,20210228,-26.6
mac,20210331,-35.3
mac,20210430,-31.2
mac,20210531,-32.5
mac,20210630,-22.4
mac,20210731,-37.5
mac,20210831,-25.6
mac,20210930,-24.1
mys,20200131,580.5
mys,20200229,76.0
mys,20200331,-841.7
mys,20200430,-2595.6
mys,20200531,-3932.5
mys,20200630,-5484.0
mys,20200731,-7249.3
mys,20200831,-8323.0
mys,20200930,-9340.9
mys,20201031,-10281.8
mys,20201130,-12121.7
mys,20201231,-13603.8
mys,20210131,-13658.3
mys,20210228,-14485.8
mys,20210331,-15431.5
mys,20210430,-15882.4
mys,20210531,-15941.3
mys,20210630,-16007.8
mys,20210731,-8943.1
mys,20210831,-8.80000000000111
mys,20210930,4861.3
mlt,20200308,-89.8
mlt,20200315,-77.6
mlt,20200322,-54.8
mlt,20200329,-47.4
mlt,20200405,-49.2
mlt,20200412,-43.8
mlt,20200419,-22.8
mlt,20200426,-32.6
mlt,20200503,-29.8
mlt,20200510,-29.0
mlt,20200517,-23.4
mlt,20200524,-37.6
mlt,20200531,-41.2
mlt,20200607,-39.0
mlt,20200614,-51.2
mlt,20200621,-51.0
mlt,20200628,-67.8
mlt,20200705,-63.2
mlt,20200712,-66.4
mlt,20200719,-61.6
mlt,20200726,-66.8
mlt,20200802,-70.8
mlt,20200809,-75.8
mlt,20200816,-80.8
mlt,20200823,-61.0
mlt,20200830,-53.0
mlt,20200906,-48.8
mlt,20200913,-50.4
mlt,20200920,-46.2
mlt,20200927,-26.4
mlt,20201004,-4.0
mlt,20201011,1.2
mlt,20201018,-5.4
mlt,20201025,-3.6
mlt,20201101,20.0
mlt,20201108,40.8
mlt,20201115,63.6
mlt,20201122,83.2
mlt,20201129,102.4
mlt,20201206,135.4
mlt,20201213,162.4
mlt,20201220,196.6
mlt,20201227,219.4
mlt,20210103,218.2
mlt,20210110,210.0
mlt,20210117,204.8
mlt,20210124,218.0
mlt,20210131,218.6
mlt,20210207,215.6
mlt,20210214,215.4
mlt,20210221,237.4
mlt,20210228,251.2
mlt,20210307,272.6
mlt,20210314,293.4
mlt,20210321,309.6
mlt,20210328,314.4
mlt,20210404,319.8
mlt,20210411,309.0
mlt,20210418,306.4
mlt,20210425,298.4
mlt,20210502,291.6
mlt,20210509,290.4
mlt,20210516,297.2
mlt,20210523,306.8
mlt,20210530,317.6
mlt,20210606,300.0
mlt,20210613,294.2
mlt,20210620,293.0
mlt,20210627,288.2
mlt,20210704,316.4
mlt,20210711,318.0
mlt,20210718,328.8
mlt,20210725,332.6
mlt,20210801,327.4
mlt,20210808,349.4
mlt,20210815,373.4
mlt,20210822,364.4
mlt,20210829,379.2
mlt,20210905,382.2
mlt,20210912,385.4
mlt,20210919,389.8
mlt,20210926,377.0
mlt,20211003,387.8
mus,20200331,-97.3
mus,20200430,-137.6
mus,20200531,-175.3
mus,20200630,-163.0
mus,20200731,-233.9
mus,20200831,-249.8
mus,20200930,-337.1
mus,20201031,-353.8
mus,20201130,-353.5
mus,20201231,-384.8
mus,20210131,-418.9
mus,20210228,-438.8
mus,20210331,-461.1
mus,20210430,-487.4
mus,20210531,-530.1
mus,20210630,-475.8
mex,20200105,-248.4
mex,20200112,-116.4
mex,20200119,-362.6
mex,20200126,-916.2
mex,20200202,-1807.2
mex,20200209,-2217.4
mex,20200216,-3172.2
mex,20200223,-4219.4
mex,20200301,-5628.0
mex,20200308,-6569.6
mex,20200315,-7391.2
mex,20200322,-8808.0
mex,20200329,-9420.8
mex,20200405,-10279.6
mex,20200412,-10272.8
mex,20200419,-9169.0
mex,20200426,-6160.6
mex,20200503,-1332.8
mex,20200510,5357.8
mex,20200517,13668.0
mex,20200524,22698.8
mex,20200531,32061.6
mex,20200607,42438.0
mex,20200614,53566.6
mex,20200621,64721.4
mex,20200628,75858.0
mex,20200705,87644.8
mex,20200712,100383.4
mex,20200719,113006.0
mex,20200726,124859.4
mex,20200802,135699.4
mex,20200809,145837.6
mex,20200816,154765.4
mex,20200823,162926.6
mex,20200830,170263.8
mex,20200906,176799.0
mex,20200913,182481.6
mex,20200920,187320.2
mex,20200927,192559.6
mex,20201004,197033.6
mex,20201011,201872.6
mex,20201018,206618.6
mex,20201025,212052.6
mex,20201101,217910.0
mex,20201108,224858.6
mex,20201115,231922.2
mex,20201122,239121.2
mex,20201129,246730.4
mex,20201206,255205.6
mex,20201213,264872.6
mex,20201220,275723.8
mex,20201227,288767.6
mex,20210103,304839.4
mex,20210110,324360.0
mex,20210117,351183.0
mex,20210124,379408.8
mex,20210131,399871.2
mex,20210207,415588.2
mex,20210214,426325.0
mex,20210221,435825.2
mex,20210228,444287.0
mex,20210307,449450.4
mex,20210314,454243.8
mex,20210321,458073.2
mex,20210328,461270.4
mex,20210404,463951.6
mex,20210411,466923.8
mex,20210418,469827.6
mex,20210425,471975.4
mex,20210502,473426.8
mex,20210509,474568.6
mex,20210516,475371.2
mex,20210523,475632.4
mex,20210530,475790.2
mex,20210606,475929.0
mex,20210613,476324.4
mex,20210620,476995.0
mex,20210627,477527.8
mex,20210704,478528.4
mex,20210711,480264.2
mex,20210718,482966.8
mex,20210725,487485.4
mex,20210801,494326.8
mex,20210808,503828.8
mex,20210815,515573.0
mex,20210822,528620.8
mex,20210829,540835.0
mex,20210905,552841.2
mex,20210912,562758.4
mex,20210919,570956.0
mex,20210926,577241.6
mex,20211003,581988.0
mex,20211010,584297.0
mex,20211017,585385.0
mex,20211024,584800.0
mda,20200331,-841.1
mda,20200430,-1475.6
mda,20200531,-614.1
mda,20200630,-44.8000000000001
mda,20200731,740.1
mda,20200831,972.0
mda,20200930,1805.7
mda,20201031,2673.4
mda,20201130,3340.9
mda,20201231,5081.6
mda,20210131,5416.1
mda,20210228,5975.8
mda,20210331,7684.5
mda,20210430,9120.0
mda,20210531,9486.5
mda,20210630,9740.8
mco,20200229,-11.4
mco,20200331,-0.3
mco,20200430,4.8
mco,20200531,5.5
mco,20200630,8.6
mco,20200731,5.5
mco,20200831,12.4
mco,20200930,18.1
mco,20201031,22.8
mco,20201130,15.3
mco,20201231,25.6
mco,20210131,33.5
mco,20210228,60.2
mco,20210331,84.3
mco,20210430,84.4
mco,20210531,105.1
mco,20210630,96.2
mco,20210731,95.1
mco,20210831,104.0
mco,20210930,111.7
mco,20211031,119.4
mng,20200331,-408.1
mng,20200430,-513.4
mng,20200531,-716.3
mng,20200630,-809.0
mng,20200731,-853.5
mng,20200831,-959.4
mng,20200930,-1013.3
mng,20201031,-1053.4
mng,20201130,-1157.9
mng,20201231,-1502.2
mng,20210131,-1836.1
mng,20210228,-1970.2
mng,20210331,-2097.3
mng,20210430,-2028.6
mng,20210531,-2116.5
mng,20210630,-1800.2
mng,20210731,-1427.7
mng,20210831,-1186.6
mng,20210930,-619.5
mng,20211031,215.4
mne,20200322,-177.6
mne,20200329,-147.6
mne,20200405,-169.0
mne,20200412,-168.2
mne,20200419,-175.8
mne,20200426,-202.0
mne,20200503,-214.0
mne,20200510,-231.6
mne,20200517,-229.8
mne,20200524,-231.0
mne,20200531,-229.2
mne,20200607,-241.8
mne,20200614,-253.6
mne,20200621,-270.8
mne,20200628,-277.6
mne,20200705,-237.8
mne,20200712,-218.0
mne,20200719,-188.4
mne,20200726,-165.2
mne,20200802,-136.8
mne,20200809,-131.8
mne,20200816,-132.0
mne,20200823,-108.2
mne,20200830,-77.8
mne,20200906,-52.8
mne,20200913,-40.4
mne,20200920,-26.6
mne,20200927,10.4
mne,20201004,30.4
mne,20201011,57.4
mne,20201018,97.0
mne,20201025,159.2
mne,20201101,212.2
mne,20201108,261.6
mne,20201115,297.8
mne,20201122,371.0
mne,20201129,415.8
mne,20201206,453.6
mne,20201213,476.2
mne,20201220,520.2
mne,20201227,570.0
mne,20210103,741.8
mne,20210110,786.6
mne,20210117,811.2
mne,20210124,850.4
mne,20210131,875.4
mne,20210207,927.2
mne,20210214,995.0
mne,20210221,1075.0
mne,20210228,1145.6
mne,20210307,1220.2
mne,20210314,1289.2
mne,20210321,1396.6
mne,20210328,1444.2
mne,20210404,1546.2
mne,20210411,1603.8
mne,20210418,1666.6
mne,20210425,1737.0
mne,20210502,1796.8
mne,20210509,1826.8
mne,20210516,1879.2
mne,20210523,1920.0
nld,20200301,-2332.1
nld,20200308,-2644.8
nld,20200315,-2698.7
nld,20200322,-2232.8
nld,20200329,-897.9
nld,20200405,1195.0
nld,20200412,3250.3
nld,20200419,4645.6
nld,20200426,5679.3
nld,20200503,6251.0
nld,20200510,6376.5
nld,20200517,6348.6
nld,20200524,6317.9
nld,20200531,6258.0
nld,20200607,6214.7
nld,20200614,6192.8
nld,20200621,6191.3
nld,20200628,6108.6
nld,20200705,5926.9
nld,20200712,5830.8
nld,20200719,5620.7
nld,20200726,5525.6
nld,20200802,5511.3
nld,20200809,5444.6
nld,20200816,6000.7
nld,20200823,6174.4
nld,20200830,6226.3
nld,20200906,6270.2
nld,20200913,6288.1
nld,20200920,6301.8
nld,20200927,6417.3
nld,20201004,6618.8
nld,20201011,6746.7
nld,20201018,7131.0
nld,20201025,7697.9
nld,20201101,8512.4
nld,20201108,9176.5
nld,20201115,9826.8
nld,20201122,10177.5
nld,20201129,10599.2
nld,20201206,11084.7
nld,20201213,11542.6
nld,20201220,12305.7
nld,20201227,13084.0
nld,20210103,14072.3
nld,20210110,14853.4
nld,20210117,15271.7
nld,20210124,15763.6
nld,20210131,16062.7
nld,20210207,16326.2
nld,20210214,16505.5
nld,20210221,16619.2
nld,20210228,16357.1
nld,20210307,16072.2
nld,20210314,15897.5
nld,20210321,15668.6
nld,20210328,15565.5
nld,20210404,15620.4
nld,20210411,15790.3
nld,20210418,16003.6
nld,20210425,16234.9
nld,20210502,16481.6
nld,20210509,16671.3
nld,20210516,16823.8
nld,20210523,17007.9
nld,20210530,17013.2
nld,20210606,17230.3
nld,20210613,17389.0
nld,20210620,17547.1
nld,20210627,17524.6
nld,20210704,17574.9
nld,20210711,17592.2
nld,20210718,17748.1
nld,20210725,17786.0
nld,20210801,17927.9
nld,20210808,18205.6
nld,20210815,18331.9
nld,20210822,18572.0
nld,20210829,18812.7
nld,20210905,18986.6
nld,20210912,19421.5
nld,20210919,19609.4
nld,20210926,19786.1
nld,20211003,20074.6
nld,20211010,20335.1
nld,20211017,20489.0
nld,20211024,20909.3
nld,20211031,21400.2
nld,20211107,22021.7
nld,20211114,22829.8
nld,20211121,23864.1
nld,20211128,24972.8
nzl,20200301,-47.2
nzl,20200308,-53.0
nzl,20200315,-79.2
nzl,20200322,-81.8
nzl,20200329,-101.8
nzl,20200405,-104.2
nzl,20200412,-77.4
nzl,20200419,-68.6
nzl,20200426,-82.4
nzl,20200503,-171.6
nzl,20200510,-213.4
nzl,20200517,-248.0
nzl,20200524,-315.6
nzl,20200531,-413.0
nzl,20200607,-498.8
nzl,20200614,-561.6
nzl,20200621,-639.6
nzl,20200628,-733.8
nzl,20200705,-837.0
nzl,20200712,-964.0
nzl,20200719,-1030.2
nzl,20200726,-1115.8
nzl,20200802,-1211.4
nzl,20200809,-1343.6
nzl,20200816,-1465.6
nzl,20200823,-1536.2
nzl,20200830,-1662.0
nzl,20200906,-1734.4
nzl,20200913,-1832.8
nzl,20200920,-1939.6
nzl,20200927,-2014.8
nzl,20201004,-2046.0
nzl,20201011,-2132.8
nzl,20201018,-2171.0
nzl,20201025,-2135.6
nzl,20201101,-2209.8
nzl,20201108,-2229.2
nzl,20201115,-2270.2
nzl,20201122,-2307.8
nzl,20201129,-2287.4
nzl,20201206,-2259.6
nzl,20201213,-2260.4
nzl,20201220,-2212.0
nzl,20201227,-2211.8
nzl,20210103,-2162.6
nzl,20210110,-2103.2
nzl,20210117,-2099.4
nzl,20210124,-2054.0
nzl,20210131,-2074.6
nzl,20210207,-2044.8
nzl,20210214,-2004.0
nzl,20210221,-2006.2
nzl,20210228,-2011.2
nzl,20210307,-1986.8
nzl,20210314,-1985.6
nzl,20210321,-1982.8
nzl,20210328,-1966.4
nzl,20210404,-1920.4
nzl,20210411,-1918.8
nzl,20210418,-1914.0
nzl,20210425,-1931.2
nzl,20210502,-1889.0
nzl,20210509,-1883.2
nzl,20210516,-1916.0
nzl,20210523,-1887.6
nzl,20210530,-1905.2
nzl,20210606,-1921.6
nzl,20210613,-1947.4
nzl,20210620,-1915.2
nzl,20210627,-1972.2
nzl,20210704,-2028.4
nzl,20210711,-2005.6
nzl,20210718,-1986.6
nzl,20210725,-1993.8
nzl,20210801,-2006.4
nzl,20210808,-1999.0
nzl,20210815,-1989.2
nzl,20210822,-1979.2
nzl,20210829,-2001.8
nzl,20210905,-1997.6
nzl,20210912,-1989.0
nzl,20210919,-2072.4
nzl,20210926,-2129.2
nzl,20211003,-2172.4
nzl,20211010,-2215.6
nzl,20211017,-2265.4
nzl,20211024,-2245.6
nzl,20211031,-2268.2
nzl,20211107,-2290.4
nzl,20211114,-2309.8
nic,20200331,560.0
nic,20200430,1733.6
nic,20200531,3001.0
nic,20200630,4143.0
nic,20200731,5475.8
nic,20200831,6819.4
mkd,20200229,-365.6
mkd,20200331,-474.8
mkd,20200430,-319.2
mkd,20200531,-279.2
mkd,20200630,162.2
mkd,20200731,486.0
mkd,20200831,787.2
mkd,20200930,1085.4
mkd,20201031,1695.4
mkd,20201130,3914.6
mkd,20201231,5377.8
mkd,20210131,5483.8
mkd,20210228,5867.2
mkd,20210331,6727.0
mkd,20210430,8282.6
mkd,20210531,9118.6
mkd,20210630,9513.0
mkd,20210731,9819.8
mkd,20210831,10479.0
mkd,20210930,12131.2
nor,20200301,-376.8
nor,20200308,-445.2
nor,20200315,-446.4
nor,20200322,-453.4
nor,20200329,-379.6
nor,20200405,-347.0
nor,20200412,-291.6
nor,20200419,-240.4
nor,20200426,-242.4
nor,20200503,-234.0
nor,20200510,-228.4
nor,20200517,-267.0
nor,20200524,-258.2
nor,20200531,-308.8
nor,20200607,-345.0
nor,20200614,-336.6
nor,20200621,-320.6
nor,20200628,-369.8
nor,20200705,-420.4
nor,20200712,-469.4
nor,20200719,-437.6
nor,20200726,-430.0
nor,20200802,-376.4
nor,20200809,-355.6
nor,20200816,-329.8
nor,20200823,-301.0
nor,20200830,-334.4
nor,20200906,-347.2
nor,20200913,-269.6
nor,20200920,-216.2
nor,20200927,-210.6
nor,20201004,-156.8
nor,20201011,-162.2
nor,20201018,-197.4
nor,20201025,-161.4
nor,20201101,-122.8
nor,20201108,-110.6
nor,20201115,-113.0
nor,20201122,-91.0
nor,20201129,-109.6
nor,20201206,-145.8
nor,20201213,-128.2
nor,20201220,-140.0
nor,20201227,-185.2
nor,20210103,-221.4
nor,20210110,-315.8
nor,20210117,-363.4
nor,20210124,-409.6
nor,20210131,-441.4
nor,20210207,-544.6
nor,20210214,-590.6
nor,20210221,-698.2
nor,20210228,-808.8
nor,20210307,-981.2
nor,20210314,-1055.6
nor,20210321,-1093.8
nor,20210328,-1138.8
nor,20210404,-1202.0
nor,20210411,-1223.4
nor,20210418,-1258.0
nor,20210425,-1272.8
nor,20210502,-1274.8
nor,20210509,-1321.4
nor,20210516,-1351.8
nor,20210523,-1336.4
nor,20210530,-1336.6
nor,20210606,-1324.2
nor,20210613,-1309.4
nor,20210620,-1343.0
nor,20210627,-1368.0
nor,20210704,-1382.2
nor,20210711,-1358.8
nor,20210718,-1360.8
nor,20210725,-1326.0
nor,20210801,-1304.4
nor,20210808,-1230.8
nor,20210815,-1169.0
nor,20210822,-1091.2
nor,20210829,-1025.4
nor,20210905,-968.8
nor,20210912,-907.6
nor,20210919,-795.0
nor,20210926,-698.6
nor,20211003,-637.0
nor,20211010,-562.2
nor,20211017,-513.6
nor,20211024,-426.8
nor,20211031,-304.8
nor,20211107,-169.2
nor,20211114,-22.0000000000001
nor,20211121,23.5999999999999
omn,20200229,-97.6
omn,20200331,-102.4
omn,20200430,-154.4
omn,20200531,-146.8
omn,20200630,-17.2
omn,20200731,229.0
omn,20200831,466.6
omn,20200930,796.0
omn,20201031,1103.2
omn,20201130,1241.4
omn,20201231,1279.2
omn,20210131,1253.0
omn,20210228,1247.6
omn,20210331,1304.8
omn,20210430,1663.8
omn,20210531,2139.4
omn,20210630,3142.0
omn,20210731,4188.2
omn,20210831,4444.8
omn,20210930,4410.2
omn,20211031,4424.4
pan,20200331,-228.8
pan,20200430,-1851.4
pan,20200531,-1054.0
pan,20200630,-502.8
pan,20200731,425.4
pan,20200831,1325.6
pan,20200930,1953.4
pan,20201031,2283.8
pan,20201130,2662.4
pan,20201231,3015.6
pan,20210131,4369.4
pan,20210228,5819.0
pan,20210331,6548.8
pan,20210430,6729.2
pan,20210531,6838.6
pan,20210630,7058.8
pry,20200331,704.7
pry,20200430,612.8
pry,20200531,333.9
pry,20200630,-76.6
pry,20200731,-351.7
pry,20200831,40.7999999999999
pry,20200930,635.7
pry,20201031,1307.6
pry,20201130,1841.9
pry,20201231,2617.4
pry,20210131,3040.3
pry,20210228,3782.2
pry,20210331,5616.1
pry,20210430,9045.2
pry,20210531,13298.3
pry,20210630,16911.8
pry,20210731,18465.7
pry,20210831,18795.2
per,20200105,337.1
per,20200112,767.2
per,20200119,1063.0
per,20200126,1425.8
per,20200202,1930.9
per,20200209,2276.3
per,20200216,2623.7
per,20200223,2885.8
per,20200301,3511.2
per,20200308,3850.0
per,20200315,4186.4
per,20200322,4330.5
per,20200329,4460.6
per,20200405,5167.7
per,20200412,5734.5
per,20200419,6810.6
per,20200426,8847.0
per,20200503,12599.4
per,20200510,16399.5
per,20200517,20684.6
per,20200524,25274.7
per,20200531,30015.8
per,20200607,35872.9
per,20200614,40644.0
per,20200621,45141.8
per,20200628,49196.6
per,20200705,54204.7
per,20200712,58690.1
per,20200719,63387.5
per,20200726,68158.3
per,20200802,74114.7
per,20200809,79118.5
per,20200816,83815.6
per,20200823,87875.7
per,20200830,91282.5
per,20200906,94578.6
per,20200913,96683.7
per,20200920,98352.5
per,20200927,99618.3
per,20201004,101191.7
per,20201011,102136.1
per,20201018,102918.2
per,20201025,103693.6
per,20201101,104749.7
per,20201108,105453.8
per,20201115,106245.2
per,20201122,106922.6
per,20201129,107552.7
per,20201206,108646.1
per,20201213,109368.5
per,20201220,110288.9
per,20201227,111284.0
per,20210103,113000.1
per,20210110,114745.2
per,20210117,117149.3
per,20210124,120616.1
per,20210131,125070.9
per,20210207,129747.0
per,20210214,135165.4
per,20210221,140579.8
per,20210228,145600.9
per,20210307,150673.3
per,20210314,155742.1
per,20210321,160812.5
per,20210328,166081.6
per,20210404,171717.7
per,20210411,177910.8
per,20210418,184136.6
per,20210425,190104.7
per,20210502,195593.1
per,20210509,200473.5
per,20210516,204793.6
per,20210523,208554.7
per,20210530,211843.8
per,20210606,214779.9
per,20210613,217065.0
per,20210620,218943.1
per,20210627,220439.9
per,20210704,221749.7
per,20210711,222801.8
per,20210718,223687.2
per,20210725,224430.6
per,20210801,225074.4
per,20210808,225646.8
per,20210815,226224.6
per,20210822,226717.7
per,20210829,227393.8
per,20210905,227876.6
per,20210912,228287.7
per,20210919,228696.8
per,20210926,229122.6
per,20211003,229484.4
per,20211010,229997.8
per,20211017,230391.2
per,20211024,230715.3
per,20211031,231020.7
per,20211107,231409.8
per,20211114,231735.9
per,20211121,232108.3
per,20211128,232496.7
phl,20200131,-1696.0
phl,20200229,-4094.6
phl,20200331,-9213.4
phl,20200430,-14905.4
phl,20200531,-16960.4
phl,20200630,-17787.6
phl,20200731,-15438.6
phl,20200831,-12380.4
phl,20200930,-11001.8
phl,20201031,-11320.4
phl,20201130,-11640.6
phl,20201231,-11130.8
phl,20210131,-8955.8
phl,20210228,-4668.4
phl,20210331,5558.8
phl,20210430,22611.8
phl,20210531,41086.8
phl,20210630,57794.6
phl,20210731,73756.6
pol,20200308,-6305.6
pol,20200315,-6600.5
pol,20200322,-6851.2
pol,20200329,-7146.1
pol,20200405,-7409.0
pol,20200412,-7514.3
pol,20200419,-7234.4
pol,20200426,-7405.9
pol,20200503,-7371.2
pol,20200510,-7372.7
pol,20200517,-7279.0
pol,20200524,-7295.3
pol,20200531,-7199.0
pol,20200607,-6894.9
pol,20200614,-6646.4
pol,20200621,-6709.9
pol,20200628,-6636.6
pol,20200705,-6294.7
pol,20200712,-6280.8
pol,20200719,-6138.3
pol,20200726,-6189.4
pol,20200802,-5908.9
pol,20200809,-5426.4
pol,20200816,-4660.9
pol,20200823,-3861.2
pol,20200830,-3849.9
pol,20200906,-3595.6
pol,20200913,-3131.3
pol,20200920,-2401.0
pol,20200927,-1895.5
pol,20201004,-1398.4
pol,20201011,-77.8999999999999
pol,20201018,2159.0
pol,20201025,6626.3
pol,20201101,13474.0
pol,20201108,21924.1
pol,20201115,29719.0
pol,20201122,36616.1
pol,20201129,42278.0
pol,20201206,47086.7
pol,20201213,50966.0
pol,20201220,54327.7
pol,20201227,57877.8
pol,20210103,61074.9
pol,20210110,63744.0
pol,20210117,65904.1
pol,20210124,68083.4
pol,20210131,69559.5
pol,20210207,70270.6
pol,20210214,71078.3
pol,20210221,72018.8
pol,20210228,72825.7
pol,20210307,73895.0
pol,20210314,75798.3
pol,20210321,78653.4
pol,20210328,82681.7
pol,20210404,88067.8
pol,20210411,93606.9
pol,20210418,98293.6
pol,20210425,102382.5
pol,20210502,105542.0
pol,20210509,107900.7
pol,20210516,109995.2
pol,20210523,111208.9
pol,20210530,111874.6
pol,20210606,112494.9
pol,20210613,113126.0
pol,20210620,113975.5
pol,20210627,114870.0
pol,20210704,115104.3
pol,20210711,115442.2
pol,20210718,116025.1
pol,20210725,116011.6
pol,20210801,116210.5
pol,20210808,116091.0
pol,20210815,116194.5
pol,20210822,116297.0
pol,20210829,116546.7
pol,20210905,116512.0
pol,20210912,117279.3
pol,20210919,117863.6
pol,20210926,118442.9
pol,20211003,118845.4
pol,20211010,119366.5
pol,20211017,119993.0
pol,20211024,120799.9
pol,20211031,122168.2
pol,20211107,123581.9
pol,20211114,125527.0
prt,20200301,-1942.6
prt,20200308,-2150.6
prt,20200315,-2115.6
prt,20200322,-1939.6
prt,20200329,-1607.8
prt,20200405,-1190.6
prt,20200412,-741.2
prt,20200419,-412.6
prt,20200426,-142.0
prt,20200503,5.00000000000004
prt,20200510,205.6
prt,20200517,252.8
prt,20200524,354.2
prt,20200531,720.8
prt,20200607,812.8
prt,20200614,757.6
prt,20200621,662.0
prt,20200628,879.6
prt,20200705,1078.4
prt,20200712,1419.0
prt,20200719,2183.4
prt,20200726,2717.0
prt,20200802,2980.8
prt,20200809,3082.6
prt,20200816,3150.8
prt,20200823,3200.4
prt,20200830,3434.4
prt,20200906,3600.8
prt,20200913,4000.6
prt,20200920,4256.4
prt,20200927,4234.2
prt,20201004,4412.8
prt,20201011,4649.6
prt,20201018,4872.8
prt,20201025,5066.8
prt,20201101,5504.8
prt,20201108,5987.0
prt,20201115,6595.8
prt,20201122,7134.0
prt,20201129,7581.6
prt,20201206,8140.2
prt,20201213,8837.2
prt,20201220,9309.0
prt,20201227,9511.6
prt,20210103,10073.2
prt,20210110,11063.2
prt,20210117,12821.6
prt,20210124,14955.4
prt,20210131,16896.0
prt,20210207,18130.6
prt,20210214,18826.0
prt,20210221,18993.0
prt,20210228,18969.4
prt,20210307,18808.6
prt,20210314,18556.6
prt,20210321,18343.6
prt,20210328,18136.6
prt,20210404,18057.4
prt,20210411,17817.6
prt,20210418,17624.0
prt,20210425,17479.6
prt,20210502,17332.2
prt,20210509,17350.2
prt,20210516,17291.8
prt,20210523,17121.0
prt,20210530,17148.4
prt,20210606,17065.0
prt,20210613,17082.0
prt,20210620,17141.8
prt,20210627,16961.2
prt,20210704,17011.8
prt,20210711,17102.6
prt,20210718,17266.2
prt,20210725,17338.6
prt,20210801,17411.2
prt,20210808,17523.0
prt,20210815,17624.8
prt,20210822,17880.0
prt,20210829,18011.6
prt,20210905,18252.6
prt,20210912,18352.0
prt,20210919,18436.8
prt,20210926,18599.6
prt,20211003,18701.4
prt,20211010,18868.0
prt,20211017,19084.8
prt,20211024,19139.0
prt,20211031,19284.0
prt,20211107,19384.0
prt,20211114,19716.2
prt,20211121,20034.0
qat,20200229,13.8
qat,20200331,47.1
qat,20200430,28.6
qat,20200531,69.3
qat,20200630,190.4
qat,20200731,284.9
qat,20200831,316.6
qat,20200930,351.9
qat,20201031,389.4
qat,20201130,361.1
qat,20201231,377.2
qat,20210131,396.5
qat,20210228,391.0
qat,20210331,453.3
qat,20210430,663.8
qat,20210531,739.5
qat,20210630,786.6
qat,20210731,821.1
qat,20210831,864.8
qat,20210930,852.1
qat,20211031,878.6
rou,20200301,-3543.1
rou,20200308,-3879.6
rou,20200315,-4221.5
rou,20200322,-4539.8
rou,20200329,-4645.7
rou,20200405,-4658.8
rou,20200412,-4529.9
rou,20200419,-4445.6
rou,20200426,-4273.5
rou,20200503,-4333.6
rou,20200510,-4231.5
rou,20200517,-4015.2
rou,20200524,-4151.3
rou,20200531,-4224.6
rou,20200607,-3981.5
rou,20200614,-3608.0
rou,20200621,-3744.7
rou,20200628,-3506.8
rou,20200705,-2705.1
rou,20200712,-2309.4
rou,20200719,-2003.5
rou,20200726,-1694.0
rou,20200802,-834.5
rou,20200809,-35.3999999999999
rou,20200816,747.7
rou,20200823,1541.0
rou,20200830,2361.9
rou,20200906,3056.0
rou,20200913,3719.7
rou,20200920,4396.0
rou,20200927,4907.5
rou,20201004,5467.8
rou,20201011,6374.7
rou,20201018,7561.0
rou,20201025,9122.5
rou,20201101,11128.6
rou,20201108,13893.5
rou,20201115,16891.2
rou,20201122,20223.3
rou,20201129,23681.8
rou,20201206,27116.7
rou,20201213,30030.0
rou,20201220,32091.5
rou,20201227,33999.8
rou,20210103,35530.1
rou,20210110,36329.6
rou,20210117,36895.7
rou,20210124,37958.4
rou,20210131,38428.9
rou,20210207,38842.2
rou,20210214,39120.1
rou,20210221,39387.6
rou,20210228,39632.5
rou,20210307,40175.0
rou,20210314,41012.5
rou,20210321,42387.6
rou,20210328,44119.3
rou,20210404,45992.4
rou,20210411,47910.3
rou,20210418,49884.2
rou,20210425,51556.5
rou,20210502,53085.6
rou,20210509,54019.5
rou,20210516,54869.6
rou,20210523,55478.9
rou,20210530,55721.8
rou,20210606,55893.5
rou,20210613,56071.6
rou,20210620,55989.1
rou,20210627,56658.4
rou,20210704,56834.3
rou,20210711,56974.0
rou,20210718,57349.7
rou,20210725,57511.6
rou,20210801,57803.1
rou,20210808,57887.6
rou,20210815,57793.7
rou,20210822,57893.8
rou,20210829,58012.1
rou,20210905,58169.0
rou,20210912,58967.1
rou,20210919,60412.8
rou,20210926,62198.1
rus,20200131,-5538.0
rus,20200229,-1789.1
rus,20200331,-2714.8
rus,20200430,2597.6
rus,20200531,25474.7
rus,20200630,49970.3
rus,20200731,83254.3
rus,20200831,103778.1
rus,20200930,130525.3
rus,20201031,199655.1
rus,20201130,288873.8
rus,20201231,372783.7
rus,20210131,426007.6
rus,20210228,455138.1
rus,20210331,490609.4
rus,20210430,511766.7
rus,20210531,523645.0
rus,20210630,565359.5
rus,20210731,637458.8
rus,20210831,704589.7
rus,20210930,767523.4
rus,20211031,868032.5
rus,20211130,984309.3
smr,20200229,1.8
smr,20200331,30.0
smr,20200430,37.8
smr,20200531,42.0
smr,20200630,49.0
smr,20200731,53.4
smr,20200831,53.4
smr,20200930,51.0
smr,20201031,56.2
smr,20201130,60.6
smr,20201231,83.6
smr,20210131,81.2
smr,20210228,90.4
smr,20210331,104.6
smr,20210430,109.4
smr,20210531,109.6
smr,20210630,107.6
smr,20210731,112.0
smr,20210831,113.0
smr,20210930,115.6
smr,20211031,121.8
srb,20200229,-426.6
srb,20200331,-520.1
srb,20200430,-269.6
srb,20200531,224.1
srb,20200630,867.4
srb,20200731,3002.7
srb,20200831,4005.0
srb,20200930,4771.1
srb,20201031,4722.8
srb,20201130,7420.1
srb,20201231,15894.6
srb,20210131,15920.9
srb,20210228,16960.0
srb,20210331,20768.5
srb,20210430,25053.0
srb,20210531,27469.7
srb,20210630,28886.0
srb,20210731,29415.3
srb,20210831,30134.6
srb,20210930,33809.7
srb,20211031,40074.4
syc,20200331,-20.0
syc,20200430,-33.6
syc,20200531,-62.6
syc,20200630,-80.8
syc,20200731,-95.4
syc,20200831,-113.0
syc,20200930,-124.2
syc,20201031,-157.6
syc,20201130,-164.8
syc,20201231,-171.0
syc,20210131,-170.2
syc,20210228,-161.8
syc,20210331,-161.0
syc,20210430,-162.6
syc,20210531,-141.6
syc,20210630,-102.8
sgp,20200131,203.8
sgp,20200229,266.4
sgp,20200331,275.8
sgp,20200430,404.6
sgp,20200531,377.6
sgp,20200630,263.8
sgp,20200731,96.6
sgp,20200831,82.4
sgp,20200930,105.6
sgp,20201031,23.6
sgp,20201130,36.8
sgp,20201231,22.0
sgp,20210131,2.80000000000004
sgp,20210228,66.4
sgp,20210331,105.8
sgp,20210430,254.6
sgp,20210531,325.6
sgp,20210630,384.8
sgp,20210731,454.6
sgp,20210831,540.4
sgp,20210930,759.6
svk,20200308,-595.8
svk,20200315,-580.5
svk,20200322,-478.2
svk,20200329,-480.5
svk,20200405,-420.4
svk,20200412,-467.9
svk,20200419,-520.6
svk,20200426,-557.3
svk,20200503,-571.4
svk,20200510,-525.7
svk,20200517,-495.8
svk,20200524,-508.3
svk,20200531,-553.8
svk,20200607,-517.9
svk,20200614,-514.0
svk,20200621,-575.1
svk,20200628,-569.6
svk,20200705,-529.9
svk,20200712,-503.8
svk,20200719,-509.1
svk,20200726,-580.4
svk,20200802,-576.3
svk,20200809,-480.4
svk,20200816,-483.1
svk,20200823,-462.8
svk,20200830,-398.9
svk,20200906,-380.4
svk,20200913,-300.9
svk,20200920,-321.0
svk,20200927,-275.1
svk,20201004,-134.4
svk,20201011,-51.7
svk,20201018,137.0
svk,20201025,427.3
svk,20201101,784.6
svk,20201108,1209.9
svk,20201115,1610.4
svk,20201122,1968.1
svk,20201129,2380.0
svk,20201206,2856.9
svk,20201213,3393.4
svk,20201220,3917.5
svk,20201227,4612.8
svk,20210103,5592.1
svk,20210110,6517.4
svk,20210117,7478.7
svk,20210124,8268.8
svk,20210131,9074.5
svk,20210207,9834.6
svk,20210214,10717.3
svk,20210221,11531.0
svk,20210228,12298.1
svk,20210307,12967.6
svk,20210314,13600.3
svk,20210321,14171.6
svk,20210328,14670.9
svk,20210404,15080.6
svk,20210411,15394.7
svk,20210418,15654.2
svk,20210425,15897.5
svk,20210502,16050.8
svk,20210509,16192.7
svk,20210516,16359.4
svk,20210523,16409.3
svk,20210530,16402.8
svk,20210606,16443.3
svk,20210613,16511.2
svk,20210620,16581.1
svk,20210627,16713.0
svk,20210704,16748.5
svk,20210711,16798.2
svk,20210718,16850.3
svk,20210725,16790.0
svk,20210801,16786.7
svk,20210808,16756.8
svk,20210815,16756.7
svk,20210822,16801.0
svk,20210829,16751.3
svk,20210905,16780.2
svk,20210912,16866.7
svk,20210919,17050.2
svk,20210926,17207.1
svk,20211003,17286.0
svk,20211010,17462.7
svk,20211017,17623.4
svk,20211024,17880.1
svk,20211031,18174.4
svn,20200202,-187.9
svn,20200209,-211.6
svn,20200216,-185.3
svn,20200223,-211.4
svn,20200301,-253.7
svn,20200308,-251.4
svn,20200315,-267.5
svn,20200322,-256.6
svn,20200329,-305.5
svn,20200405,-337.6
svn,20200412,-296.1
svn,20200419,-276.0
svn,20200426,-277.3
svn,20200503,-299.2
svn,20200510,-292.5
svn,20200517,-307.0
svn,20200524,-269.3
svn,20200531,-302.6
svn,20200607,-317.7
svn,20200614,-294.0
svn,20200621,-279.1
svn,20200628,-210.0
svn,20200705,-206.9
svn,20200712,-236.6
svn,20200719,-252.7
svn,20200726,-264.2
svn,20200802,-237.1
svn,20200809,-230.4
svn,20200816,-204.9
svn,20200823,-224.8
svn,20200830,-256.5
svn,20200906,-235.6
svn,20200913,-214.5
svn,20200920,-168.4
svn,20200927,-178.5
svn,20201004,-155.6
svn,20201011,-136.1
svn,20201018,-80.6
svn,20201025,37.1
svn,20201101,246.4
svn,20201108,483.5
svn,20201115,819.6
svn,20201122,1164.7
svn,20201129,1570.6
svn,20201206,1956.7
svn,20201213,2319.8
svn,20201220,2616.5
svn,20201227,2878.4
svn,20210103,3113.3
svn,20210110,3261.0
svn,20210117,3415.1
svn,20210124,3525.6
svn,20210131,3564.5
svn,20210207,3589.4
svn,20210214,3550.7
svn,20210221,3502.0
svn,20210228,3504.9
svn,20210307,3473.6
svn,20210314,3492.9
svn,20210321,3480.8
svn,20210328,3469.7
svn,20210404,3468.8
svn,20210411,3458.7
svn,20210418,3497.2
svn,20210425,3541.3
svn,20210502,3530.0
svn,20210509,3541.1
svn,20210516,3567.8
svn,20210523,3606.3
svn,20210530,3629.0
svn,20210606,3676.7
svn,20210613,3702.6
svn,20210620,3744.3
svn,20210627,3764.2
svn,20210704,3804.3
svn,20210711,3777.4
svn,20210718,3752.7
svn,20210725,3711.6
svn,20210801,3700.1
svn,20210808,3664.2
svn,20210815,3651.9
svn,20210822,3610.4
svn,20210829,3564.5
svn,20210905,3585.8
svn,20210912,3651.7
svn,20210919,3682.8
svn,20210926,3727.9
svn,20211003,3789.8
svn,20211010,3801.7
svn,20211017,3846.2
zaf,20200209,1573.2
zaf,20200216,1851.5
zaf,20200223,2211.0
zaf,20200301,1831.9
zaf,20200308,2326.8
zaf,20200315,2605.3
zaf,20200322,2710.8
zaf,20200329,2358.5
zaf,20200405,1459.6
zaf,20200412,792.9
zaf,20200419,19.6
zaf,20200426,-1191.3
zaf,20200503,-2890.6
zaf,20200510,-4124.5
zaf,20200517,-5309.0
zaf,20200524,-6174.7
zaf,20200531,-7192.6
zaf,20200607,-8171.7
zaf,20200614,-8671.2
zaf,20200621,-7604.9
zaf,20200628,-6026.2
zaf,20200705,-3682.5
zaf,20200712,491.0
zaf,20200719,6334.9
zaf,20200726,12327.6
zaf,20200802,16903.5
zaf,20200809,20166.6
zaf,20200816,22259.7
zaf,20200823,24207.0
zaf,20200830,25341.1
zaf,20200906,26022.2
zaf,20200913,26327.7
zaf,20200920,26259.4
zaf,20200927,26544.9
zaf,20201004,26099.6
zaf,20201011,26757.1
zaf,20201018,27777.8
zaf,20201025,28652.5
zaf,20201101,29020.6
zaf,20201108,29794.7
zaf,20201115,31218.0
zaf,20201122,32660.5
zaf,20201129,33300.4
zaf,20201206,35160.3
zaf,20201213,38361.0
zaf,20201220,42432.7
zaf,20201227,49764.8
zaf,20210103,59798.9
zaf,20210110,73111.0
zaf,20210117,88791.5
zaf,20210124,101543.6
zaf,20210131,108457.3
zaf,20210207,113054.2
zaf,20210214,115897.1
zaf,20210221,118333.4
zaf,20210228,120095.9
zaf,20210307,121659.8
zaf,20210314,123234.7
zaf,20210321,124280.2
zaf,20210328,125441.7
zaf,20210404,126663.4
zaf,20210411,127836.5
zaf,20210418,129214.8
zaf,20210425,130459.5
zaf,20210502,131742.6
zaf,20210509,133027.3
zaf,20210516,134563.4
zaf,20210523,136080.9
zaf,20210530,138215.2
zaf,20210606,140932.3
zaf,20210613,143777.2
zaf,20210620,146203.7
zaf,20210627,150582.0
zaf,20210704,156508.7
zaf,20210711,163749.4
zaf,20210718,174016.9
zaf,20210725,183527.8
zaf,20210801,192016.5
zaf,20210808,198366.4
zaf,20210815,203065.5
zaf,20210822,208174.6
zaf,20210829,212590.9
zaf,20210905,216830.0
zaf,20210912,219789.1
zaf,20210919,221763.6
zaf,20210926,223462.3
zaf,20211003,224624.8
zaf,20211010,225361.5
zaf,20211017,226491.0
zaf,20211024,227342.7
zaf,20211031,227748.4
zaf,20211107,228727.5
zaf,20211114,229895.6
zaf,20211121,230542.9
zaf,20211128,230754.4
kor,20200126,43.4
kor,20200202,139.2
kor,20200209,392.4
kor,20200216,374.2
kor,20200223,119.8
kor,20200301,-62.0
kor,20200308,-222.6
kor,20200315,-329.0
kor,20200322,-427.2
kor,20200329,-638.0
kor,20200405,-914.2
kor,20200412,-811.6
kor,20200419,-907.6
kor,20200426,-1018.8
kor,20200503,-826.2
kor,20200510,-974.2
kor,20200517,-1234.2
kor,20200524,-1330.8
kor,20200531,-1577.0
kor,20200607,-1451.8
kor,20200614,-1361.6
kor,20200621,-1415.8
kor,20200628,-1418.0
kor,20200705,-1414.0
kor,20200712,-1581.2
kor,20200719,-1513.4
kor,20200726,-1488.0
kor,20200802,-1573.8
kor,20200809,-1724.2
kor,20200816,-1461.2
kor,20200823,-975.2
kor,20200830,-616.6
kor,20200906,-545.6
kor,20200913,-438.4
kor,20200920,-261.4
kor,20200927,-141.8
kor,20201004,-122.4
kor,20201011,81.4
kor,20201018,73.8
kor,20201025,248.6
kor,20201101,442.2
kor,20201108,588.6
kor,20201115,714.6
kor,20201122,755.8
kor,20201129,580.4
kor,20201206,754.6
kor,20201213,672.6
kor,20201220,382.0
kor,20201227,268.4
kor,20210103,171.8
kor,20210110,-39.8
kor,20210117,-176.0
kor,20210124,-410.0
kor,20210131,-918.8
kor,20210207,-1190.0
kor,20210214,-1608.8
kor,20210221,-1730.0
kor,20210228,-2059.4
kor,20210307,-2319.2
kor,20210314,-2351.8
kor,20210321,-2370.2
kor,20210328,-2434.4
kor,20210404,-2453.2
kor,20210411,-2559.4
kor,20210418,-2406.8
kor,20210425,-2438.8
kor,20210502,-2383.0
kor,20210509,-2339.4
kor,20210516,-2093.4
kor,20210523,-2239.4
kor,20210530,-2067.0
kor,20210606,-2064.2
kor,20210613,-1893.0
kor,20210620,-1721.8
kor,20210627,-1516.0
kor,20210704,-1280.2
kor,20210711,-1055.2
kor,20210718,-753.4
kor,20210725,-287.6
kor,20210801,172.8
kor,20210808,426.0
kor,20210815,623.6
kor,20210822,975.6
kor,20210829,1257.6
kor,20210905,1540.2
kor,20210912,1868.2
kor,20210919,2156.4
kor,20210926,2462.4
kor,20211003,2689.0
esp,20200202,-3085.8
esp,20200209,-3704.6
esp,20200216,-4507.8
esp,20200223,-5517.2
esp,20200301,-6322.8
esp,20200308,-6730.8
esp,20200315,-5822.6
esp,20200322,-1289.2
esp,20200329,10190.4
esp,20200405,22955.4
esp,20200412,32213.8
esp,20200419,37608.6
esp,20200426,40308.8
esp,20200503,41737.0
esp,20200510,42573.8
esp,20200517,42524.4
esp,20200524,42672.0
esp,20200531,42958.6
esp,20200607,42718.8
esp,20200614,42247.6
esp,20200621,41762.2
esp,20200628,41841.0
esp,20200705,41773.6
esp,20200712,41862.2
esp,20200719,41900.8
esp,20200726,42299.4
esp,20200802,43380.0
esp,20200809,44313.4
esp,20200816,45299.0
esp,20200823,46075.2
esp,20200830,46979.8
esp,20200906,47838.6
esp,20200913,49028.8
esp,20200920,50171.2
esp,20200927,51064.6
esp,20201004,52089.4
esp,20201011,53395.6
esp,20201018,54652.6
esp,20201025,56665.2
esp,20201101,58657.4
esp,20201108,61200.8
esp,20201115,63258.0
esp,20201122,64933.0
esp,20201129,66273.2
esp,20201206,67561.0
esp,20201213,68512.4
esp,20201220,68970.4
esp,20201227,68853.2
esp,20210103,69054.0
esp,20210110,69800.0
esp,20210117,71581.0
esp,20210124,74320.0
esp,20210131,77089.2
esp,20210207,78878.2
esp,20210214,79715.4
esp,20210221,79818.2
esp,20210228,79637.8
esp,20210307,79159.2
esp,20210314,78778.2
esp,20210321,78498.4
esp,20210328,78615.8
esp,20210404,78676.4
esp,20210411,78815.4
esp,20210418,78928.8
esp,20210425,79350.6
esp,20210502,79663.8
esp,20210509,80372.0
esp,20210516,80659.8
esp,20210523,80802.4
esp,20210530,80871.0
esp,20210606,81097.6
esp,20210613,81586.8
esp,20210620,82256.6
esp,20210627,82210.2
esp,20210704,82481.0
esp,20210711,82506.6
esp,20210718,82619.2
esp,20210725,83711.8
esp,20210801,84864.4
esp,20210808,86229.0
esp,20210815,87794.4
esp,20210822,89570.0
esp,20210829,90879.2
esp,20210905,91917.8
esp,20210912,93089.6
esp,20210919,93961.8
esp,20210926,94588.2
esp,20211003,95116.6
esp,20211010,95634.4
esp,20211017,95800.6
esp,20211024,95857.6
swe,20200202,-408.1
swe,20200209,-545.0
swe,20200216,-623.1
swe,20200223,-812.2
swe,20200301,-987.2
swe,20200308,-1053.9
swe,20200315,-1201.4
swe,20200322,-1112.1
swe,20200329,-870.0
swe,20200405,-265.2
swe,20200412,582.6
swe,20200419,1372.2
swe,20200426,1971.6
swe,20200503,2592.3
swe,20200510,3171.7
swe,20200517,3623.3
swe,20200524,4013.5
swe,20200531,4140.3
swe,20200607,4381.7
swe,20200614,4605.1
swe,20200621,4766.1
swe,20200628,4908.7
swe,20200705,4925.2
swe,20200712,4962.0
swe,20200719,4934.8
swe,20200726,4945.6
swe,20200802,4939.4
swe,20200809,5002.1
swe,20200816,5012.8
swe,20200823,5073.3
swe,20200830,4993.6
swe,20200906,4964.8
swe,20200913,4967.5
swe,20200920,4938.0
swe,20200927,4934.3
swe,20201004,4871.2
swe,20201011,4796.6
swe,20201018,4814.6
swe,20201025,4747.4
swe,20201101,4771.9
swe,20201108,4804.9
swe,20201115,5006.1
swe,20201122,5352.9
swe,20201129,5596.7
swe,20201206,5986.7
swe,20201213,6379.9
swe,20201220,6907.1
swe,20201227,7421.1
swe,20210103,7995.8
swe,20210110,8366.3
swe,20210117,8740.0
swe,20210124,9075.9
swe,20210131,9257.6
swe,20210207,9256.3
swe,20210214,9260.6
swe,20210221,9202.7
swe,20210228,9049.8
swe,20210307,8759.9
swe,20210314,8679.0
swe,20210321,8491.3
swe,20210328,8438.4
swe,20210404,8312.5
swe,20210411,8237.8
swe,20210418,8174.1
swe,20210425,8126.2
swe,20210502,8073.9
swe,20210509,8131.4
swe,20210516,8181.9
swe,20210523,8185.6
swe,20210530,8164.9
swe,20210606,8142.6
swe,20210613,8140.1
swe,20210620,8108.6
swe,20210627,8089.7
swe,20210704,8042.4
swe,20210711,8022.4
swe,20210718,8036.2
swe,20210725,8004.0
swe,20210801,8056.3
swe,20210808,7973.7
swe,20210815,8049.9
swe,20210822,8085.1
swe,20210829,8124.1
swe,20210905,8135.0
swe,20210912,8201.4
swe,20210919,8335.0
swe,20210926,8419.4
swe,20211003,8524.2
swe,20211010,8521.6
swe,20211017,8540.4
swe,20211024,8619.8
swe,20211031,8655.0
swe,20211107,8745.8
swe,20211114,8808.2
che,20200301,-1083.4
che,20200308,-1187.0
che,20200315,-1192.8
che,20200322,-1016.0
che,20200329,-682.4
che,20200405,-116.6
che,20200412,281.8
che,20200419,616.2
che,20200426,781.2
che,20200503,790.0
che,20200510,764.6
che,20200517,730.2
che,20200524,699.6
che,20200531,632.4
che,20200607,627.6
che,20200614,627.8
che,20200621,589.4
che,20200628,564.2
che,20200705,539.8
che,20200712,518.0
che,20200719,396.6
che,20200726,347.6
che,20200802,443.0
che,20200809,436.8
che,20200816,489.8
che,20200823,518.0
che,20200830,512.4
che,20200906,498.4
che,20200913,551.6
che,20200920,571.6
che,20200927,594.0
che,20201004,568.6
che,20201011,645.6
che,20201018,678.0
che,20201025,919.2
che,20201101,1350.6
che,20201108,2146.4
che,20201115,2997.0
che,20201122,3862.8
che,20201129,4634.8
che,20201206,5476.8
che,20201213,6352.2
che,20201220,7157.6
che,20201227,7874.0
che,20210103,8455.4
che,20210110,8867.4
che,20210117,9156.4
che,20210124,9411.0
che,20210131,9545.0
che,20210207,9495.6
che,20210214,9384.2
che,20210221,9159.2
che,20210228,8942.8
che,20210307,8684.0
che,20210314,8504.4
che,20210321,8324.6
che,20210328,8235.4
che,20210404,8175.0
che,20210411,8113.8
che,20210418,8112.2
che,20210425,8114.6
che,20210502,8170.6
che,20210509,8143.4
che,20210516,8188.0
che,20210523,8186.6
che,20210530,8167.0
che,20210606,8203.8
che,20210613,8133.0
che,20210620,8175.2
che,20210627,8172.8
che,20210704,8138.6
che,20210711,8092.2
che,20210718,8067.4
che,20210725,8042.0
che,20210801,7988.0
che,20210808,7957.4
che,20210815,8084.2
che,20210822,8138.2
che,20210829,8176.4
che,20210905,8306.8
che,20210912,8447.8
che,20210919,8564.0
che,20210926,8620.0
che,20211003,8669.4
che,20211010,8610.0
che,20211017,8631.0
che,20211024,8660.4
che,20211031,8723.6
che,20211107,8712.0
che,20211114,8785.8
che,20211121,8858.4
twn,20200131,-922.4
twn,20200229,602.6
twn,20200331,-900.2
twn,20200430,-1231.8
twn,20200531,-2578.6
twn,20200630,-2908.0
twn,20200731,-3446.6
twn,20200831,-4878.2
twn,20200930,-4742.4
twn,20201031,-6122.2
twn,20201130,-6157.4
twn,20201231,-5737.8
twn,20210131,-5001.2
twn,20210228,-4831.2
twn,20210331,-5979.0
twn,20210430,-6457.6
twn,20210531,-5968.4
twn,20210630,-3551.8
twn,20210731,-3100.4
twn,20210831,-2881.0
twn,20210930,-2727.2
twn,20211031,-3234.0
tha,20200131,2428.4
tha,20200229,2473.6
tha,20200331,5278.0
tha,20200430,2098.6
tha,20200531,-142.6
tha,20200630,858.4
tha,20200731,-52.9999999999997
tha,20200831,-677.6
tha,20200930,-1330.0
tha,20201031,-3000.0
tha,20201130,-440.6
tha,20201231,3376.0
tha,20210131,5364.4
tha,20210228,3879.6
tha,20210331,9128.0
tha,20210430,8326.6
tha,20210531,11798.4
tha,20210630,16842.4
tha,20210731,25058.0
tha,20210831,40559.4
tha,20210930,48675.0
tha,20211031,51813.0
tha,20211130,59719.4
tun,20200331,-604.1
tun,20200430,-1131.8
tun,20200531,-1657.3
tun,20200630,-2002.2
tun,20200731,-2502.1
tun,20200831,-2357.4
tun,20200930,-2220.9
tun,20201031,-147.0
tun,20201130,1534.3
tun,20201231,3226.8
tun,20210131,5055.1
tun,20210228,4576.6
tun,20210331,4080.7
tun,20210430,5836.0
ukr,20200331,-6728.0
ukr,20200430,-9025.8
ukr,20200531,-14858.4
ukr,20200630,-12190.0
ukr,20200731,-10234.2
ukr,20200831,-9872.6
ukr,20200930,-3347.8
ukr,20201031,6440.2
ukr,20201130,21886.0
ukr,20201231,39567.8
ukr,20210131,40727.8
ukr,20210228,44390.2
ukr,20210331,57825.8
ukr,20210430,77926.0
ukr,20210531,84706.4
ukr,20210630,89408.8
ukr,20210731,90918.6
ukr,20210831,90810.2
ukr,20210930,97388.0
gbr,20200202,-1956.3
gbr,20200209,-2995.2
gbr,20200216,-3845.7
gbr,20200223,-4760.6
gbr,20200301,-5170.9
gbr,20200308,-5888.2
gbr,20200315,-6099.5
gbr,20200322,-6056.0
gbr,20200329,-5161.3
gbr,20200405,1659.0
gbr,20200412,10605.7
gbr,20200419,23383.0
gbr,20200426,35777.7
gbr,20200503,44459.2
gbr,20200510,47936.9
gbr,20200517,52714.8
gbr,20200524,55211.7
gbr,20200531,56968.2
gbr,20200607,57686.7
gbr,20200614,58222.8
gbr,20200621,58154.9
gbr,20200628,57769.6
gbr,20200705,57635.5
gbr,20200712,57003.4
gbr,20200719,56677.3
gbr,20200726,56462.2
gbr,20200802,56353.5
gbr,20200809,56164.0
gbr,20200816,56353.1
gbr,20200823,56846.2
gbr,20200830,57675.7
gbr,20200906,56204.4
gbr,20200913,56706.3
gbr,20200920,56891.6
gbr,20200927,57009.5
gbr,20201004,57525.0
gbr,20201011,57648.9
gbr,20201018,58307.6
gbr,20201025,59466.7
gbr,20201101,60667.6
gbr,20201108,62324.5
gbr,20201115,64456.0
gbr,20201122,66864.3
gbr,20201129,69133.2
gbr,20201206,70898.7
gbr,20201213,72451.2
gbr,20201220,73887.9
gbr,20201227,77627.6
gbr,20210103,79912.3
gbr,20210110,86256.2
gbr,20210117,90444.5
gbr,20210124,96104.8
gbr,20210131,102072.9
gbr,20210207,107331.0
gbr,20210214,110908.1
gbr,20210221,113224.6
gbr,20210228,114300.7
gbr,20210307,114672.4
gbr,20210314,114014.1
gbr,20210321,112941.8
gbr,20210328,112321.3
gbr,20210404,110169.0
gbr,20210411,108825.3
gbr,20210418,107317.0
gbr,20210425,106761.3
gbr,20210502,105876.0
gbr,20210509,103709.5
gbr,20210516,104325.2
gbr,20210523,103934.1
gbr,20210530,103583.0
gbr,20210606,103186.5
gbr,20210613,103418.0
gbr,20210620,103478.1
gbr,20210627,102780.2
gbr,20210704,102287.9
gbr,20210711,102878.8
gbr,20210718,103359.7
gbr,20210725,104113.6
gbr,20210801,105321.5
gbr,20210808,106552.8
gbr,20210815,107929.3
gbr,20210822,109047.4
gbr,20210829,110246.5
gbr,20210905,111028.0
gbr,20210912,113075.7
gbr,20210919,115043.6
gbr,20210926,116695.9
gbr,20211003,118068.8
gbr,20211010,119620.3
gbr,20211017,121229.2
gbr,20211024,122885.9
gbr,20211031,124377.0
gbr,20211107,126279.9
gbr,20211114,128278.8
gbr,20211121,130167.3
usa,20200126,-8988.0
usa,20200202,-10607.0
usa,20200209,-11733.8
usa,20200216,-13180.4
usa,20200223,-13825.0
usa,20200301,-13792.6
usa,20200308,-13541.2
usa,20200315,-13286.4
usa,20200322,-12123.2
usa,20200329,-6419.8
usa,20200405,8646.6
usa,20200412,30906.4
usa,20200419,52016.0
usa,20200426,70849.4
usa,20200503,85055.2
usa,20200510,97596.4
usa,20200517,108345.2
usa,20200524,116348.8
usa,20200531,122782.2
usa,20200607,127992.0
usa,20200614,132798.4
usa,20200621,137700.6
usa,20200628,143243.8
usa,20200705,149886.4
usa,20200712,158979.2
usa,20200719,169646.8
usa,20200726,181502.6
usa,20200802,193289.6
usa,20200809,204380.2
usa,20200816,215637.6
usa,20200823,225950.8
usa,20200830,234420.8
usa,20200906,241824.0
usa,20200913,248384.2
usa,20200920,254923.4
usa,20200927,262256.4
usa,20201004,267707.6
usa,20201011,275300.0
usa,20201018,281101.2
usa,20201025,288301.4
usa,20201101,296395.8
usa,20201108,308349.2
usa,20201115,320781.4
usa,20201122,336038.0
usa,20201129,352465.6
usa,20201206,371863.8
usa,20201213,395449.8
usa,20201220,419192.8
usa,20201227,443880.2
usa,20210103,471219.6
usa,20210110,495422.6
usa,20210117,519630.0
usa,20210124,541586.2
usa,20210131,559945.6
usa,20210207,575971.6
usa,20210214,586874.8
usa,20210221,596116.2
usa,20210228,603267.6
usa,20210307,607625.0
usa,20210314,609995.4
usa,20210321,611898.2
usa,20210328,614583.4
usa,20210404,615895.8
usa,20210411,619609.2
usa,20210418,621859.0
usa,20210425,626352.6
usa,20210502,631026.0
usa,20210509,634816.8
usa,20210516,638881.0
usa,20210523,643753.8
usa,20210530,647268.4
usa,20210606,651280.8
usa,20210613,654373.6
usa,20210620,658237.0
usa,20210627,661903.2
usa,20210704,666082.4
usa,20210711,669478.0
usa,20210718,673122.8
usa,20210725,678384.4
usa,20210801,685596.2
usa,20210808,695657.2
usa,20210815,708763.8
usa,20210822,724911.2
usa,20210829,743172.4
usa,20210905,762006.4
usa,20210912,780424.6
usa,20210919,798130.8
usa,20210926,814350.0
usa,20211003,828918.0
usa,20211010,840035.2
usa,20211017,849097.6
usa,20211024,856446.8
ury,20200331,-121.4
ury,20200430,-193.6
ury,20200531,-457.8
ury,20200630,-1067.8
ury,20200731,-1480.2
ury,20200831,-1930.8
ury,20200930,-2196.6
ury,20201031,-2361.0
ury,20201130,-2455.0
ury,20201231,-2292.4
ury,20210131,-1820.8
ury,20210228,-2319.4
ury,20210331,-1855.8
ury,20210430,28.0
ury,20210531,1853.8
ury,20210630,2973.8
ury,20210731,3101.4
uzb,20200331,65.9999999999999
uzb,20200430,-1468.8
uzb,20200531,-2700.0
uzb,20200630,-1204.8
uzb,20200731,2278.6
uzb,20200831,10602.0
uzb,20200930,12776.0
uzb,20201031,16357.4
uzb,20201130,17601.2
uzb,20201231,18673.0
uzb,20210131,20285.4
uzb,20210228,21491.2
uzb,20210331,21503.0
uzb,20210430,20787.2
uzb,20210531,20204.0
uzb,20210630,22541.2
uzb,20210731,26137.6
uzb,20210831,31213.0
uzb,20210930,37684.0
